%CPU %MEM ARGS Sat Sep 26 19:58:49 UTC 2026
 0.0  0.0 ./cli kernel images/4096x40   1  1412
 0.0  0.0 grep --color=auto ./cli       0  2152
 0.0  0.0 ./cli kernel images/4096x40   0  1408
  PID User     Command                         Swap      USS      PSS      RSS 
 6844 codespace ./cli kernel images/4096x40        0      676      715     1936 
 6848 codespace ./cli kernel images/4096x40        0      704      744     1932 
 6842 codespace ./cli kernel images/4096x40        0      720      759     1972 
 6846 codespace ./cli kernel images/4096x40        0      932      975     2240 
 6839 codespace ./cli kernel images/4096x40        0      940      979     2208 
 6835 codespace /usr/bin/python3 /usr/bin/s        0    11916    12108    14400 
%CPU %MEM ARGS Sat Sep 26 19:58:49 UTC 2026
 0.0  0.0 grep --color=auto ./cli       0  2184
20.2  0.0 ./cli kernel images/4096x40   1  2504
20.8  0.0 ./cli kernel images/4096x40   1  2468
22.0  0.0 ./cli kernel images/4096x40   1  2456
24.0  0.0 ./cli kernel images/4096x40   0  2792
44.2  0.0 ./cli kernel images/4096x40   0  3768
  PID User     Command                         Swap      USS      PSS      RSS 
 6844 codespace ./cli kernel images/4096x40        0     1624     1660     2884 
 6848 codespace ./cli kernel images/4096x40        0     1644     1679     2872 
 6842 codespace ./cli kernel images/4096x40        0     1748     1783     3000 
 6839 codespace ./cli kernel images/4096x40        0     2044     2080     3312 
 6846 codespace ./cli kernel images/4096x40        0     2984     3020     4292 
 6852 codespace /usr/bin/python3 /usr/bin/s        0    12064    12234    14480 
%CPU %MEM ARGS Sat Sep 26 19:58:50 UTC 2026
 0.0  0.0 grep --color=auto ./cli       1  2340
20.6  0.0 ./cli kernel images/4096x40   0  3288
20.7  0.0 ./cli kernel images/4096x40   0  3356
21.2  0.0 ./cli kernel images/4096x40   0  3480
24.8  0.0 ./cli kernel images/4096x40   0  3804
35.9  0.0 ./cli kernel images/4096x40   1  4900
  PID User     Command                         Swap      USS      PSS      RSS 
 6848 codespace ./cli kernel images/4096x40        0     2384     2420     3612 
 6844 codespace ./cli kernel images/4096x40        0     2408     2443     3668 
 6842 codespace ./cli kernel images/4096x40        0     2528     2563     3780 
 6839 codespace ./cli kernel images/4096x40        0     2848     2883     4116 
 6846 codespace ./cli kernel images/4096x40        0     4092     4130     5400 
 6876 codespace /usr/bin/python3 /usr/bin/s        0    12080    12276    14596 
%CPU %MEM ARGS Sat Sep 26 19:58:50 UTC 2026
 0.0  0.0 grep --color=auto ./cli       1  2152
21.9  0.0 ./cli kernel images/4096x40   0  4244
22.2  0.0 ./cli kernel images/4096x40   0  4356
22.4  0.0 ./cli kernel images/4096x40   1  4240
27.6  0.0 ./cli kernel images/4096x40   1  5112
34.6  0.0 ./cli kernel images/4096x40   0  5956
  PID User     Command                         Swap      USS      PSS      RSS 
 6844 codespace ./cli kernel images/4096x40        0     3340     3375     4600 
 6848 codespace ./cli kernel images/4096x40        0     3380     3415     4608 
 6842 codespace ./cli kernel images/4096x40        0     3452     3487     4704 
 6839 codespace ./cli kernel images/4096x40        0     4340     4375     5608 
 6846 codespace ./cli kernel images/4096x40        0     5016     5054     6324 
 6888 codespace /usr/bin/python3 /usr/bin/s        0    12060    12226    14476 
%CPU %MEM ARGS Sat Sep 26 19:58:51 UTC 2026
 0.0  0.0 grep --color=auto ./cli       1  2172
22.5  0.0 ./cli kernel images/4096x40   0  5240
22.7  0.0 ./cli kernel images/4096x40   0  5136
24.4  0.0 ./cli kernel images/4096x40   1  5436
28.7  0.0 ./cli kernel images/4096x40   0  6340
32.5  0.0 ./cli kernel images/4096x40   0  6864
  PID User     Command                         Swap      USS      PSS      RSS 
 6844 codespace ./cli kernel images/4096x40        0     4212     4251     5472 
 6842 codespace ./cli kernel images/4096x40        0     4308     4347     5560 
 6848 codespace ./cli kernel images/4096x40        0     4720     4760     5948 
 6839 codespace ./cli kernel images/4096x40        0     5400     5439     6668 
 6846 codespace ./cli kernel images/4096x40        0     5888     5931     7196 
 6912 codespace /usr/bin/python3 /usr/bin/s        0    12060    12238    14428 
%CPU %MEM ARGS Sat Sep 26 19:58:51 UTC 2026
 0.0  0.0 grep --color=auto ./cli       1  2300
23.1  0.0 ./cli kernel images/4096x40   1  6048
24.8  0.0 ./cli kernel images/4096x40   0  6452
25.3  0.0 ./cli kernel images/4096x40   0  6444
27.9  0.0 ./cli kernel images/4096x40   0  7192
31.0  0.0 ./cli kernel images/4096x40   0  7692
  PID User     Command                         Swap      USS      PSS      RSS 
 6844 codespace ./cli kernel images/4096x40        0     5304     5343     6564 
 6842 codespace ./cli kernel images/4096x40        0     5628     5667     6880 
 6848 codespace ./cli kernel images/4096x40        0     5652     5692     6880 
 6839 codespace ./cli kernel images/4096x40        0     6348     6387     7616 
 6846 codespace ./cli kernel images/4096x40        0     6812     6855     8120 
 6918 codespace /usr/bin/python3 /usr/bin/s        0    12076    12260    14492 
%CPU %MEM ARGS Sat Sep 26 19:58:52 UTC 2026
 0.0  0.0 grep --color=auto ./cli       1  2196
25.3  0.0 ./cli kernel images/4096x40   0  7448
26.0  0.0 ./cli kernel images/4096x40   1  7612
26.0  0.0 ./cli kernel images/4096x40   1  7516
27.9  0.1 ./cli kernel images/4096x40   0  8192
30.5  0.1 ./cli kernel images/4096x40   0  8688
  PID User     Command                         Swap      USS      PSS      RSS 
 6842 codespace ./cli kernel images/4096x40        0     6648     6683     7900 
 6848 codespace ./cli kernel images/4096x40        0     6728     6764     7956 
 6844 codespace ./cli kernel images/4096x40        0     6880     6915     8140 
 6839 codespace ./cli kernel images/4096x40        0     7376     7411     8644 
 6846 codespace ./cli kernel images/4096x40        0     7836     7875     9144 
 6923 codespace /usr/bin/python3 /usr/bin/s        0    12064    12232    14480 
%CPU %MEM ARGS Sat Sep 26 19:58:52 UTC 2026
 0.0  0.0 grep --color=auto ./cli       0  2248
24.8  0.1 ./cli kernel images/4096x40   0  8376
25.2  0.1 ./cli kernel images/4096x40   0  8416
27.4  0.1 ./cli kernel images/4096x40   0  9104
28.1  0.1 ./cli kernel images/4096x40   1  9232
29.3  0.1 ./cli kernel images/4096x40   0  9600
  PID User     Command                         Swap      USS      PSS      RSS 
 6842 codespace ./cli kernel images/4096x40        0     7720     7754     8972 
 6848 codespace ./cli kernel images/4096x40        0     7792     7826     9020 
 6839 codespace ./cli kernel images/4096x40        0     8432     8467     9700 
 6844 codespace ./cli kernel images/4096x40        0     8788     8823    10048 
 6846 codespace ./cli kernel images/4096x40        0     9024     9061    10332 
 6935 codespace /usr/bin/python3 /usr/bin/s        0    12068    12244    14588 
%CPU %MEM ARGS Sat Sep 26 19:58:53 UTC 2026
 0.0  0.0 grep --color=auto ./cli       1  2200
25.0  0.1 ./cli kernel images/4096x40   0  9656
25.3  0.1 ./cli kernel images/4096x40   0  9684
27.0  0.1 ./cli kernel images/4096x40   0 10412
29.1  0.1 ./cli kernel images/4096x40   1 10988
29.9  0.1 ./cli kernel images/4096x40   1 11276
  PID User     Command                         Swap      USS      PSS      RSS 
 6842 codespace ./cli kernel images/4096x40        0     9128     9163    10380 
 6848 codespace ./cli kernel images/4096x40        0     9200     9235    10428 
 6839 codespace ./cli kernel images/4096x40        0     9616     9651    10884 
 6844 codespace ./cli kernel images/4096x40        0    10244    10279    11504 
 6846 codespace ./cli kernel images/4096x40        0    10488    10526    11796 
 6963 codespace /usr/bin/python3 /usr/bin/s        0    12064    12231    14480 
%CPU %MEM ARGS Sat Sep 26 19:58:54 UTC 2026
 0.0  0.0 grep --color=auto ./cli       1  2164
26.1  0.1 ./cli kernel images/4096x40   0 11208
26.5  0.1 ./cli kernel images/4096x40   1 11252
26.9  0.1 ./cli kernel images/4096x40   0 11608
28.8  0.1 ./cli kernel images/4096x40   1 12228
29.5  0.1 ./cli kernel images/4096x40   1 12512
  PID User     Command                         Swap      USS      PSS      RSS 
 6848 codespace ./cli kernel images/4096x40        0    10632    10672    11860 
 6839 codespace ./cli kernel images/4096x40        0    10896    10935    12164 
 6842 codespace ./cli kernel images/4096x40        0    11184    11223    12436 
 6844 codespace ./cli kernel images/4096x40        0    11480    11519    12740 
 6846 codespace ./cli kernel images/4096x40        0    11720    11763    13028 
 6968 codespace /usr/bin/python3 /usr/bin/s        0    12060    12243    14476 
%CPU %MEM ARGS Sat Sep 26 19:58:54 UTC 2026
 0.0  0.0 grep --color=auto ./cli       1  2152
26.3  0.1 ./cli kernel images/4096x40   1 12556
26.3  0.1 ./cli kernel images/4096x40   1 12812
27.8  0.1 ./cli kernel images/4096x40   0 13284
27.9  0.1 ./cli kernel images/4096x40   0 13320
28.8  0.1 ./cli kernel images/4096x40   1 13656
  PID User     Command                         Swap      USS      PSS      RSS 
 6848 codespace ./cli kernel images/4096x40        0    12000    12038    13228 
 7001 codespace /usr/bin/python3 /usr/bin/s        0    12012    12183    14484 
 6839 codespace ./cli kernel images/4096x40        0    12196    12235    13464 
 6842 codespace ./cli kernel images/4096x40        0    12628    12666    13880 
 6844 codespace ./cli kernel images/4096x40        0    12680    12719    13940 
 6846 codespace ./cli kernel images/4096x40        0    13032    13075    14340 
%CPU %MEM ARGS Sat Sep 26 19:58:55 UTC 2026
 0.0  0.0 grep --color=auto ./cli       0  2212
25.8  0.1 ./cli kernel images/4096x40   1 14096
26.3  0.1 ./cli kernel images/4096x40   1 14104
26.8  0.1 ./cli kernel images/4096x40   1 14496
27.6  0.1 ./cli kernel images/4096x40   0 14828
27.7  0.1 ./cli kernel images/4096x40   1 14916
  PID User     Command                         Swap      USS      PSS      RSS 
 7031 codespace /usr/bin/python3 /usr/bin/s        0    12080    12276    14620 
 6839 codespace ./cli kernel images/4096x40        0    13192    13231    14460 
 6848 codespace ./cli kernel images/4096x40        0    13280    13320    14508 
 6842 codespace ./cli kernel images/4096x40        0    13636    13675    14888 
 6846 codespace ./cli kernel images/4096x40        0    14048    14091    15356 
 6844 codespace ./cli kernel images/4096x40        0    14072    14111    15332 
%CPU %MEM ARGS Sat Sep 26 19:58:56 UTC 2026
 0.0  0.0 grep --color=auto ./cli       1  2212
25.9  0.1 ./cli kernel images/4096x40   1 15048
26.1  0.1 ./cli kernel images/4096x40   1 15236
26.5  0.1 ./cli kernel images/4096x40   1 15508
27.6  0.1 ./cli kernel images/4096x40   0 15984
27.7  0.1 ./cli kernel images/4096x40   1 15968
  PID User     Command                         Swap      USS      PSS      RSS 
 7037 codespace /usr/bin/python3 /usr/bin/s        0    12076    12270    14568 
 6848 codespace ./cli kernel images/4096x40        0    14404    14444    15632 
 6839 codespace ./cli kernel images/4096x40        0    14488    14527    15756 
 6842 codespace ./cli kernel images/4096x40        0    14824    14863    16076 
 6846 codespace ./cli kernel images/4096x40        0    15220    15263    16528 
 6844 codespace ./cli kernel images/4096x40        0    15540    15579    16800 
%CPU %MEM ARGS Sat Sep 26 19:58:56 UTC 2026
 0.0  0.0 grep --color=auto ./cli       0  2172
25.6  0.1 ./cli kernel images/4096x40   1 16220
25.8  0.2 ./cli kernel images/4096x40   0 16492
26.7  0.2 ./cli kernel images/4096x40   0 16912
27.1  0.2 ./cli kernel images/4096x40   1 17148
27.5  0.2 ./cli kernel images/4096x40   1 17436
  PID User     Command                         Swap      USS      PSS      RSS 
 7043 codespace /usr/bin/python3 /usr/bin/s        0    12056    12243    14512 
 6848 codespace ./cli kernel images/4096x40        0    15516    15556    16744 
 6839 codespace ./cli kernel images/4096x40        0    15772    15811    17040 
 6846 codespace ./cli kernel images/4096x40        0    16348    16391    17656 
 6842 codespace ./cli kernel images/4096x40        0    16392    16431    17644 
 6844 codespace ./cli kernel images/4096x40        0    16660    16699    17920 
%CPU %MEM ARGS Sat Sep 26 19:58:57 UTC 2026
 0.0  0.0 grep --color=auto ./cli       1  2208
25.4  0.2 ./cli kernel images/4096x40   1 17308
25.7  0.2 ./cli kernel images/4096x40   0 17724
26.7  0.2 ./cli kernel images/4096x40   0 18320
26.8  0.2 ./cli kernel images/4096x40   1 18236
27.2  0.2 ./cli kernel images/4096x40   1 18528
  PID User     Command                         Swap      USS      PSS      RSS 
 7052 codespace /usr/bin/python3 /usr/bin/s        0    12060    12215    14476 
 6839 codespace ./cli kernel images/4096x40        0    16900    16939    18168 
 6848 codespace ./cli kernel images/4096x40        0    17056    17092    18284 
 6846 codespace ./cli kernel images/4096x40        0    17388    17426    18696 
 6842 codespace ./cli kernel images/4096x40        0    17572    17608    18824 
 6844 codespace ./cli kernel images/4096x40        0    17704    17739    18964 
%CPU %MEM ARGS Sat Sep 26 19:58:58 UTC 2026
 0.0  0.0 grep --color=auto ./cli       1  2192
25.2  0.2 ./cli kernel images/4096x40   0 18820
26.0  0.2 ./cli kernel images/4096x40   1 19216
26.1  0.2 ./cli kernel images/4096x40   0 19420
26.1  0.2 ./cli kernel images/4096x40   0 19316
26.4  0.2 ./cli kernel images/4096x40   0 19588
  PID User     Command                         Swap      USS      PSS      RSS 
 7066 codespace /usr/bin/python3 /usr/bin/s        0    12064    12249    14480 
 6839 codespace ./cli kernel images/4096x40        0    17868    17908    19136 
 6846 codespace ./cli kernel images/4096x40        0    18348    18390    19656 
 6842 codespace ./cli kernel images/4096x40        0    18492    18531    19744 
 6848 codespace ./cli kernel images/4096x40        0    18500    18540    19728 
 6844 codespace ./cli kernel images/4096x40        0    18672    18711    19932 
%CPU %MEM ARGS Sat Sep 26 19:58:58 UTC 2026
 0.0  0.0 grep --color=auto ./cli       0  2304
25.1  0.2 ./cli kernel images/4096x40   0 19608
25.8  0.2 ./cli kernel images/4096x40   0 20104
25.9  0.2 ./cli kernel images/4096x40   0 20212
26.3  0.2 ./cli kernel images/4096x40   0 20392
27.1  0.2 ./cli kernel images/4096x40   1 20960
  PID User     Command                         Swap      USS      PSS      RSS 
 7072 codespace /usr/bin/python3 /usr/bin/s        0    12056    12248    14484 
 6839 codespace ./cli kernel images/4096x40        0    18704    18743    19972 
 6846 codespace ./cli kernel images/4096x40        0    19144    19186    20452 
 6842 codespace ./cli kernel images/4096x40        0    19332    19371    20584 
 6844 codespace ./cli kernel images/4096x40        0    19508    19547    20768 
 6848 codespace ./cli kernel images/4096x40        0    20240    20280    21468 
%CPU %MEM ARGS Sat Sep 26 19:58:59 UTC 2026
 0.0  0.0 grep --color=auto ./cli       0  2196
25.0  0.2 ./cli kernel images/4096x40   0 20448
25.8  0.2 ./cli kernel images/4096x40   0 20908
25.9  0.2 ./cli kernel images/4096x40   0 21048
26.3  0.2 ./cli kernel images/4096x40   0 21240
28.0  0.2 ./cli kernel images/4096x40   1 22536
  PID User     Command                         Swap      USS      PSS      RSS 
 7077 codespace /usr/bin/python3 /usr/bin/s        0    12060    12249    14540 
 6839 codespace ./cli kernel images/4096x40        0    19436    19476    20704 
 6846 codespace ./cli kernel images/4096x40        0    19888    19930    21196 
 6842 codespace ./cli kernel images/4096x40        0    20064    20103    21316 
 6844 codespace ./cli kernel images/4096x40        0    20248    20287    21508 
 6848 codespace ./cli kernel images/4096x40        0    21836    21876    23064 
%CPU %MEM ARGS Sat Sep 26 19:58:59 UTC 2026
 0.0  0.0 grep --color=auto ./cli       1  2344
25.2  0.2 ./cli kernel images/4096x40   0 21308
25.8  0.2 ./cli kernel images/4096x40   0 21764
26.1  0.2 ./cli kernel images/4096x40   1 22068
26.2  0.2 ./cli kernel images/4096x40   0 22096
28.8  0.2 ./cli kernel images/4096x40   1 24108
  PID User     Command                         Swap      USS      PSS      RSS 
 7083 codespace /usr/bin/python3 /usr/bin/s        0    12088    12296    14592 
 6839 codespace ./cli kernel images/4096x40        0    20556    20594    21824 
 6846 codespace ./cli kernel images/4096x40        0    21112    21150    22420 
 6842 codespace ./cli kernel images/4096x40        0    21304    21339    22556 
 6844 codespace ./cli kernel images/4096x40        0    21468    21503    22728 
 6848 codespace ./cli kernel images/4096x40        0    23400    23436    24628 
%CPU %MEM ARGS Sat Sep 26 19:59:00 UTC 2026
 0.0  0.0 grep --color=auto ./cli       1  2172
24.8  0.2 ./cli kernel images/4096x40   1 22440
25.8  0.2 ./cli kernel images/4096x40   1 23064
26.0  0.2 ./cli kernel images/4096x40   0 23296
26.2  0.2 ./cli kernel images/4096x40   1 23464
28.2  0.3 ./cli kernel images/4096x40   1 25204
  PID User     Command                         Swap      USS      PSS      RSS 
 7104 codespace /usr/bin/python3 /usr/bin/s        0    12060    12244    14476 
 6839 codespace ./cli kernel images/4096x40        0    21524    21563    22792 
 6846 codespace ./cli kernel images/4096x40        0    22172    22215    23480 
 6842 codespace ./cli kernel images/4096x40        0    22468    22507    23720 
 6844 codespace ./cli kernel images/4096x40        0    22616    22655    23876 
 6848 codespace ./cli kernel images/4096x40        0    24396    24436    25624 
%CPU %MEM ARGS Sat Sep 26 19:59:01 UTC 2026
 0.0  0.0 grep --color=auto ./cli       0  2296
24.6  0.2 ./cli kernel images/4096x40   1 23260
25.6  0.2 ./cli kernel images/4096x40   1 24060
25.8  0.2 ./cli kernel images/4096x40   0 24264
26.1  0.3 ./cli kernel images/4096x40   1 24456
27.9  0.3 ./cli kernel images/4096x40   0 26156
  PID User     Command                         Swap      USS      PSS      RSS 
 7116 codespace /usr/bin/python3 /usr/bin/s        0    12120    12314    14628 
 6839 codespace ./cli kernel images/4096x40        0    22496    22535    23764 
 6846 codespace ./cli kernel images/4096x40        0    23276    23318    24584 
 6842 codespace ./cli kernel images/4096x40        0    23480    23519    24732 
 6844 codespace ./cli kernel images/4096x40        0    23712    23751    24972 
 6848 codespace ./cli kernel images/4096x40        0    25548    25587    26776 
%CPU %MEM ARGS Sat Sep 26 19:59:01 UTC 2026
 0.0  0.0 grep --color=auto ./cli       1  2296
24.7  0.3 ./cli kernel images/4096x40   1 24532
25.5  0.3 ./cli kernel images/4096x40   1 25160
25.7  0.3 ./cli kernel images/4096x40   0 25384
25.9  0.3 ./cli kernel images/4096x40   1 25560
28.1  0.3 ./cli kernel images/4096x40   0 27648
  PID User     Command                         Swap      USS      PSS      RSS 
 7125 codespace /usr/bin/python3 /usr/bin/s        0    12060    12245    14476 
 6839 codespace ./cli kernel images/4096x40        0    23628    23667    24896 
 6846 codespace ./cli kernel images/4096x40        0    24168    24211    25476 
 6842 codespace ./cli kernel images/4096x40        0    24464    24503    25716 
 6844 codespace ./cli kernel images/4096x40        0    24640    24679    25900 
 6848 codespace ./cli kernel images/4096x40        0    26820    26860    28048 
%CPU %MEM ARGS Sat Sep 26 19:59:02 UTC 2026
 0.0  0.0 grep --color=auto ./cli       1  2180
24.6  0.3 ./cli kernel images/4096x40   1 25396
25.5  0.3 ./cli kernel images/4096x40   1 25972
25.7  0.3 ./cli kernel images/4096x40   0 26412
25.9  0.3 ./cli kernel images/4096x40   1 26412
28.3  0.3 ./cli kernel images/4096x40   0 28820
  PID User     Command                         Swap      USS      PSS      RSS 
 7131 codespace /usr/bin/python3 /usr/bin/s        0    12064    12220    14480 
 6839 codespace ./cli kernel images/4096x40        0    24496    24535    25764 
 6846 codespace ./cli kernel images/4096x40        0    25060    25099    26368 
 6844 codespace ./cli kernel images/4096x40        0    25520    25555    26780 
 6842 codespace ./cli kernel images/4096x40        0    25648    25683    26900 
 6848 codespace ./cli kernel images/4096x40        0    28012    28048    29240 
%CPU %MEM ARGS Sat Sep 26 19:59:02 UTC 2026
 0.0  0.0 grep --color=auto ./cli       0  2180
24.7  0.3 ./cli kernel images/4096x40   1 26324
25.4  0.3 ./cli kernel images/4096x40   1 26896
25.8  0.3 ./cli kernel images/4096x40   1 27392
26.0  0.3 ./cli kernel images/4096x40   0 27672
28.1  0.3 ./cli kernel images/4096x40   1 29752
  PID User     Command                         Swap      USS      PSS      RSS 
 7145 codespace /usr/bin/python3 /usr/bin/s        0    12060    12249    14536 
 6839 codespace ./cli kernel images/4096x40        0    25480    25520    26748 
 6846 codespace ./cli kernel images/4096x40        0    26024    26067    27332 
 6844 codespace ./cli kernel images/4096x40        0    26560    26599    27820 
 6842 codespace ./cli kernel images/4096x40        0    26928    26967    28180 
 6848 codespace ./cli kernel images/4096x40        0    29084    29124    30312 
%CPU %MEM ARGS Sat Sep 26 19:59:03 UTC 2026
 0.0  0.0 grep --color=auto ./cli       1  2160
24.7  0.3 ./cli kernel images/4096x40   0 27336
25.4  0.3 ./cli kernel images/4096x40   0 27908
25.8  0.3 ./cli kernel images/4096x40   0 28472
26.0  0.3 ./cli kernel images/4096x40   0 28752
28.4  0.3 ./cli kernel images/4096x40   1 31236
  PID User     Command                         Swap      USS      PSS      RSS 
 7153 codespace /usr/bin/python3 /usr/bin/s        0    12060    12245    14476 
 6839 codespace ./cli kernel images/4096x40        0    26540    26579    27808 
 6846 codespace ./cli kernel images/4096x40        0    27104    27147    28412 
 6844 codespace ./cli kernel images/4096x40        0    27704    27743    28964 
 6842 codespace ./cli kernel images/4096x40        0    28444    28483    29696 
 6848 codespace ./cli kernel images/4096x40        0    30492    30532    31720 
%CPU %MEM ARGS Sat Sep 26 19:59:03 UTC 2026
 0.0  0.0 grep --color=auto ./cli       1  2156
24.7  0.3 ./cli kernel images/4096x40   0 28424
25.4  0.3 ./cli kernel images/4096x40   0 28964
25.8  0.3 ./cli kernel images/4096x40   0 29548
26.8  0.3 ./cli kernel images/4096x40   1 30732
28.2  0.3 ./cli kernel images/4096x40   0 32304
  PID User     Command                         Swap      USS      PSS      RSS 
 7159 codespace /usr/bin/python3 /usr/bin/s        0    12060    12253    14520 
 6839 codespace ./cli kernel images/4096x40        0    27552    27591    28820 
 6846 codespace ./cli kernel images/4096x40        0    28096    28139    29404 
 6844 codespace ./cli kernel images/4096x40        0    28708    28747    29968 
 6842 codespace ./cli kernel images/4096x40        0    29876    29915    31128 
 6848 codespace ./cli kernel images/4096x40        0    31584    31624    32812 
%CPU %MEM ARGS Sat Sep 26 19:59:04 UTC 2026
 0.0  0.0 grep --color=auto ./cli       0  2280
24.7  0.3 ./cli kernel images/4096x40   0 29436
25.4  0.3 ./cli kernel images/4096x40   1 29972
25.8  0.3 ./cli kernel images/4096x40   1 30488
26.8  0.3 ./cli kernel images/4096x40   0 31728
28.5  0.4 ./cli kernel images/4096x40   1 33596
  PID User     Command                         Swap      USS      PSS      RSS 
 7164 codespace /usr/bin/python3 /usr/bin/s        0    12036    12223    14452 
 6839 codespace ./cli kernel images/4096x40        0    28664    28703    29932 
 6846 codespace ./cli kernel images/4096x40        0    29316    29358    30624 
 6844 codespace ./cli kernel images/4096x40        0    29868    29907    31128 
 6842 codespace ./cli kernel images/4096x40        0    30972    31011    32224 
 6848 codespace ./cli kernel images/4096x40        0    32892    32932    34120 
%CPU %MEM ARGS Sat Sep 26 19:59:05 UTC 2026
 0.0  0.0 grep --color=auto ./cli       1  2212
24.8  0.3 ./cli kernel images/4096x40   0 30532
25.6  0.3 ./cli kernel images/4096x40   1 31384
26.0  0.3 ./cli kernel images/4096x40   0 31800
26.7  0.4 ./cli kernel images/4096x40   0 32804
28.3  0.4 ./cli kernel images/4096x40   0 34668
  PID User     Command                         Swap      USS      PSS      RSS 
 7179 codespace /usr/bin/python3 /usr/bin/s        0    12072    12266    14568 
 6839 codespace ./cli kernel images/4096x40        0    29804    29844    31072 
 6846 codespace ./cli kernel images/4096x40        0    30904    30947    32212 
 6844 codespace ./cli kernel images/4096x40        0    31012    31051    32272 
 6842 codespace ./cli kernel images/4096x40        0    31984    32023    33236 
 6848 codespace ./cli kernel images/4096x40        0    33948    33988    35176 
%CPU %MEM ARGS Sat Sep 26 19:59:05 UTC 2026
 0.0  0.0 grep --color=auto ./cli       0  2288
24.5  0.3 ./cli kernel images/4096x40   1 31500
25.6  0.4 ./cli kernel images/4096x40   0 32636
25.6  0.4 ./cli kernel images/4096x40   1 32752
26.3  0.4 ./cli kernel images/4096x40   1 33652
28.2  0.4 ./cli kernel images/4096x40   1 35900
  PID User     Command                         Swap      USS      PSS      RSS 
 7198 codespace /usr/bin/python3 /usr/bin/s        0    12064    12227    14480 
 6839 codespace ./cli kernel images/4096x40        0    30712    30751    31980 
 6846 codespace ./cli kernel images/4096x40        0    31976    32017    33284 
 6844 codespace ./cli kernel images/4096x40        0    31996    32033    33256 
 6842 codespace ./cli kernel images/4096x40        0    33056    33093    34308 
 6848 codespace ./cli kernel images/4096x40        0    35212    35250    36440 
%CPU %MEM ARGS Sat Sep 26 19:59:06 UTC 2026
 0.0  0.0 grep --color=auto ./cli       1  2168
24.7  0.4 ./cli kernel images/4096x40   0 33128
25.4  0.4 ./cli kernel images/4096x40   1 33824
25.4  0.4 ./cli kernel images/4096x40   1 33836
26.1  0.4 ./cli kernel images/4096x40   1 34888
27.7  0.4 ./cli kernel images/4096x40   1 36996
  PID User     Command                         Swap      USS      PSS      RSS 
 7216 codespace /usr/bin/python3 /usr/bin/s        0    12060    12243    14476 
 6839 codespace ./cli kernel images/4096x40        0    32348    32387    33616 
 6846 codespace ./cli kernel images/4096x40        0    33060    33103    34368 
 6844 codespace ./cli kernel images/4096x40        0    33068    33107    34328 
 6842 codespace ./cli kernel images/4096x40        0    34256    34295    35508 
 6848 codespace ./cli kernel images/4096x40        0    37088    37128    38316 
%CPU %MEM ARGS Sat Sep 26 19:59:07 UTC 2026
 0.0  0.0 grep --color=auto ./cli       1  2296
24.6  0.4 ./cli kernel images/4096x40   1 34252
25.3  0.4 ./cli kernel images/4096x40   1 34908
25.3  0.4 ./cli kernel images/4096x40   1 34968
26.4  0.4 ./cli kernel images/4096x40   0 36468
28.2  0.4 ./cli kernel images/4096x40   1 38880
  PID User     Command                         Swap      USS      PSS      RSS 
 7225 codespace /usr/bin/python3 /usr/bin/s        0    12052    12243    14480 
 6839 codespace ./cli kernel images/4096x40        0    33468    33503    34736 
 6844 codespace ./cli kernel images/4096x40        0    34140    34179    35400 
 6846 codespace ./cli kernel images/4096x40        0    34168    34211    35476 
 6842 codespace ./cli kernel images/4096x40        0    36048    36083    37300 
 6848 codespace ./cli kernel images/4096x40        0    38184    38224    39412 
%CPU %MEM ARGS Sat Sep 26 19:59:07 UTC 2026
 0.0  0.0 grep --color=auto ./cli       0  2156
24.6  0.4 ./cli kernel images/4096x40   1 35388
25.2  0.4 ./cli kernel images/4096x40   1 36008
25.3  0.4 ./cli kernel images/4096x40   1 36080
26.7  0.4 ./cli kernel images/4096x40   1 38216
28.2  0.4 ./cli kernel images/4096x40   0 40212
  PID User     Command                         Swap      USS      PSS      RSS 
 7240 codespace /usr/bin/python3 /usr/bin/s        0    12084    12280    14592 
 6839 codespace ./cli kernel images/4096x40        0    34540    34579    35808 
 6844 codespace ./cli kernel images/4096x40        0    35268    35307    36528 
 6846 codespace ./cli kernel images/4096x40        0    35296    35339    36604 
 6842 codespace ./cli kernel images/4096x40        0    37464    37503    38716 
 6848 codespace ./cli kernel images/4096x40        0    39592    39632    40820 
%CPU %MEM ARGS Sat Sep 26 19:59:08 UTC 2026
 0.0  0.0 grep --color=auto ./cli       0  2180
24.7  0.4 ./cli kernel images/4096x40   1 36652
25.2  0.4 ./cli kernel images/4096x40   1 37160
25.3  0.4 ./cli kernel images/4096x40   1 37212
26.6  0.4 ./cli kernel images/4096x40   1 39360
28.4  0.5 ./cli kernel images/4096x40   0 41872
  PID User     Command                         Swap      USS      PSS      RSS 
 7245 codespace /usr/bin/python3 /usr/bin/s        0    12040    12236    14580 
 6839 codespace ./cli kernel images/4096x40        0    35704    35743    36972 
 6844 codespace ./cli kernel images/4096x40        0    36272    36311    37532 
 6846 codespace ./cli kernel images/4096x40        0    36316    36359    37624 
 6842 codespace ./cli kernel images/4096x40        0    38472    38511    39724 
 6848 codespace ./cli kernel images/4096x40        0    41196    41236    42424 
%CPU %MEM ARGS Sat Sep 26 19:59:08 UTC 2026
 0.0  0.0 grep --color=auto ./cli       0  2136
24.9  0.4 ./cli kernel images/4096x40   0 37940
25.3  0.4 ./cli kernel images/4096x40   0 38296
25.4  0.4 ./cli kernel images/4096x40   0 38388
26.7  0.4 ./cli kernel images/4096x40   1 40628
28.7  0.5 ./cli kernel images/4096x40   1 43508
  PID User     Command                         Swap      USS      PSS      RSS 
 7251 codespace /usr/bin/python3 /usr/bin/s        0    12076    12263    14512 
 6839 codespace ./cli kernel images/4096x40        0    37120    37159    38388 
 6844 codespace ./cli kernel images/4096x40        0    37508    37547    38768 
 6846 codespace ./cli kernel images/4096x40        0    37564    37606    38872 
 6842 codespace ./cli kernel images/4096x40        0    39820    39859    41072 
 6848 codespace ./cli kernel images/4096x40        0    43056    43095    44284 
%CPU %MEM ARGS Sat Sep 26 19:59:09 UTC 2026
 0.0  0.0 grep --color=auto ./cli       1  2168
25.1  0.4 ./cli kernel images/4096x40   0 39344
25.1  0.4 ./cli kernel images/4096x40   1 39288
25.2  0.4 ./cli kernel images/4096x40   1 39372
26.6  0.5 ./cli kernel images/4096x40   1 41640
28.7  0.5 ./cli kernel images/4096x40   1 44800
  PID User     Command                         Swap      USS      PSS      RSS 
 7263 codespace /usr/bin/python3 /usr/bin/s        0    12060    12265    14620 
 6846 codespace ./cli kernel images/4096x40        0    38584    38627    39892 
 6839 codespace ./cli kernel images/4096x40        0    38632    38671    39900 
 6844 codespace ./cli kernel images/4096x40        0    38868    38907    40128 
 6842 codespace ./cli kernel images/4096x40        0    40856    40895    42108 
 6848 codespace ./cli kernel images/4096x40        0    44096    44136    45324 
%CPU %MEM ARGS Sat Sep 26 19:59:10 UTC 2026
 0.0  0.0 grep --color=auto ./cli       0  2300
25.1  0.4 ./cli kernel images/4096x40   1 40588
25.2  0.4 ./cli kernel images/4096x40   1 40504
25.6  0.5 ./cli kernel images/4096x40   0 41320
26.6  0.5 ./cli kernel images/4096x40   1 42896
28.5  0.5 ./cli kernel images/4096x40   1 45940
  PID User     Command                         Swap      USS      PSS      RSS 
 7274 codespace /usr/bin/python3 /usr/bin/s        0    12060    12245    14476 
 6846 codespace ./cli kernel images/4096x40        0    39672    39715    40980 
 6839 codespace ./cli kernel images/4096x40        0    39744    39783    41012 
 6844 codespace ./cli kernel images/4096x40        0    40596    40635    41856 
 6842 codespace ./cli kernel images/4096x40        0    42224    42263    43476 
 6848 codespace ./cli kernel images/4096x40        0    45368    45408    46596 
%CPU %MEM ARGS Sat Sep 26 19:59:10 UTC 2026
 0.0  0.0 grep --color=auto ./cli       1  2292
25.1  0.5 ./cli kernel images/4096x40   0 41760
25.2  0.5 ./cli kernel images/4096x40   1 41576
25.6  0.5 ./cli kernel images/4096x40   1 42484
26.6  0.5 ./cli kernel images/4096x40   1 44244
28.6  0.5 ./cli kernel images/4096x40   1 47304
  PID User     Command                         Swap      USS      PSS      RSS 
 7280 codespace /usr/bin/python3 /usr/bin/s        0    12004    12196    14452 
 6846 codespace ./cli kernel images/4096x40        0    40716    40759    42024 
 6839 codespace ./cli kernel images/4096x40        0    40996    41036    42264 
 6844 codespace ./cli kernel images/4096x40        0    41636    41675    42896 
 6842 codespace ./cli kernel images/4096x40        0    43380    43419    44632 
 6848 codespace ./cli kernel images/4096x40        0    46452    46492    47680 
%CPU %MEM ARGS Sat Sep 26 19:59:11 UTC 2026
 0.0  0.0 grep --color=auto ./cli       1  2180
25.2  0.5 ./cli kernel images/4096x40   0 42528
25.6  0.5 ./cli kernel images/4096x40   0 43500
25.7  0.5 ./cli kernel images/4096x40   1 43544
26.7  0.5 ./cli kernel images/4096x40   1 45284
28.5  0.5 ./cli kernel images/4096x40   0 48236
  PID User     Command                         Swap      USS      PSS      RSS 
 7285 codespace /usr/bin/python3 /usr/bin/s        0    12060    12227    14544 
 6846 codespace ./cli kernel images/4096x40        0    41672    41713    42980 
 6839 codespace ./cli kernel images/4096x40        0    42684    42723    43952 
 6844 codespace ./cli kernel images/4096x40        0    42768    42805    44028 
 6842 codespace ./cli kernel images/4096x40        0    44556    44593    45808 
 6848 codespace ./cli kernel images/4096x40        0    47800    47838    49028 
%CPU %MEM ARGS Sat Sep 26 19:59:12 UTC 2026
 0.0  0.0 grep --color=auto ./cli       1  2204
25.0  0.5 ./cli kernel images/4096x40   1 43452
25.5  0.5 ./cli kernel images/4096x40   1 44500
25.6  0.5 ./cli kernel images/4096x40   0 44880
26.6  0.5 ./cli kernel images/4096x40   1 46460
28.4  0.6 ./cli kernel images/4096x40   1 49492
  PID User     Command                         Swap      USS      PSS      RSS 
 7306 codespace /usr/bin/python3 /usr/bin/s        0    12060    12229    14448 
 6846 codespace ./cli kernel images/4096x40        0    42596    42639    43904 
 6844 codespace ./cli kernel images/4096x40        0    43688    43727    44948 
 6839 codespace ./cli kernel images/4096x40        0    43984    44023    45252 
 6842 codespace ./cli kernel images/4096x40        0    46132    46171    47384 
 6848 codespace ./cli kernel images/4096x40        0    48736    48776    49964 
%CPU %MEM ARGS Sat Sep 26 19:59:12 UTC 2026
 0.0  0.0 grep --color=auto ./cli       1  2168
24.9  0.5 ./cli kernel images/4096x40   1 44556
25.5  0.5 ./cli kernel images/4096x40   1 45592
25.7  0.5 ./cli kernel images/4096x40   0 46176
26.9  0.5 ./cli kernel images/4096x40   0 48320
28.3  0.6 ./cli kernel images/4096x40   1 50588
  PID User     Command                         Swap      USS      PSS      RSS 
 7314 codespace /usr/bin/python3 /usr/bin/s        0    12060    12244    14476 
 6846 codespace ./cli kernel images/4096x40        0    43928    43970    45236 
 6844 codespace ./cli kernel images/4096x40        0    44896    44935    46156 
 6839 codespace ./cli kernel images/4096x40        0    45980    46019    47248 
 6842 codespace ./cli kernel images/4096x40        0    47688    47727    48940 
 6848 codespace ./cli kernel images/4096x40        0    49952    49992    51180 
%CPU %MEM ARGS Sat Sep 26 19:59:13 UTC 2026
 0.0  0.0 grep --color=auto ./cli       1  2172
25.0  0.5 ./cli kernel images/4096x40   1 45876
25.5  0.5 ./cli kernel images/4096x40   1 46836
26.1  0.5 ./cli kernel images/4096x40   0 48252
27.0  0.6 ./cli kernel images/4096x40   1 49648
28.2  0.6 ./cli kernel images/4096x40   1 51816
  PID User     Command                         Swap      USS      PSS      RSS 
 7320 codespace /usr/bin/python3 /usr/bin/s        0    12064    12252    14540 
 6846 codespace ./cli kernel images/4096x40        0    45104    45147    46412 
 6844 codespace ./cli kernel images/4096x40        0    46092    46131    47352 
 6839 codespace ./cli kernel images/4096x40        0    47740    47779    49008 
 6842 codespace ./cli kernel images/4096x40        0    48896    48935    50148 
 6848 codespace ./cli kernel images/4096x40        0    51156    51197    52384 
%CPU %MEM ARGS Sat Sep 26 19:59:14 UTC 2026
 0.0  0.0 grep --color=auto ./cli       1  2172
25.0  0.5 ./cli kernel images/4096x40   1 47016
25.5  0.5 ./cli kernel images/4096x40   0 48180
26.3  0.6 ./cli kernel images/4096x40   0 49916
26.9  0.6 ./cli kernel images/4096x40   1 50780
28.1  0.6 ./cli kernel images/4096x40   1 52956
  PID User     Command                         Swap      USS      PSS      RSS 
 7329 codespace /usr/bin/python3 /usr/bin/s        0    12052    12240    14512 
 6846 codespace ./cli kernel images/4096x40        0    46172    46215    47480 
 6844 codespace ./cli kernel images/4096x40        0    47344    47383    48604 
 6839 codespace ./cli kernel images/4096x40        0    49188    49228    50456 
 6842 codespace ./cli kernel images/4096x40        0    49988    50027    51240 
 6848 codespace ./cli kernel images/4096x40        0    52200    52240    53428 
%CPU %MEM ARGS Sat Sep 26 19:59:14 UTC 2026
 0.0  0.0 grep --color=auto ./cli       0  2200
25.0  0.5 ./cli kernel images/4096x40   1 48064
25.4  0.6 ./cli kernel images/4096x40   1 49024
26.3  0.6 ./cli kernel images/4096x40   1 50992
26.7  0.6 ./cli kernel images/4096x40   1 51656
27.9  0.6 ./cli kernel images/4096x40   1 53840
  PID User     Command                         Swap      USS      PSS      RSS 
 7343 codespace /usr/bin/python3 /usr/bin/s        0    12064    12260    14528 
 6846 codespace ./cli kernel images/4096x40        0    46912    46955    48220 
 6844 codespace ./cli kernel images/4096x40        0    47920    47959    49180 
 6839 codespace ./cli kernel images/4096x40        0    49852    49891    51120 
 6842 codespace ./cli kernel images/4096x40        0    50612    50651    51864 
 6848 codespace ./cli kernel images/4096x40        0    52780    52820    54008 
%CPU %MEM ARGS Sat Sep 26 19:59:15 UTC 2026
 0.0  0.0 grep --color=auto ./cli       1  2308
25.0  0.6 ./cli kernel images/4096x40   1 48828
25.5  0.6 ./cli kernel images/4096x40   0 49848
26.5  0.6 ./cli kernel images/4096x40   0 52280
26.8  0.6 ./cli kernel images/4096x40   1 52508
27.9  0.6 ./cli kernel images/4096x40   1 54592
  PID User     Command                         Swap      USS      PSS      RSS 
 7349 codespace /usr/bin/python3 /usr/bin/s        0    12064    12261    14528 
 6846 codespace ./cli kernel images/4096x40        0    48080    48123    49388 
 6844 codespace ./cli kernel images/4096x40        0    49156    49195    50416 
 6839 codespace ./cli kernel images/4096x40        0    51600    51640    52868 
 6842 codespace ./cli kernel images/4096x40        0    51892    51931    53144 
 6848 codespace ./cli kernel images/4096x40        0    54080    54120    55308 
%CPU %MEM ARGS Sat Sep 26 19:59:15 UTC 2026
 0.0  0.0 grep --color=auto ./cli       0  2300
25.0  0.6 ./cli kernel images/4096x40   0 50120
25.5  0.6 ./cli kernel images/4096x40   1 51144
26.6  0.6 ./cli kernel images/4096x40   1 53632
27.0  0.6 ./cli kernel images/4096x40   0 54352
27.9  0.6 ./cli kernel images/4096x40   1 56104
  PID User     Command                         Swap      USS      PSS      RSS 
 7354 codespace /usr/bin/python3 /usr/bin/s        0    12104    12319    14624 
 6846 codespace ./cli kernel images/4096x40        0    49460    49503    50768 
 6844 codespace ./cli kernel images/4096x40        0    50416    50455    51676 
 6839 codespace ./cli kernel images/4096x40        0    52852    52891    54120 
 6842 codespace ./cli kernel images/4096x40        0    53712    53751    54964 
 6848 codespace ./cli kernel images/4096x40        0    55436    55476    56664 
%CPU %MEM ARGS Sat Sep 26 19:59:16 UTC 2026
 0.0  0.0 grep --color=auto ./cli       0  2160
24.8  0.6 ./cli kernel images/4096x40   1 51228
25.3  0.6 ./cli kernel images/4096x40   1 52200
26.3  0.6 ./cli kernel images/4096x40   1 54660
26.8  0.6 ./cli kernel images/4096x40   1 55452
27.7  0.7 ./cli kernel images/4096x40   0 57252
  PID User     Command                         Swap      USS      PSS      RSS 
 7381 codespace /usr/bin/python3 /usr/bin/s        0    12056    12246    14484 
 6846 codespace ./cli kernel images/4096x40        0    50304    50347    51612 
 6844 codespace ./cli kernel images/4096x40        0    51456    51495    52716 
 6839 codespace ./cli kernel images/4096x40        0    53880    53915    55148 
 6842 codespace ./cli kernel images/4096x40        0    54564    54603    55816 
 6848 codespace ./cli kernel images/4096x40        0    56600    56641    57828 
%CPU %MEM ARGS Sat Sep 26 19:59:17 UTC 2026
 0.0  0.0 grep --color=auto ./cli       0  2176
24.8  0.6 ./cli kernel images/4096x40   1 52196
25.3  0.6 ./cli kernel images/4096x40   1 53312
26.4  0.6 ./cli kernel images/4096x40   0 55792
26.7  0.6 ./cli kernel images/4096x40   1 56440
27.7  0.7 ./cli kernel images/4096x40   1 58432
  PID User     Command                         Swap      USS      PSS      RSS 
 7396 codespace /usr/bin/python3 /usr/bin/s        0    12060    12227    14544 
 6846 codespace ./cli kernel images/4096x40        0    51540    51581    52848 
 6844 codespace ./cli kernel images/4096x40        0    52660    52697    53920 
 6839 codespace ./cli kernel images/4096x40        0    55008    55047    56276 
 6842 codespace ./cli kernel images/4096x40        0    55760    55797    57012 
 6848 codespace ./cli kernel images/4096x40        0    57852    57890    59080 
%CPU %MEM ARGS Sat Sep 26 19:59:17 UTC 2026
 0.0  0.0 grep --color=auto ./cli       0  2180
25.1  0.6 ./cli kernel images/4096x40   0 53968
25.3  0.6 ./cli kernel images/4096x40   1 54508
26.3  0.7 ./cli kernel images/4096x40   1 56964
26.7  0.7 ./cli kernel images/4096x40   1 57676
27.6  0.7 ./cli kernel images/4096x40   0 59624
  PID User     Command                         Swap      USS      PSS      RSS 
 7407 codespace /usr/bin/python3 /usr/bin/s        0    12060    12251    14544 
 6846 codespace ./cli kernel images/4096x40        0    53172    53215    54480 
 6844 codespace ./cli kernel images/4096x40        0    53748    53787    55008 
 6839 codespace ./cli kernel images/4096x40        0    56164    56203    57432 
 6842 codespace ./cli kernel images/4096x40        0    56916    56955    58168 
 6848 codespace ./cli kernel images/4096x40        0    59152    59192    60380 
%CPU %MEM ARGS Sat Sep 26 19:59:18 UTC 2026
 0.0  0.0 grep --color=auto ./cli       1  2204
25.0  0.6 ./cli kernel images/4096x40   1 55044
25.3  0.6 ./cli kernel images/4096x40   1 55596
26.3  0.7 ./cli kernel images/4096x40   0 58284
26.6  0.7 ./cli kernel images/4096x40   1 58780
27.8  0.7 ./cli kernel images/4096x40   1 61260
  PID User     Command                         Swap      USS      PSS      RSS 
 7413 codespace /usr/bin/python3 /usr/bin/s        0    12040    12235    14504 
 6846 codespace ./cli kernel images/4096x40        0    54200    54243    55508 
 6844 codespace ./cli kernel images/4096x40        0    54776    54815    56036 
 6839 codespace ./cli kernel images/4096x40        0    57788    57827    59056 
 6842 codespace ./cli kernel images/4096x40        0    57932    57971    59184 
 6848 codespace ./cli kernel images/4096x40        0    60512    60551    61740 
%CPU %MEM ARGS Sat Sep 26 19:59:18 UTC 2026
 0.0  0.0 grep --color=auto ./cli       1  2156
25.1  0.6 ./cli kernel images/4096x40   0 56360
25.2  0.6 ./cli kernel images/4096x40   1 56676
26.5  0.7 ./cli kernel images/4096x40   1 59772
26.6  0.7 ./cli kernel images/4096x40   1 59852
27.7  0.7 ./cli kernel images/4096x40   1 62332
  PID User     Command                         Swap      USS      PSS      RSS 
 7425 codespace /usr/bin/python3 /usr/bin/s        0    12064    12251    14544 
 6846 codespace ./cli kernel images/4096x40        0    55432    55474    56740 
 6844 codespace ./cli kernel images/4096x40        0    55736    55775    56996 
 6839 codespace ./cli kernel images/4096x40        0    58820    58859    60088 
 6842 codespace ./cli kernel images/4096x40        0    58932    58971    60184 
 6848 codespace ./cli kernel images/4096x40        0    61468    61508    62696 
%CPU %MEM ARGS Sat Sep 26 19:59:19 UTC 2026
 0.0  0.0 grep --color=auto ./cli       1  2180
25.2  0.7 ./cli kernel images/4096x40   1 57532
25.3  0.7 ./cli kernel images/4096x40   0 57648
26.4  0.7 ./cli kernel images/4096x40   1 60656
26.5  0.7 ./cli kernel images/4096x40   1 60720
27.6  0.7 ./cli kernel images/4096x40   1 63204
  PID User     Command                         Swap      USS      PSS      RSS 
 7436 codespace /usr/bin/python3 /usr/bin/s        0    12064    12259    14528 
 6844 codespace ./cli kernel images/4096x40        0    56684    56723    57944 
 6846 codespace ./cli kernel images/4096x40        0    56840    56883    58148 
 6839 codespace ./cli kernel images/4096x40        0    59768    59807    61036 
 6842 codespace ./cli kernel images/4096x40        0    59868    59907    61120 
 6848 codespace ./cli kernel images/4096x40        0    62680    62720    63908 
%CPU %MEM ARGS Sat Sep 26 19:59:20 UTC 2026
 0.0  0.0 grep --color=auto ./cli       1  2164
25.2  0.7 ./cli kernel images/4096x40   1 58640
25.3  0.7 ./cli kernel images/4096x40   1 58840
26.4  0.7 ./cli kernel images/4096x40   1 61792
26.7  0.7 ./cli kernel images/4096x40   0 62124
27.9  0.7 ./cli kernel images/4096x40   0 64968
  PID User     Command                         Swap      USS      PSS      RSS 
 7442 codespace /usr/bin/python3 /usr/bin/s        0    12060    12254    14520 
 6844 codespace ./cli kernel images/4096x40        0    57940    57979    59200 
 6846 codespace ./cli kernel images/4096x40        0    58096    58139    59404 
 6839 codespace ./cli kernel images/4096x40        0    61004    61043    62272 
 6842 codespace ./cli kernel images/4096x40        0    62168    62207    63420 
 6848 codespace ./cli kernel images/4096x40        0    64412    64452    65640 
%CPU %MEM ARGS Sat Sep 26 19:59:20 UTC 2026
 0.0  0.0 grep --color=auto ./cli       0  2160
25.3  0.7 ./cli kernel images/4096x40   1 60056
25.3  0.7 ./cli kernel images/4096x40   0 60244
26.4  0.7 ./cli kernel images/4096x40   1 63072
27.0  0.7 ./cli kernel images/4096x40   1 64256
27.8  0.8 ./cli kernel images/4096x40   1 66340
  PID User     Command                         Swap      USS      PSS      RSS 
 7447 codespace /usr/bin/python3 /usr/bin/s        0    12060    12228    14476 
 6846 codespace ./cli kernel images/4096x40        0    59240    59279    60548 
 6844 codespace ./cli kernel images/4096x40        0    59648    59684    60908 
 6839 codespace ./cli kernel images/4096x40        0    62216    62255    63484 
 6842 codespace ./cli kernel images/4096x40        0    63448    63485    64700 
 6848 codespace ./cli kernel images/4096x40        0    65700    65736    66928 
%CPU %MEM ARGS Sat Sep 26 19:59:21 UTC 2026
 0.0  0.0 grep --color=auto ./cli       1  2176
25.2  0.7 ./cli kernel images/4096x40   1 61096
25.4  0.7 ./cli kernel images/4096x40   0 61476
26.3  0.7 ./cli kernel images/4096x40   0 64160
26.9  0.8 ./cli kernel images/4096x40   1 65268
27.7  0.8 ./cli kernel images/4096x40   1 67344
  PID User     Command                         Swap      USS      PSS      RSS 
 7457 codespace /usr/bin/python3 /usr/bin/s        0    12076    12271    14568 
 6846 codespace ./cli kernel images/4096x40        0    60204    60247    61512 
 6844 codespace ./cli kernel images/4096x40        0    60632    60671    61892 
 6839 codespace ./cli kernel images/4096x40        0    63380    63420    64648 
 6842 codespace ./cli kernel images/4096x40        0    64524    64563    65776 
 6848 codespace ./cli kernel images/4096x40        0    66552    66592    67780 
%CPU %MEM ARGS Sat Sep 26 19:59:22 UTC 2026
 0.0  0.0 grep --color=auto ./cli       1  2252
25.1  0.7 ./cli kernel images/4096x40   0 62268
25.1  0.7 ./cli kernel images/4096x40   1 62328
26.1  0.8 ./cli kernel images/4096x40   1 65096
26.7  0.8 ./cli kernel images/4096x40   1 66352
27.5  0.8 ./cli kernel images/4096x40   1 68188
  PID User     Command                         Swap      USS      PSS      RSS 
 7471 codespace /usr/bin/python3 /usr/bin/s        0    12060    12236    14456 
 6846 codespace ./cli kernel images/4096x40        0    61484    61527    62792 
 6844 codespace ./cli kernel images/4096x40        0    61496    61535    62756 
 6839 codespace ./cli kernel images/4096x40        0    64232    64271    65500 
 6842 codespace ./cli kernel images/4096x40        0    65468    65507    66720 
 6848 codespace ./cli kernel images/4096x40        0    67396    67436    68624 
%CPU %MEM ARGS Sat Sep 26 19:59:22 UTC 2026
 0.0  0.0 grep --color=auto ./cli       1  2172
25.2  0.7 ./cli kernel images/4096x40   1 63320
25.2  0.7 ./cli kernel images/4096x40   1 63432
26.2  0.8 ./cli kernel images/4096x40   0 66208
26.7  0.8 ./cli kernel images/4096x40   1 67408
27.5  0.8 ./cli kernel images/4096x40   1 69184
  PID User     Command                         Swap      USS      PSS      RSS 
 7476 codespace /usr/bin/python3 /usr/bin/s        0    12060    12256    14520 
 6844 codespace ./cli kernel images/4096x40        0    62468    62507    63728 
 6846 codespace ./cli kernel images/4096x40        0    62504    62547    63812 
 6839 codespace ./cli kernel images/4096x40        0    65432    65472    66700 
 6842 codespace ./cli kernel images/4096x40        0    66536    66575    67788 
 6848 codespace ./cli kernel images/4096x40        0    68380    68420    69608 
%CPU %MEM ARGS Sat Sep 26 19:59:23 UTC 2026
 0.0  0.0 grep --color=auto ./cli       1  2172
25.2  0.7 ./cli kernel images/4096x40   0 64432
25.2  0.7 ./cli kernel images/4096x40   1 64460
26.3  0.8 ./cli kernel images/4096x40   1 67712
26.7  0.8 ./cli kernel images/4096x40   0 68440
27.4  0.8 ./cli kernel images/4096x40   1 70160
  PID User     Command                         Swap      USS      PSS      RSS 
 7488 codespace /usr/bin/python3 /usr/bin/s        0    12060    12249    14536 
 6846 codespace ./cli kernel images/4096x40        0    63692    63735    65000 
 6844 codespace ./cli kernel images/4096x40        0    63768    63807    65028 
 6839 codespace ./cli kernel images/4096x40        0    66948    66988    68216 
 6842 codespace ./cli kernel images/4096x40        0    68364    68403    69616 
 6848 codespace ./cli kernel images/4096x40        0    69616    69656    70844 
%CPU %MEM ARGS Sat Sep 26 19:59:23 UTC 2026
 0.0  0.0 grep --color=auto ./cli       0  2200
25.1  0.8 ./cli kernel images/4096x40   1 65664
25.2  0.8 ./cli kernel images/4096x40   1 65636
26.3  0.8 ./cli kernel images/4096x40   1 68912
27.0  0.8 ./cli kernel images/4096x40   0 70680
27.5  0.8 ./cli kernel images/4096x40   0 71808
  PID User     Command                         Swap      USS      PSS      RSS 
 7497 codespace /usr/bin/python3 /usr/bin/s        0    12064    12255    14512 
 6846 codespace ./cli kernel images/4096x40        0    64636    64679    65944 
 6844 codespace ./cli kernel images/4096x40        0    64748    64787    66008 
 6839 codespace ./cli kernel images/4096x40        0    67980    68019    69248 
 6842 codespace ./cli kernel images/4096x40        0    69772    69811    71024 
 6848 codespace ./cli kernel images/4096x40        0    70972    71012    72200 
%CPU %MEM ARGS Sat Sep 26 19:59:24 UTC 2026
 0.0  0.0 grep --color=auto ./cli       1  2212
25.1  0.8 ./cli kernel images/4096x40   1 66508
25.2  0.8 ./cli kernel images/4096x40   0 66664
26.2  0.8 ./cli kernel images/4096x40   0 69880
27.0  0.8 ./cli kernel images/4096x40   1 71640
27.4  0.8 ./cli kernel images/4096x40   1 72788
  PID User     Command                         Swap      USS      PSS      RSS 
 7511 codespace /usr/bin/python3 /usr/bin/s        0    12064    12251    14480 
 6846 codespace ./cli kernel images/4096x40        0    65732    65775    67040 
 6844 codespace ./cli kernel images/4096x40        0    66116    66155    67376 
 6839 codespace ./cli kernel images/4096x40        0    69288    69327    70556 
 6842 codespace ./cli kernel images/4096x40        0    70900    70939    72152 
 6848 codespace ./cli kernel images/4096x40        0    72116    72156    73344 
%CPU %MEM ARGS Sat Sep 26 19:59:25 UTC 2026
 0.0  0.0 grep --color=auto ./cli       0  2160
25.1  0.8 ./cli kernel images/4096x40   1 67676
25.4  0.8 ./cli kernel images/4096x40   0 68396
26.3  0.8 ./cli kernel images/4096x40   1 71196
26.9  0.8 ./cli kernel images/4096x40   1 72784
27.4  0.9 ./cli kernel images/4096x40   1 73916
  PID User     Command                         Swap      USS      PSS      RSS 
 7517 codespace /usr/bin/python3 /usr/bin/s        0    12064    12251    14536 
 6846 codespace ./cli kernel images/4096x40        0    66940    66983    68248 
 6844 codespace ./cli kernel images/4096x40        0    67664    67703    68924 
 6839 codespace ./cli kernel images/4096x40        0    70452    70491    71720 
 6842 codespace ./cli kernel images/4096x40        0    72240    72279    73492 
 6848 codespace ./cli kernel images/4096x40        0    73256    73296    74484 
%CPU %MEM ARGS Sat Sep 26 19:59:25 UTC 2026
 0.0  0.0 grep --color=auto ./cli       0  2212
25.2  0.8 ./cli kernel images/4096x40   1 68968
25.4  0.8 ./cli kernel images/4096x40   1 69656
26.4  0.8 ./cli kernel images/4096x40   0 72788
27.1  0.9 ./cli kernel images/4096x40   0 74504
27.4  0.9 ./cli kernel images/4096x40   1 75188
  PID User     Command                         Swap      USS      PSS      RSS 
 7522 codespace /usr/bin/python3 /usr/bin/s        0    12080    12247    14552 
 6846 codespace ./cli kernel images/4096x40        0    68216    68259    69524 
 6844 codespace ./cli kernel images/4096x40        0    68944    68983    70204 
 6839 codespace ./cli kernel images/4096x40        0    72216    72255    73484 
 6842 codespace ./cli kernel images/4096x40        0    73976    74015    75228 
 6848 codespace ./cli kernel images/4096x40        0    74532    74572    75760 
%CPU %MEM ARGS Sat Sep 26 19:59:26 UTC 2026
 0.0  0.0 grep --color=auto ./cli       0  2172
25.1  0.8 ./cli kernel images/4096x40   1 70008
25.4  0.8 ./cli kernel images/4096x40   1 70808
26.5  0.9 ./cli kernel images/4096x40   0 74408
27.1  0.9 ./cli kernel images/4096x40   1 75784
27.3  0.9 ./cli kernel images/4096x40   1 76320
  PID User     Command                         Swap      USS      PSS      RSS 
 7531 codespace /usr/bin/python3 /usr/bin/s        0    12052    12242    14516 
 6846 codespace ./cli kernel images/4096x40        0    69184    69227    70492 
 6844 codespace ./cli kernel images/4096x40        0    70032    70068    71292 
 6839 codespace ./cli kernel images/4096x40        0    73964    73999    75232 
 6842 codespace ./cli kernel images/4096x40        0    75016    75051    76268 
 6848 codespace ./cli kernel images/4096x40        0    75576    75616    76804 
%CPU %MEM ARGS Sat Sep 26 19:59:27 UTC 2026
 0.0  0.0 grep --color=auto ./cli       0  2180
24.9  0.8 ./cli kernel images/4096x40   1 70924
25.4  0.8 ./cli kernel images/4096x40   1 72236
26.5  0.9 ./cli kernel images/4096x40   1 75672
26.9  0.9 ./cli kernel images/4096x40   1 76812
27.2  0.9 ./cli kernel images/4096x40   0 77472
  PID User     Command                         Swap      USS      PSS      RSS 
 7565 codespace /usr/bin/python3 /usr/bin/s        0    12048    12238    14464 
 6846 codespace ./cli kernel images/4096x40        0    70000    70042    71308 
 6844 codespace ./cli kernel images/4096x40        0    71356    71395    72616 
 6839 codespace ./cli kernel images/4096x40        0    74716    74755    75984 
 6842 codespace ./cli kernel images/4096x40        0    75912    75951    77164 
 6848 codespace ./cli kernel images/4096x40        0    76740    76780    77968 
%CPU %MEM ARGS Sat Sep 26 19:59:27 UTC 2026
 0.0  0.0 grep --color=auto ./cli       0  2168
24.9  0.8 ./cli kernel images/4096x40   1 71848
25.4  0.8 ./cli kernel images/4096x40   1 73168
26.7  0.9 ./cli kernel images/4096x40   0 77328
26.9  0.9 ./cli kernel images/4096x40   1 77744
27.2  0.9 ./cli kernel images/4096x40   1 78496
  PID User     Command                         Swap      USS      PSS      RSS 
 7570 codespace /usr/bin/python3 /usr/bin/s        0    12064    12259    14528 
 6846 codespace ./cli kernel images/4096x40        0    70936    70979    72244 
 6844 codespace ./cli kernel images/4096x40        0    72324    72363    73584 
 6839 codespace ./cli kernel images/4096x40        0    76604    76643    77872 
 6842 codespace ./cli kernel images/4096x40        0    76884    76923    78136 
 6848 codespace ./cli kernel images/4096x40        0    77688    77728    78916 
%CPU %MEM ARGS Sat Sep 26 19:59:28 UTC 2026
 0.0  0.0 grep --color=auto ./cli       1  2204
24.9  0.8 ./cli kernel images/4096x40   1 72804
25.4  0.9 ./cli kernel images/4096x40   1 74144
26.8  0.9 ./cli kernel images/4096x40   1 78740
26.9  0.9 ./cli kernel images/4096x40   1 78728
27.3  0.9 ./cli kernel images/4096x40   0 79660
  PID User     Command                         Swap      USS      PSS      RSS 
 7576 codespace /usr/bin/python3 /usr/bin/s        0    12060    12246    14476 
 6846 codespace ./cli kernel images/4096x40        0    71944    71987    73252 
 6844 codespace ./cli kernel images/4096x40        0    73424    73463    74684 
 6839 codespace ./cli kernel images/4096x40        0    77856    77895    79124 
 6842 codespace ./cli kernel images/4096x40        0    77868    77907    79120 
 6848 codespace ./cli kernel images/4096x40        0    79048    79088    80276 
%CPU %MEM ARGS Sat Sep 26 19:59:28 UTC 2026
 0.0  0.0 grep --color=auto ./cli       1  2180
24.9  0.9 ./cli kernel images/4096x40   1 73824
25.5  0.9 ./cli kernel images/4096x40   1 75528
26.8  0.9 ./cli kernel images/4096x40   1 79740
26.8  0.9 ./cli kernel images/4096x40   1 79992
27.3  0.9 ./cli kernel images/4096x40   0 81056
  PID User     Command                         Swap      USS      PSS      RSS 
 7591 codespace /usr/bin/python3 /usr/bin/s        0    12060    12251    14544 
 6846 codespace ./cli kernel images/4096x40        0    73068    73111    74376 
 6844 codespace ./cli kernel images/4096x40        0    75028    75067    76288 
 6839 codespace ./cli kernel images/4096x40        0    79192    79231    80460 
 6842 codespace ./cli kernel images/4096x40        0    79232    79271    80484 
 6848 codespace ./cli kernel images/4096x40        0    80536    80576    81764 
%CPU %MEM ARGS Sat Sep 26 19:59:29 UTC 2026
 0.0  0.0 grep --color=auto ./cli       1  1880
24.7  0.9 ./cli kernel images/4096x40   1 74892
25.4  0.9 ./cli kernel images/4096x40   1 76844
26.6  0.9 ./cli kernel images/4096x40   1 81048
26.9  1.0 ./cli kernel images/4096x40   0 81520
27.1  1.0 ./cli kernel images/4096x40   1 82244
  PID User     Command                         Swap      USS      PSS      RSS 
 7605 codespace /usr/bin/python3 /usr/bin/s        0    12060    12254    14460 
 6846 codespace ./cli kernel images/4096x40        0    73964    74007    75272 
 6844 codespace ./cli kernel images/4096x40        0    76040    76079    77300 
 6839 codespace ./cli kernel images/4096x40        0    80104    80143    81372 
 6842 codespace ./cli kernel images/4096x40        0    80784    80823    82036 
 6848 codespace ./cli kernel images/4096x40        0    81404    81444    82632 
%CPU %MEM ARGS Sat Sep 26 19:59:30 UTC 2026
 0.0  0.0 grep --color=auto ./cli       0  2304
24.7  0.9 ./cli kernel images/4096x40   0 75772
25.5  0.9 ./cli kernel images/4096x40   0 78076
26.7  1.0 ./cli kernel images/4096x40   1 82272
26.9  1.0 ./cli kernel images/4096x40   0 82576
27.1  1.0 ./cli kernel images/4096x40   0 83132
  PID User     Command                         Swap      USS      PSS      RSS 
 7611 codespace /usr/bin/python3 /usr/bin/s        0    12056    12261    14616 
 6846 codespace ./cli kernel images/4096x40        0    74836    74879    76144 
 6844 codespace ./cli kernel images/4096x40        0    77164    77203    78424 
 6839 codespace ./cli kernel images/4096x40        0    81484    81523    82752 
 6842 codespace ./cli kernel images/4096x40        0    81636    81675    82888 
 6848 codespace ./cli kernel images/4096x40        0    82264    82304    83492 
%CPU %MEM ARGS Sat Sep 26 19:59:30 UTC 2026
 0.0  0.0 grep --color=auto ./cli       1  2296
24.8  0.9 ./cli kernel images/4096x40   1 76692
25.5  0.9 ./cli kernel images/4096x40   1 78916
26.8  1.0 ./cli kernel images/4096x40   1 83292
26.9  1.0 ./cli kernel images/4096x40   0 83484
27.2  1.0 ./cli kernel images/4096x40   1 84368
  PID User     Command                         Swap      USS      PSS      RSS 
 7616 codespace /usr/bin/python3 /usr/bin/s        0    12060    12246    14476 
 6846 codespace ./cli kernel images/4096x40        0    75724    75767    77032 
 6844 codespace ./cli kernel images/4096x40        0    77976    78015    79236 
 6839 codespace ./cli kernel images/4096x40        0    82304    82343    83572 
 6842 codespace ./cli kernel images/4096x40        0    82708    82747    83960 
 6848 codespace ./cli kernel images/4096x40        0    83484    83524    84712 
%CPU %MEM ARGS Sat Sep 26 19:59:31 UTC 2026
 0.0  0.0 grep --color=auto ./cli       1  2160
24.8  0.9 ./cli kernel images/4096x40   1 77584
25.5  0.9 ./cli kernel images/4096x40   1 79764
26.7  1.0 ./cli kernel images/4096x40   1 84128
27.1  1.0 ./cli kernel images/4096x40   0 84976
27.1  1.0 ./cli kernel images/4096x40   1 85196
  PID User     Command                         Swap      USS      PSS      RSS 
 7625 codespace /usr/bin/python3 /usr/bin/s        0    12084    12292    14592 
 6846 codespace ./cli kernel images/4096x40        0    76784    76827    78092 
 6844 codespace ./cli kernel images/4096x40        0    78980    79019    80240 
 6839 codespace ./cli kernel images/4096x40        0    83260    83299    84528 
 6842 codespace ./cli kernel images/4096x40        0    84348    84387    85600 
 6848 codespace ./cli kernel images/4096x40        0    84728    84768    85956 
%CPU %MEM ARGS Sat Sep 26 19:59:31 UTC 2026
 0.0  0.0 grep --color=auto ./cli       1  2180
24.7  0.9 ./cli kernel images/4096x40   1 78680
25.4  0.9 ./cli kernel images/4096x40   1 80860
26.7  1.0 ./cli kernel images/4096x40   1 85208
27.1  1.0 ./cli kernel images/4096x40   1 86360
27.3  1.0 ./cli kernel images/4096x40   0 86892
  PID User     Command                         Swap      USS      PSS      RSS 
 7636 codespace /usr/bin/python3 /usr/bin/s        0    12116    12310    14608 
 6846 codespace ./cli kernel images/4096x40        0    77768    77811    79076 
 6844 codespace ./cli kernel images/4096x40        0    79984    80023    81244 
 6839 codespace ./cli kernel images/4096x40        0    84300    84340    85568 
 6842 codespace ./cli kernel images/4096x40        0    85476    85515    86728 
 6848 codespace ./cli kernel images/4096x40        0    86220    86260    87448 
%CPU %MEM ARGS Sat Sep 26 19:59:32 UTC 2026
 0.0  0.0 grep --color=auto ./cli       0  2304
24.8  0.9 ./cli kernel images/4096x40   0 79780
25.4  1.0 ./cli kernel images/4096x40   1 81788
26.6  1.0 ./cli kernel images/4096x40   1 86124
27.1  1.0 ./cli kernel images/4096x40   1 87280
27.4  1.0 ./cli kernel images/4096x40   1 88300
  PID User     Command                         Swap      USS      PSS      RSS 
 7645 codespace /usr/bin/python3 /usr/bin/s        0    12060    12244    14476 
 6846 codespace ./cli kernel images/4096x40        0    79020    79063    80328 
 6844 codespace ./cli kernel images/4096x40        0    81120    81159    82380 
 6839 codespace ./cli kernel images/4096x40        0    85304    85343    86572 
 6842 codespace ./cli kernel images/4096x40        0    86504    86543    87756 
 6848 codespace ./cli kernel images/4096x40        0    87976    88016    89204 
%CPU %MEM ARGS Sat Sep 26 19:59:32 UTC 2026
 0.0  0.0 grep --color=auto ./cli       1  2292
24.8  0.9 ./cli kernel images/4096x40   1 80984
25.5  1.0 ./cli kernel images/4096x40   0 83312
26.6  1.0 ./cli kernel images/4096x40   1 87320
27.1  1.0 ./cli kernel images/4096x40   0 88660
27.5  1.1 ./cli kernel images/4096x40   1 89808
  PID User     Command                         Swap      USS      PSS      RSS 
 7650 codespace /usr/bin/python3 /usr/bin/s        0    12060    12255    14516 
 6846 codespace ./cli kernel images/4096x40        0    80340    80383    81648 
 6844 codespace ./cli kernel images/4096x40        0    82936    82975    84196 
 6839 codespace ./cli kernel images/4096x40        0    86520    86560    87788 
 6842 codespace ./cli kernel images/4096x40        0    88084    88123    89336 
 6848 codespace ./cli kernel images/4096x40        0    89148    89186    90376 
%CPU %MEM ARGS Sat Sep 26 19:59:33 UTC 2026
 0.0  0.0 grep --color=auto ./cli       1  2160
24.8  1.0 ./cli kernel images/4096x40   0 82276
25.7  1.0 ./cli kernel images/4096x40   0 84848
26.6  1.0 ./cli kernel images/4096x40   1 88512
27.2  1.1 ./cli kernel images/4096x40   1 90124
27.5  1.1 ./cli kernel images/4096x40   1 91080
  PID User     Command                         Swap      USS      PSS      RSS 
 7662 codespace /usr/bin/python3 /usr/bin/s        0    12060    12264    14592 
 6846 codespace ./cli kernel images/4096x40        0    81824    81867    83132 
 6844 codespace ./cli kernel images/4096x40        0    84420    84459    85680 
 6839 codespace ./cli kernel images/4096x40        0    87736    87776    89004 
 6842 codespace ./cli kernel images/4096x40        0    89372    89411    90624 
 6848 codespace ./cli kernel images/4096x40        0    90452    90492    91680 
%CPU %MEM ARGS Sat Sep 26 19:59:34 UTC 2026
 0.0  0.0 grep --color=auto ./cli       0  2164
25.0  1.0 ./cli kernel images/4096x40   0 84044
25.7  1.0 ./cli kernel images/4096x40   1 86360
26.6  1.1 ./cli kernel images/4096x40   1 89720
27.1  1.1 ./cli kernel images/4096x40   1 91328
27.5  1.1 ./cli kernel images/4096x40   1 92288
  PID User     Command                         Swap      USS      PSS      RSS 
 7668 codespace /usr/bin/python3 /usr/bin/s        0    12072    12287    14592 
 6846 codespace ./cli kernel images/4096x40        0    83496    83539    84804 
 6844 codespace ./cli kernel images/4096x40        0    85836    85875    87096 
 6839 codespace ./cli kernel images/4096x40        0    88928    88967    90196 
 6842 codespace ./cli kernel images/4096x40        0    90600    90635    91852 
 6848 codespace ./cli kernel images/4096x40        0    91628    91668    92856 
%CPU %MEM ARGS Sat Sep 26 19:59:35 UTC 2026
 0.0  0.0 grep --color=auto ./cli       1  2200
25.1  1.0 ./cli kernel images/4096x40   0 85580
25.7  1.0 ./cli kernel images/4096x40   1 87776
26.5  1.1 ./cli kernel images/4096x40   0 91072
27.1  1.1 ./cli kernel images/4096x40   1 92812
27.3  1.1 ./cli kernel images/4096x40   1 93440
  PID User     Command                         Swap      USS      PSS      RSS 
 7685 codespace /usr/bin/python3 /usr/bin/s        0    12060    12255    14520 
 6846 codespace ./cli kernel images/4096x40        0    85348    85391    86656 
 6844 codespace ./cli kernel images/4096x40        0    86992    87031    88252 
 6839 codespace ./cli kernel images/4096x40        0    90372    90411    91640 
 6842 codespace ./cli kernel images/4096x40        0    92020    92059    93272 
 6848 codespace ./cli kernel images/4096x40        0    92700    92740    93928 
%CPU %MEM ARGS Sat Sep 26 19:59:35 UTC 2026
 0.0  0.0 grep --color=auto ./cli       0  2344
25.3  1.0 ./cli kernel images/4096x40   1 87348
25.7  1.0 ./cli kernel images/4096x40   1 88864
26.6  1.1 ./cli kernel images/4096x40   1 92300
27.2  1.1 ./cli kernel images/4096x40   0 94212
27.3  1.1 ./cli kernel images/4096x40   1 94500
  PID User     Command                         Swap      USS      PSS      RSS 
 7691 codespace /usr/bin/python3 /usr/bin/s        0    12060    12244    14476 
 6846 codespace ./cli kernel images/4096x40        0    86676    86718    87984 
 6844 codespace ./cli kernel images/4096x40        0    88492    88531    89752 
 6839 codespace ./cli kernel images/4096x40        0    91596    91635    92864 
 6842 codespace ./cli kernel images/4096x40        0    93496    93535    94748 
 6848 codespace ./cli kernel images/4096x40        0    94056    94096    95284 
%CPU %MEM ARGS Sat Sep 26 19:59:36 UTC 2026
 0.0  0.0 grep --color=auto ./cli       0  2288
25.3  1.0 ./cli kernel images/4096x40   0 88724
25.8  1.1 ./cli kernel images/4096x40   1 90544
26.6  1.1 ./cli kernel images/4096x40   1 93636
27.2  1.1 ./cli kernel images/4096x40   1 95500
27.4  1.1 ./cli kernel images/4096x40   0 96212
  PID User     Command                         Swap      USS      PSS      RSS 
 7703 codespace /usr/bin/python3 /usr/bin/s        0    12060    12244    14476 
 6846 codespace ./cli kernel images/4096x40        0    88084    88127    89392 
 6844 codespace ./cli kernel images/4096x40        0    89884    89923    91144 
 6839 codespace ./cli kernel images/4096x40        0    92968    93007    94236 
 6842 codespace ./cli kernel images/4096x40        0    94888    94927    96140 
 6848 codespace ./cli kernel images/4096x40        0    95688    95728    96916 
%CPU %MEM ARGS Sat Sep 26 19:59:37 UTC 2026
 0.0  0.0 grep --color=auto ./cli       0  2216
25.3  1.1 ./cli kernel images/4096x40   1 89928
25.8  1.1 ./cli kernel images/4096x40   1 91708
26.6  1.1 ./cli kernel images/4096x40   0 95020
27.1  1.1 ./cli kernel images/4096x40   1 96732
27.5  1.2 ./cli kernel images/4096x40   0 97980
  PID User     Command                         Swap      USS      PSS      RSS 
 7709 codespace /usr/bin/python3 /usr/bin/s        0    12004    12191    14460 
 6846 codespace ./cli kernel images/4096x40        0    89384    89425    90692 
 6844 codespace ./cli kernel images/4096x40        0    91164    91201    92424 
 6839 codespace ./cli kernel images/4096x40        0    94328    94367    95596 
 6842 codespace ./cli kernel images/4096x40        0    96024    96063    97276 
 6848 codespace ./cli kernel images/4096x40        0    97448    97488    98676 
%CPU %MEM ARGS Sat Sep 26 19:59:37 UTC 2026
 0.0  0.0 grep --color=auto ./cli       1  2300
25.3  1.1 ./cli kernel images/4096x40   1 91472
25.8  1.1 ./cli kernel images/4096x40   1 93240
26.6  1.1 ./cli kernel images/4096x40   0 96548
27.1  1.2 ./cli kernel images/4096x40   1 98124
27.5  1.2 ./cli kernel images/4096x40   0 99500
  PID User     Command                         Swap      USS      PSS      RSS 
 7738 codespace /usr/bin/python3 /usr/bin/s        0    12068    12256    14504 
 6846 codespace ./cli kernel images/4096x40        0    90728    90771    92036 
 6844 codespace ./cli kernel images/4096x40        0    92676    92715    93936 
 6839 codespace ./cli kernel images/4096x40        0    96228    96267    97496 
 6842 codespace ./cli kernel images/4096x40        0    97380    97419    98632 
 6848 codespace ./cli kernel images/4096x40        0    98976    99016   100204 
%CPU %MEM ARGS Sat Sep 26 19:59:38 UTC 2026
 0.0  0.0 grep --color=auto ./cli       0  2308
25.2  1.1 ./cli kernel images/4096x40   1 92764
25.8  1.1 ./cli kernel images/4096x40   0 94664
26.7  1.2 ./cli kernel images/4096x40   1 98424
27.0  1.2 ./cli kernel images/4096x40   0 99496
27.5  1.2 ./cli kernel images/4096x40   0 101076
  PID User     Command                         Swap      USS      PSS      RSS 
 7750 codespace /usr/bin/python3 /usr/bin/s        0    12060    12248    14516 
 6846 codespace ./cli kernel images/4096x40        0    92124    92167    93432 
 6844 codespace ./cli kernel images/4096x40        0    93944    93983    95204 
 6839 codespace ./cli kernel images/4096x40        0    97808    97847    99076 
 6842 codespace ./cli kernel images/4096x40        0    98748    98787   100000 
 6848 codespace ./cli kernel images/4096x40        0   100540   100580   101768 
%CPU %MEM ARGS Sat Sep 26 19:59:39 UTC 2026
 0.0  0.0 grep --color=auto ./cli       0  2164
25.3  1.1 ./cli kernel images/4096x40   0 94124
25.8  1.1 ./cli kernel images/4096x40   0 95924
26.8  1.2 ./cli kernel images/4096x40   1 100152
27.1  1.2 ./cli kernel images/4096x40   0 100760
27.5  1.2 ./cli kernel images/4096x40   1 102648
  PID User     Command                         Swap      USS      PSS      RSS 
 7756 codespace /usr/bin/python3 /usr/bin/s        0    12060    12243    14476 
 6846 codespace ./cli kernel images/4096x40        0    93408    93451    94716 
 6844 codespace ./cli kernel images/4096x40        0    95312    95351    96572 
 6839 codespace ./cli kernel images/4096x40        0    99516    99555   100784 
 6842 codespace ./cli kernel images/4096x40        0   100004   100043   101256 
 6848 codespace ./cli kernel images/4096x40        0   102560   102600   103788 
%CPU %MEM ARGS Sat Sep 26 19:59:39 UTC 2026
 0.0  0.0 grep --color=auto ./cli       1  2180
25.3  1.1 ./cli kernel images/4096x40   1 95400
25.9  1.1 ./cli kernel images/4096x40   0 97488
26.9  1.2 ./cli kernel images/4096x40   0 101652
27.0  1.2 ./cli kernel images/4096x40   1 102028
27.7  1.2 ./cli kernel images/4096x40   1 104532
  PID User     Command                         Swap      USS      PSS      RSS 
 7764 codespace /usr/bin/python3 /usr/bin/s        0    12060    12250    14544 
 6846 codespace ./cli kernel images/4096x40        0    94612    94655    95920 
 6844 codespace ./cli kernel images/4096x40        0    96688    96723    97948 
 6839 codespace ./cli kernel images/4096x40        0   100784   100820   102052 
 6842 codespace ./cli kernel images/4096x40        0   101216   101251   102468 
 6848 codespace ./cli kernel images/4096x40        0   104056   104096   105284 
%CPU %MEM ARGS Sat Sep 26 19:59:40 UTC 2026
 0.0  0.0 grep --color=auto ./cli       1  2172
25.2  1.1 ./cli kernel images/4096x40   0 96524
25.8  1.2 ./cli kernel images/4096x40   0 98512
26.8  1.2 ./cli kernel images/4096x40   1 102948
26.9  1.2 ./cli kernel images/4096x40   0 103140
27.6  1.3 ./cli kernel images/4096x40   0 105776
  PID User     Command                         Swap      USS      PSS      RSS 
 7785 codespace /usr/bin/python3 /usr/bin/s        0    12052    12244    14480 
 6846 codespace ./cli kernel images/4096x40        0    95640    95683    96948 
 6844 codespace ./cli kernel images/4096x40        0    97692    97731    98952 
 6839 codespace ./cli kernel images/4096x40        0   102180   102219   103448 
 6842 codespace ./cli kernel images/4096x40        0   102244   102283   103496 
 6848 codespace ./cli kernel images/4096x40        0   104992   105032   106220 
%CPU %MEM ARGS Sat Sep 26 19:59:41 UTC 2026
 0.0  0.0 grep --color=auto ./cli       1  2180
25.3  1.2 ./cli kernel images/4096x40   0 97628
25.9  1.2 ./cli kernel images/4096x40   1 99960
26.9  1.2 ./cli kernel images/4096x40   1 104568
26.9  1.2 ./cli kernel images/4096x40   0 104228
27.6  1.3 ./cli kernel images/4096x40   0 106876
  PID User     Command                         Swap      USS      PSS      RSS 
 7791 codespace /usr/bin/python3 /usr/bin/s        0    12060    12245    14476 
 6846 codespace ./cli kernel images/4096x40        0    96712    96754    98020 
 6844 codespace ./cli kernel images/4096x40        0    99088    99127   100348 
 6842 codespace ./cli kernel images/4096x40        0   103360   103399   104612 
 6839 codespace ./cli kernel images/4096x40        0   103704   103744   104972 
 6848 codespace ./cli kernel images/4096x40        0   106056   106096   107284 
%CPU %MEM ARGS Sat Sep 26 19:59:41 UTC 2026
 0.0  0.0 grep --color=auto ./cli       1  2300
25.3  1.2 ./cli kernel images/4096x40   0 98616
25.9  1.2 ./cli kernel images/4096x40   0 100944
26.9  1.2 ./cli kernel images/4096x40   0 105580
26.9  1.2 ./cli kernel images/4096x40   0 105260
27.6  1.3 ./cli kernel images/4096x40   1 108052
  PID User     Command                         Swap      USS      PSS      RSS 
 7796 codespace /usr/bin/python3 /usr/bin/s        0    12060    12244    14476 
 6846 codespace ./cli kernel images/4096x40        0    97524    97566    98832 
 6844 codespace ./cli kernel images/4096x40        0    99888    99927   101148 
 6842 codespace ./cli kernel images/4096x40        0   104168   104207   105420 
 6839 codespace ./cli kernel images/4096x40        0   104468   104508   105736 
 6848 codespace ./cli kernel images/4096x40        0   107028   107068   108256 
%CPU %MEM ARGS Sat Sep 26 19:59:42 UTC 2026
 0.0  0.0 grep --color=auto ./cli       1  2248
25.4  1.2 ./cli kernel images/4096x40   1 99964
25.9  1.2 ./cli kernel images/4096x40   0 101676
26.9  1.3 ./cli kernel images/4096x40   0 106276
26.9  1.3 ./cli kernel images/4096x40   0 106008
27.6  1.3 ./cli kernel images/4096x40   0 108732
  PID User     Command                         Swap      USS      PSS      RSS 
 7802 codespace /usr/bin/python3 /usr/bin/s        0    12060    12247    14476 
 6846 codespace ./cli kernel images/4096x40        0    99136    99179   100444 
 6844 codespace ./cli kernel images/4096x40        0   100964   101003   102224 
 6842 codespace ./cli kernel images/4096x40        0   105220   105259   106472 
 6839 codespace ./cli kernel images/4096x40        0   105460   105499   106728 
 6848 codespace ./cli kernel images/4096x40        0   108020   108060   109248 
%CPU %MEM ARGS Sat Sep 26 19:59:42 UTC 2026
 0.0  0.0 grep --color=auto ./cli       1  2196
25.4  1.2 ./cli kernel images/4096x40   0 100992
26.0  1.2 ./cli kernel images/4096x40   1 103176
26.9  1.3 ./cli kernel images/4096x40   0 107324
27.0  1.3 ./cli kernel images/4096x40   1 107344
27.6  1.3 ./cli kernel images/4096x40   0 109792
  PID User     Command                         Swap      USS      PSS      RSS 
 7813 codespace /usr/bin/python3 /usr/bin/s        0    12064    12260    14528 
 6846 codespace ./cli kernel images/4096x40        0   100232   100275   101540 
 6844 codespace ./cli kernel images/4096x40        0   102764   102803   104024 
 6839 codespace ./cli kernel images/4096x40        0   106540   106579   107808 
 6842 codespace ./cli kernel images/4096x40        0   106592   106631   107844 
 6848 codespace ./cli kernel images/4096x40        0   109156   109196   110384 
%CPU %MEM ARGS Sat Sep 26 19:59:43 UTC 2026
 0.0  0.0 grep --color=auto ./cli       0  2208
25.4  1.2 ./cli kernel images/4096x40   1 102608
26.0  1.2 ./cli kernel images/4096x40   0 105080
26.8  1.3 ./cli kernel images/4096x40   1 108640
26.9  1.3 ./cli kernel images/4096x40   0 108588
27.5  1.3 ./cli kernel images/4096x40   0 111056
  PID User     Command                         Swap      USS      PSS      RSS 
 7825 codespace /usr/bin/python3 /usr/bin/s        0    12060    12256    14524 
 6846 codespace ./cli kernel images/4096x40        0   102312   102355   103620 
 6844 codespace ./cli kernel images/4096x40        0   104376   104415   105636 
 6842 codespace ./cli kernel images/4096x40        0   107828   107867   109080 
 6839 codespace ./cli kernel images/4096x40        0   107920   107959   109188 
 6848 codespace ./cli kernel images/4096x40        0   110392   110432   111620 
%CPU %MEM ARGS Sat Sep 26 19:59:44 UTC 2026
 0.0  0.0 grep --color=auto ./cli       0  2156
25.5  1.2 ./cli kernel images/4096x40   0 104232
26.2  1.3 ./cli kernel images/4096x40   1 106768
26.8  1.3 ./cli kernel images/4096x40   0 109892
26.9  1.3 ./cli kernel images/4096x40   0 109752
27.5  1.3 ./cli kernel images/4096x40   0 112176
  PID User     Command                         Swap      USS      PSS      RSS 
 7831 codespace /usr/bin/python3 /usr/bin/s        0    12060    12253    14520 
 6846 codespace ./cli kernel images/4096x40        0   103288   103331   104596 
 6844 codespace ./cli kernel images/4096x40        0   106036   106075   107296 
 6842 codespace ./cli kernel images/4096x40        0   108800   108839   110052 
 6839 codespace ./cli kernel images/4096x40        0   108896   108935   110164 
 6848 codespace ./cli kernel images/4096x40        0   111364   111404   112592 
%CPU %MEM ARGS Sat Sep 26 19:59:44 UTC 2026
 0.0  0.0 grep --color=auto ./cli       1  2156
25.6  1.2 ./cli kernel images/4096x40   0 105536
26.3  1.3 ./cli kernel images/4096x40   1 108316
26.8  1.3 ./cli kernel images/4096x40   1 111028
26.8  1.3 ./cli kernel images/4096x40   1 110776
27.4  1.3 ./cli kernel images/4096x40   1 113216
  PID User     Command                         Swap      USS      PSS      RSS 
 7836 codespace /usr/bin/python3 /usr/bin/s        0    12060    12248    14516 
 6846 codespace ./cli kernel images/4096x40        0   104724   104767   106032 
 6844 codespace ./cli kernel images/4096x40        0   107476   107515   108736 
 6842 codespace ./cli kernel images/4096x40        0   109900   109939   111152 
 6839 codespace ./cli kernel images/4096x40        0   110092   110131   111360 
 6848 codespace ./cli kernel images/4096x40        0   112440   112480   113668 
%CPU %MEM ARGS Sat Sep 26 19:59:45 UTC 2026
 0.0  0.0 grep --color=auto ./cli       0  2180
25.7  1.3 ./cli kernel images/4096x40   0 106836
26.3  1.3 ./cli kernel images/4096x40   1 109340
26.8  1.3 ./cli kernel images/4096x40   1 111952
26.8  1.3 ./cli kernel images/4096x40   1 111712
27.4  1.4 ./cli kernel images/4096x40   1 114156
  PID User     Command                         Swap      USS      PSS      RSS 
 7848 codespace /usr/bin/python3 /usr/bin/s        0    12060    12236    14508 
 6846 codespace ./cli kernel images/4096x40        0   106020   106061   107328 
 6844 codespace ./cli kernel images/4096x40        0   108516   108553   109776 
 6842 codespace ./cli kernel images/4096x40        0   110872   110909   112124 
 6839 codespace ./cli kernel images/4096x40        0   111148   111187   112416 
 6848 codespace ./cli kernel images/4096x40        0   113404   113442   114632 
%CPU %MEM ARGS Sat Sep 26 19:59:46 UTC 2026
 0.0  0.0 grep --color=auto ./cli       0  2180
25.6  1.3 ./cli kernel images/4096x40   0 108012
26.3  1.3 ./cli kernel images/4096x40   0 110496
26.8  1.3 ./cli kernel images/4096x40   1 112872
26.8  1.3 ./cli kernel images/4096x40   1 113216
27.4  1.4 ./cli kernel images/4096x40   1 115348
  PID User     Command                         Swap      USS      PSS      RSS 
 7865 codespace /usr/bin/python3 /usr/bin/s        0    12060    12243    14476 
 6846 codespace ./cli kernel images/4096x40        0   107248   107291   108556 
 6844 codespace ./cli kernel images/4096x40        0   110164   110203   111424 
 6842 codespace ./cli kernel images/4096x40        0   112156   112195   113408 
 6839 codespace ./cli kernel images/4096x40        0   112456   112495   113724 
 6848 codespace ./cli kernel images/4096x40        0   114704   114744   115932 
%CPU %MEM ARGS Sat Sep 26 19:59:46 UTC 2026
 0.0  0.0 grep --color=auto ./cli       1  2196
25.7  1.3 ./cli kernel images/4096x40   0 109476
26.3  1.3 ./cli kernel images/4096x40   1 112160
26.8  1.4 ./cli kernel images/4096x40   1 114080
26.8  1.4 ./cli kernel images/4096x40   1 114420
27.3  1.4 ./cli kernel images/4096x40   1 116552
  PID User     Command                         Swap      USS      PSS      RSS 
 7871 codespace /usr/bin/python3 /usr/bin/s        0    12060    12254    14520 
 6846 codespace ./cli kernel images/4096x40        0   108628   108671   109936 
 6844 codespace ./cli kernel images/4096x40        0   111316   111355   112576 
 6842 codespace ./cli kernel images/4096x40        0   113336   113375   114588 
 6839 codespace ./cli kernel images/4096x40        0   113592   113631   114860 
 6848 codespace ./cli kernel images/4096x40        0   115808   115848   117036 
%CPU %MEM ARGS Sat Sep 26 19:59:47 UTC 2026
 0.0  0.0 grep --color=auto ./cli       1  2164
25.7  1.3 ./cli kernel images/4096x40   1 110520
26.3  1.3 ./cli kernel images/4096x40   1 113164
26.7  1.4 ./cli kernel images/4096x40   1 115484
26.8  1.4 ./cli kernel images/4096x40   0 115380
27.3  1.4 ./cli kernel images/4096x40   1 117608
  PID User     Command                         Swap      USS      PSS      RSS 
 7877 codespace /usr/bin/python3 /usr/bin/s        0    12068    12269    14592 
 6846 codespace ./cli kernel images/4096x40        0   109960   110003   111268 
 6844 codespace ./cli kernel images/4096x40        0   112540   112573   113800 
 6842 codespace ./cli kernel images/4096x40        0   114716   114749   115968 
 6839 codespace ./cli kernel images/4096x40        0   114852   114891   116120 
 6848 codespace ./cli kernel images/4096x40        0   117040   117080   118268 
%CPU %MEM ARGS Sat Sep 26 19:59:48 UTC 2026
 0.0  0.0 grep --color=auto ./cli       1  2288
25.6  1.3 ./cli kernel images/4096x40   1 111804
26.2  1.4 ./cli kernel images/4096x40   1 114432
26.6  1.4 ./cli kernel images/4096x40   1 116916
26.6  1.4 ./cli kernel images/4096x40   1 116556
27.2  1.4 ./cli kernel images/4096x40   0 119052
  PID User     Command                         Swap      USS      PSS      RSS 
 7910 codespace /usr/bin/python3 /usr/bin/s        0    12060    12244    14476 
 6846 codespace ./cli kernel images/4096x40        0   111032   111075   112340 
 6844 codespace ./cli kernel images/4096x40        0   113696   113735   114956 
 6842 codespace ./cli kernel images/4096x40        0   115744   115783   116996 
 6839 codespace ./cli kernel images/4096x40        0   116024   116063   117292 
 6848 codespace ./cli kernel images/4096x40        0   118760   118800   119988 
%CPU %MEM ARGS Sat Sep 26 19:59:48 UTC 2026
 0.0  0.0 grep --color=auto ./cli       0  2152
25.6  1.3 ./cli kernel images/4096x40   1 113072
26.2  1.4 ./cli kernel images/4096x40   1 115652
26.6  1.4 ./cli kernel images/4096x40   1 118136
26.6  1.4 ./cli kernel images/4096x40   1 117832
27.3  1.4 ./cli kernel images/4096x40   0 120812
  PID User     Command                         Swap      USS      PSS      RSS 
 7918 codespace /usr/bin/python3 /usr/bin/s        0    12048    12238    14512 
 6846 codespace ./cli kernel images/4096x40        0   112336   112379   113644 
 6844 codespace ./cli kernel images/4096x40        0   114972   115011   116232 
 6842 codespace ./cli kernel images/4096x40        0   117088   117127   118340 
 6839 codespace ./cli kernel images/4096x40        0   117348   117387   118616 
 6848 codespace ./cli kernel images/4096x40        0   120188   120228   121416 
%CPU %MEM ARGS Sat Sep 26 19:59:49 UTC 2026
 0.0  0.0 grep --color=auto ./cli       0  2300
25.6  1.4 ./cli kernel images/4096x40   1 114288
26.3  1.4 ./cli kernel images/4096x40   0 117368
26.6  1.4 ./cli kernel images/4096x40   1 119052
26.7  1.4 ./cli kernel images/4096x40   1 119612
27.3  1.5 ./cli kernel images/4096x40   1 122032
  PID User     Command                         Swap      USS      PSS      RSS 
 7924 codespace /usr/bin/python3 /usr/bin/s        0    12080    12291    14592 
 6846 codespace ./cli kernel images/4096x40        0   113540   113583   114848 
 6844 codespace ./cli kernel images/4096x40        0   116776   116815   118036 
 6842 codespace ./cli kernel images/4096x40        0   118288   118327   119540 
 6839 codespace ./cli kernel images/4096x40        0   118784   118823   120052 
 6848 codespace ./cli kernel images/4096x40        0   121380   121420   122608 
%CPU %MEM ARGS Sat Sep 26 19:59:50 UTC 2026
 0.0  0.0 grep --color=auto ./cli       1  2204
25.6  1.4 ./cli kernel images/4096x40   0 115516
26.3  1.4 ./cli kernel images/4096x40   0 118732
26.7  1.4 ./cli kernel images/4096x40   0 120324
26.7  1.4 ./cli kernel images/4096x40   0 120836
27.3  1.5 ./cli kernel images/4096x40   1 123412
  PID User     Command                         Swap      USS      PSS      RSS 
 7932 codespace /usr/bin/python3 /usr/bin/s        0    12060    12249    14544 
 6846 codespace ./cli kernel images/4096x40        0   114668   114711   115976 
 6844 codespace ./cli kernel images/4096x40        0   118300   118339   119560 
 6842 codespace ./cli kernel images/4096x40        0   119456   119495   120708 
 6839 codespace ./cli kernel images/4096x40        0   119976   120015   121244 
 6848 codespace ./cli kernel images/4096x40        0   122744   122784   123972 
%CPU %MEM ARGS Sat Sep 26 19:59:50 UTC 2026
 0.0  0.0 grep --color=auto ./cli       1  2176
25.6  1.4 ./cli kernel images/4096x40   0 116728
26.4  1.4 ./cli kernel images/4096x40   0 120360
26.6  1.4 ./cli kernel images/4096x40   0 121508
26.7  1.5 ./cli kernel images/4096x40   1 122076
27.3  1.5 ./cli kernel images/4096x40   1 124724
  PID User     Command                         Swap      USS      PSS      RSS 
 7941 codespace /usr/bin/python3 /usr/bin/s        0    12060    12246    14476 
 6846 codespace ./cli kernel images/4096x40        0   116084   116127   117392 
 6844 codespace ./cli kernel images/4096x40        0   119724   119759   120984 
 6842 codespace ./cli kernel images/4096x40        0   120860   120896   122112 
 6839 codespace ./cli kernel images/4096x40        0   121360   121399   122628 
 6848 codespace ./cli kernel images/4096x40        0   124196   124236   125424 
%CPU %MEM ARGS Sat Sep 26 19:59:51 UTC 2026
 0.0  0.0 grep --color=auto ./cli       1  2160
25.6  1.4 ./cli kernel images/4096x40   0 118068
26.4  1.4 ./cli kernel images/4096x40   1 121616
26.6  1.5 ./cli kernel images/4096x40   0 122856
26.7  1.5 ./cli kernel images/4096x40   1 123540
27.3  1.5 ./cli kernel images/4096x40   1 126192
  PID User     Command                         Swap      USS      PSS      RSS 
 7958 codespace /usr/bin/python3 /usr/bin/s        0    12052    12244    14480 
 6846 codespace ./cli kernel images/4096x40        0   117364   117406   118672 
 6844 codespace ./cli kernel images/4096x40        0   121388   121427   122648 
 6842 codespace ./cli kernel images/4096x40        0   122168   122207   123420 
 6839 codespace ./cli kernel images/4096x40        0   122784   122823   124052 
 6848 codespace ./cli kernel images/4096x40        0   125592   125632   126820 
%CPU %MEM ARGS Sat Sep 26 19:59:52 UTC 2026
 0.0  0.0 grep --color=auto ./cli       0  2180
25.6  1.4 ./cli kernel images/4096x40   1 119260
26.4  1.5 ./cli kernel images/4096x40   1 123244
26.6  1.5 ./cli kernel images/4096x40   1 124704
26.7  1.5 ./cli kernel images/4096x40   0 124604
27.3  1.5 ./cli kernel images/4096x40   1 127324
  PID User     Command                         Swap      USS      PSS      RSS 
 7963 codespace /usr/bin/python3 /usr/bin/s        0    12056    12225    14472 
 6846 codespace ./cli kernel images/4096x40        0   118412   118453   119720 
 6844 codespace ./cli kernel images/4096x40        0   122432   122471   123692 
 6839 codespace ./cli kernel images/4096x40        0   123804   123843   125072 
 6842 codespace ./cli kernel images/4096x40        0   124280   124319   125532 
 6848 codespace ./cli kernel images/4096x40        0   126576   126612   127804 
%CPU %MEM ARGS Sat Sep 26 19:59:52 UTC 2026
 0.0  0.0 grep --color=auto ./cli       0  2192
25.6  1.4 ./cli kernel images/4096x40   1 120284
26.4  1.5 ./cli kernel images/4096x40   1 124264
26.6  1.5 ./cli kernel images/4096x40   0 125932
26.8  1.5 ./cli kernel images/4096x40   1 126404
27.2  1.5 ./cli kernel images/4096x40   1 128336
  PID User     Command                         Swap      USS      PSS      RSS 
 7975 codespace /usr/bin/python3 /usr/bin/s        0    12080    12277    14620 
 6846 codespace ./cli kernel images/4096x40        0   119344   119387   120652 
 6844 codespace ./cli kernel images/4096x40        0   123348   123387   124608 
 6839 codespace ./cli kernel images/4096x40        0   125096   125135   126364 
 6842 codespace ./cli kernel images/4096x40        0   125492   125531   126744 
 6848 codespace ./cli kernel images/4096x40        0   127476   127516   128704 
%CPU %MEM ARGS Sat Sep 26 19:59:53 UTC 2026
 0.0  0.0 grep --color=auto ./cli       1  2344
25.6  1.4 ./cli kernel images/4096x40   1 121240
26.4  1.5 ./cli kernel images/4096x40   0 125392
26.7  1.5 ./cli kernel images/4096x40   1 127004
26.8  1.5 ./cli kernel images/4096x40   1 127388
27.2  1.5 ./cli kernel images/4096x40   1 129284
  PID User     Command                         Swap      USS      PSS      RSS 
 7981 codespace /usr/bin/python3 /usr/bin/s        0    12064    12252    14540 
 6846 codespace ./cli kernel images/4096x40        0   120352   120395   121660 
 6844 codespace ./cli kernel images/4096x40        0   124716   124755   125976 
 6839 codespace ./cli kernel images/4096x40        0   126096   126136   127364 
 6842 codespace ./cli kernel images/4096x40        0   126524   126563   127776 
 6848 codespace ./cli kernel images/4096x40        0   128496   128536   129724 
%CPU %MEM ARGS Sat Sep 26 19:59:53 UTC 2026
 0.0  0.0 grep --color=auto ./cli       0  2152
25.5  1.5 ./cli kernel images/4096x40   1 122132
26.6  1.5 ./cli kernel images/4096x40   0 127012
26.6  1.5 ./cli kernel images/4096x40   1 127912
26.8  1.5 ./cli kernel images/4096x40   1 128296
27.2  1.6 ./cli kernel images/4096x40   1 130196
  PID User     Command                         Swap      USS      PSS      RSS 
 7992 codespace /usr/bin/python3 /usr/bin/s        0    12072    12271    14620 
 6846 codespace ./cli kernel images/4096x40        0   121296   121339   122604 
 6844 codespace ./cli kernel images/4096x40        0   126240   126279   127500 
 6839 codespace ./cli kernel images/4096x40        0   127000   127039   128268 
 6842 codespace ./cli kernel images/4096x40        0   127444   127483   128696 
 6848 codespace ./cli kernel images/4096x40        0   129396   129436   130624 
%CPU %MEM ARGS Sat Sep 26 19:59:54 UTC 2026
 0.0  0.0 grep --color=auto ./cli       1  2296
25.7  1.5 ./cli kernel images/4096x40   0 123584
26.6  1.5 ./cli kernel images/4096x40   1 128068
26.6  1.5 ./cli kernel images/4096x40   1 128880
26.8  1.5 ./cli kernel images/4096x40   1 129264
27.2  1.6 ./cli kernel images/4096x40   1 131140
  PID User     Command                         Swap      USS      PSS      RSS 
 7998 codespace /usr/bin/python3 /usr/bin/s        0    12052    12238    14444 
 6846 codespace ./cli kernel images/4096x40        0   123048   123091   124356 
 6844 codespace ./cli kernel images/4096x40        0   127204   127243   128464 
 6839 codespace ./cli kernel images/4096x40        0   127932   127971   129200 
 6842 codespace ./cli kernel images/4096x40        0   128376   128415   129628 
 6848 codespace ./cli kernel images/4096x40        0   130404   130444   131632 
%CPU %MEM ARGS Sat Sep 26 19:59:55 UTC 2026
 0.0  0.0 grep --color=auto ./cli       1  2180
25.8  1.5 ./cli kernel images/4096x40   0 125352
26.6  1.5 ./cli kernel images/4096x40   1 129228
26.7  1.6 ./cli kernel images/4096x40   0 130424
26.8  1.6 ./cli kernel images/4096x40   1 130428
27.2  1.6 ./cli kernel images/4096x40   0 132316
  PID User     Command                         Swap      USS      PSS      RSS 
 8004 codespace /usr/bin/python3 /usr/bin/s        0    12060    12254    14524 
 6846 codespace ./cli kernel images/4096x40        0   124668   124711   125976 
 6844 codespace ./cli kernel images/4096x40        0   128536   128575   129796 
 6839 codespace ./cli kernel images/4096x40        0   129644   129683   130912 
 6842 codespace ./cli kernel images/4096x40        0   129708   129747   130960 
 6848 codespace ./cli kernel images/4096x40        0   132308   132348   133536 
%CPU %MEM ARGS Sat Sep 26 19:59:55 UTC 2026
 0.0  0.0 grep --color=auto ./cli       0  2296
25.8  1.5 ./cli kernel images/4096x40   1 126768
26.6  1.6 ./cli kernel images/4096x40   1 130628
26.6  1.6 ./cli kernel images/4096x40   1 131696
26.8  1.6 ./cli kernel images/4096x40   1 131936
27.3  1.6 ./cli kernel images/4096x40   0 134388
  PID User     Command                         Swap      USS      PSS      RSS 
 8015 codespace /usr/bin/python3 /usr/bin/s        0    12060    12249    14540 
 6846 codespace ./cli kernel images/4096x40        0   125988   126031   127296 
 6844 codespace ./cli kernel images/4096x40        0   129916   129955   131176 
 6839 codespace ./cli kernel images/4096x40        0   130816   130855   132084 
 6842 codespace ./cli kernel images/4096x40        0   131144   131183   132396 
 6848 codespace ./cli kernel images/4096x40        0   134228   134268   135456 
%CPU %MEM ARGS Sat Sep 26 19:59:56 UTC 2026
 0.0  0.0 grep --color=auto ./cli       1  2196
25.8  1.5 ./cli kernel images/4096x40   1 127932
26.6  1.6 ./cli kernel images/4096x40   0 132244
26.6  1.6 ./cli kernel images/4096x40   1 132840
26.7  1.6 ./cli kernel images/4096x40   1 133100
27.3  1.6 ./cli kernel images/4096x40   1 136076
  PID User     Command                         Swap      USS      PSS      RSS 
 8021 codespace /usr/bin/python3 /usr/bin/s        0    12060    12244    14460 
 6846 codespace ./cli kernel images/4096x40        0   127060   127103   128368 
 6844 codespace ./cli kernel images/4096x40        0   131628   131667   132888 
 6839 codespace ./cli kernel images/4096x40        0   131936   131975   133204 
 6842 codespace ./cli kernel images/4096x40        0   132240   132279   133492 
 6848 codespace ./cli kernel images/4096x40        0   135320   135360   136548 
%CPU %MEM ARGS Sat Sep 26 19:59:57 UTC 2026
 0.0  0.0 grep --color=auto ./cli       1  2340
25.7  1.5 ./cli kernel images/4096x40   1 128948
26.6  1.6 ./cli kernel images/4096x40   1 134032
26.6  1.6 ./cli kernel images/4096x40   0 133736
26.7  1.6 ./cli kernel images/4096x40   1 134308
27.3  1.6 ./cli kernel images/4096x40   1 137136
  PID User     Command                         Swap      USS      PSS      RSS 
 8038 codespace /usr/bin/python3 /usr/bin/s        0    12060    12244    14476 
 6846 codespace ./cli kernel images/4096x40        0   128344   128382   129652 
 6844 codespace ./cli kernel images/4096x40        0   133096   133133   134356 
 6839 codespace ./cli kernel images/4096x40        0   133400   133439   134668 
 6842 codespace ./cli kernel images/4096x40        0   133500   133538   134752 
 6848 codespace ./cli kernel images/4096x40        0   136416   136456   137644 
%CPU %MEM ARGS Sat Sep 26 19:59:57 UTC 2026
 0.0  0.0 grep --color=auto ./cli       0  2196
25.7  1.6 ./cli kernel images/4096x40   1 130252
26.6  1.6 ./cli kernel images/4096x40   0 135408
26.7  1.6 ./cli kernel images/4096x40   1 135388
26.7  1.6 ./cli kernel images/4096x40   0 135336
27.2  1.6 ./cli kernel images/4096x40   1 138176
  PID User     Command                         Swap      USS      PSS      RSS 
 8050 codespace /usr/bin/python3 /usr/bin/s        0    12076    12267    14592 
 6846 codespace ./cli kernel images/4096x40        0   129436   129479   130744 
 6839 codespace ./cli kernel images/4096x40        0   134576   134615   135844 
 6842 codespace ./cli kernel images/4096x40        0   134600   134639   135852 
 6844 codespace ./cli kernel images/4096x40        0   135020   135059   136280 
 6848 codespace ./cli kernel images/4096x40        0   137432   137470   138660 
%CPU %MEM ARGS Sat Sep 26 19:59:58 UTC 2026
 0.0  0.0 grep --color=auto ./cli       1  2248
25.6  1.6 ./cli kernel images/4096x40   1 131472
26.6  1.6 ./cli kernel images/4096x40   0 136900
26.6  1.6 ./cli kernel images/4096x40   1 136932
26.7  1.6 ./cli kernel images/4096x40   1 137004
27.1  1.7 ./cli kernel images/4096x40   1 139352
  PID User     Command                         Swap      USS      PSS      RSS 
 8075 codespace /usr/bin/python3 /usr/bin/s        0    12052    12242    14516 
 6846 codespace ./cli kernel images/4096x40        0   130500   130543   131808 
 6842 codespace ./cli kernel images/4096x40        0   135980   136019   137232 
 6844 codespace ./cli kernel images/4096x40        0   136072   136111   137332 
 6839 codespace ./cli kernel images/4096x40        0   136104   136144   137372 
 6848 codespace ./cli kernel images/4096x40        0   138480   138520   139708 
%CPU %MEM ARGS Sat Sep 26 19:59:59 UTC 2026
 0.0  0.0 grep --color=auto ./cli       1  2180
25.6  1.6 ./cli kernel images/4096x40   1 132624
26.6  1.7 ./cli kernel images/4096x40   0 138292
26.6  1.6 ./cli kernel images/4096x40   1 138088
26.6  1.6 ./cli kernel images/4096x40   1 137980
27.1  1.7 ./cli kernel images/4096x40   1 140264
  PID User     Command                         Swap      USS      PSS      RSS 
 8083 codespace /usr/bin/python3 /usr/bin/s        0    12060    12256    14524 
 6846 codespace ./cli kernel images/4096x40        0   132068   132111   133376 
 6844 codespace ./cli kernel images/4096x40        0   137316   137355   138576 
 6839 codespace ./cli kernel images/4096x40        0   137700   137739   138968 
 6842 codespace ./cli kernel images/4096x40        0   137944   137983   139196 
 6848 codespace ./cli kernel images/4096x40        0   139708   139748   140936 
%CPU %MEM ARGS Sat Sep 26 20:00:00 UTC 2026
 0.0  0.0 grep --color=auto ./cli       0  2248
25.6  1.6 ./cli kernel images/4096x40   1 133992
26.6  1.7 ./cli kernel images/4096x40   1 139284
26.7  1.7 ./cli kernel images/4096x40   0 140052
26.7  1.7 ./cli kernel images/4096x40   1 139892
27.0  1.7 ./cli kernel images/4096x40   1 141504
  PID User     Command                         Swap      USS      PSS      RSS 
 8095 codespace /usr/bin/python3 /usr/bin/s        0    12084    12277    14576 
 6846 codespace ./cli kernel images/4096x40        0   133188   133231   134496 
 6844 codespace ./cli kernel images/4096x40        0   138496   138535   139756 
 6842 codespace ./cli kernel images/4096x40        0   139072   139111   140324 
 6839 codespace ./cli kernel images/4096x40        0   139528   139567   140796 
 6848 codespace ./cli kernel images/4096x40        0   140908   140948   142136 
%CPU %MEM ARGS Sat Sep 26 20:00:00 UTC 2026
 0.0  0.0 grep --color=auto ./cli       0  2180
25.6  1.6 ./cli kernel images/4096x40   1 135216
26.7  1.7 ./cli kernel images/4096x40   1 141108
26.7  1.7 ./cli kernel images/4096x40   1 141712
26.7  1.7 ./cli kernel images/4096x40   0 141236
27.0  1.7 ./cli kernel images/4096x40   0 142880
  PID User     Command                         Swap      USS      PSS      RSS 
 8104 codespace /usr/bin/python3 /usr/bin/s        0    12060    12254    14520 
 6846 codespace ./cli kernel images/4096x40        0   134460   134503   135768 
 6842 codespace ./cli kernel images/4096x40        0   140380   140419   141632 
 6844 codespace ./cli kernel images/4096x40        0   140940   140979   142200 
 6839 codespace ./cli kernel images/4096x40        0   140944   140983   142212 
 6848 codespace ./cli kernel images/4096x40        0   142284   142324   143512 
%CPU %MEM ARGS Sat Sep 26 20:00:01 UTC 2026
 0.0  0.0 grep --color=auto ./cli       1  2180
25.6  1.6 ./cli kernel images/4096x40   1 136252
26.6  1.7 ./cli kernel images/4096x40   1 142168
26.7  1.7 ./cli kernel images/4096x40   1 142768
26.8  1.7 ./cli kernel images/4096x40   0 143000
27.0  1.7 ./cli kernel images/4096x40   1 143984
  PID User     Command                         Swap      USS      PSS      RSS 
 8110 codespace /usr/bin/python3 /usr/bin/s        0    12068    12253    14484 
 6846 codespace ./cli kernel images/4096x40        0   135552   135595   136860 
 6842 codespace ./cli kernel images/4096x40        0   141512   141551   142764 
 6839 codespace ./cli kernel images/4096x40        0   141972   142011   143240 
 6844 codespace ./cli kernel images/4096x40        0   143132   143171   144392 
 6848 codespace ./cli kernel images/4096x40        0   143384   143424   144612 
%CPU %MEM ARGS Sat Sep 26 20:00:02 UTC 2026
 0.0  0.0 grep --color=auto ./cli       1  2340
25.6  1.6 ./cli kernel images/4096x40   1 137748
26.7  1.7 ./cli kernel images/4096x40   1 143784
26.7  1.7 ./cli kernel images/4096x40   1 144180
27.0  1.7 ./cli kernel images/4096x40   1 145252
27.0  1.7 ./cli kernel images/4096x40   1 145392
  PID User     Command                         Swap      USS      PSS      RSS 
 8116 codespace /usr/bin/python3 /usr/bin/s        0    12064    12237    14524 
 6846 codespace ./cli kernel images/4096x40        0   137092   137133   138400 
 6839 codespace ./cli kernel images/4096x40        0   143416   143450   144684 
 6842 codespace ./cli kernel images/4096x40        0   143700   143737   144952 
 6844 codespace ./cli kernel images/4096x40        0   144660   144697   145920 
 6848 codespace ./cli kernel images/4096x40        0   144884   144922   146112 
%CPU %MEM ARGS Sat Sep 26 20:00:03 UTC 2026
 0.0  0.0 grep --color=auto ./cli       0  2208
25.5  1.7 ./cli kernel images/4096x40   1 139068
26.6  1.7 ./cli kernel images/4096x40   1 145476
26.8  1.7 ./cli kernel images/4096x40   0 146172
26.9  1.8 ./cli kernel images/4096x40   1 146744
26.9  1.8 ./cli kernel images/4096x40   1 146724
  PID User     Command                         Swap      USS      PSS      RSS 
 8139 codespace /usr/bin/python3 /usr/bin/s        0    12052    12242    14480 
 6846 codespace ./cli kernel images/4096x40        0   138372   138415   139680 
 6839 codespace ./cli kernel images/4096x40        0   144724   144763   145992 
 6844 codespace ./cli kernel images/4096x40        0   146176   146215   147436 
 6848 codespace ./cli kernel images/4096x40        0   146216   146256   147444 
 6842 codespace ./cli kernel images/4096x40        0   146428   146467   147680 
%CPU %MEM ARGS Sat Sep 26 20:00:03 UTC 2026
 0.0  0.0 grep --color=auto ./cli       0  2152
25.5  1.7 ./cli kernel images/4096x40   0 140540
26.6  1.8 ./cli kernel images/4096x40   1 146952
26.9  1.8 ./cli kernel images/4096x40   1 148132
26.9  1.8 ./cli kernel images/4096x40   0 148384
27.0  1.8 ./cli kernel images/4096x40   0 148668
  PID User     Command                         Swap      USS      PSS      RSS 
 8145 codespace /usr/bin/python3 /usr/bin/s        0    12056    12241    14472 
 6846 codespace ./cli kernel images/4096x40        0   139840   139883   141148 
 6839 codespace ./cli kernel images/4096x40        0   146840   146879   148108 
 6844 codespace ./cli kernel images/4096x40        0   147696   147735   148956 
 6848 codespace ./cli kernel images/4096x40        0   147808   147848   149036 
 6842 codespace ./cli kernel images/4096x40        0   147948   147987   149200 
%CPU %MEM ARGS Sat Sep 26 20:00:04 UTC 2026
 0.0  0.0 grep --color=auto ./cli       1  2180
25.5  1.7 ./cli kernel images/4096x40   0 141796
26.7  1.8 ./cli kernel images/4096x40   0 148980
26.9  1.8 ./cli kernel images/4096x40   0 149640
26.9  1.8 ./cli kernel images/4096x40   1 149920
26.9  1.8 ./cli kernel images/4096x40   0 149940
  PID User     Command                         Swap      USS      PSS      RSS 
 8151 codespace /usr/bin/python3 /usr/bin/s        0    12064    12251    14536 
 6846 codespace ./cli kernel images/4096x40        0   141032   141075   142340 
 6839 codespace ./cli kernel images/4096x40        0   148208   148247   149476 
 6844 codespace ./cli kernel images/4096x40        0   148944   148983   150204 
 6842 codespace ./cli kernel images/4096x40        0   149152   149191   150404 
 6848 codespace ./cli kernel images/4096x40        0   149332   149372   150560 
%CPU %MEM ARGS Sat Sep 26 20:00:05 UTC 2026
 0.0  0.0 grep --color=auto ./cli       0  1752
25.5  1.7 ./cli kernel images/4096x40   0 142988
26.8  1.8 ./cli kernel images/4096x40   0 150336
26.9  1.8 ./cli kernel images/4096x40   0 151076
27.0  1.8 ./cli kernel images/4096x40   0 150984
27.0  1.8 ./cli kernel images/4096x40   1 151240
  PID User     Command                         Swap      USS      PSS      RSS 
 8159 codespace /usr/bin/python3 /usr/bin/s        0    12088    12293    14588 
 6846 codespace ./cli kernel images/4096x40        0   142304   142347   143612 
 6839 codespace ./cli kernel images/4096x40        0   149628   149667   150896 
 6844 codespace ./cli kernel images/4096x40        0   150328   150367   151588 
 6848 codespace ./cli kernel images/4096x40        0   150688   150728   151916 
 6842 codespace ./cli kernel images/4096x40        0   150772   150811   152024 
%CPU %MEM ARGS Sat Sep 26 20:00:06 UTC 2026
 0.0  0.0 grep --color=auto ./cli       0  2252
25.5  1.7 ./cli kernel images/4096x40   0 144248
26.7  1.8 ./cli kernel images/4096x40   0 151596
26.9  1.8 ./cli kernel images/4096x40   1 152344
26.9  1.8 ./cli kernel images/4096x40   0 152636
27.0  1.8 ./cli kernel images/4096x40   1 152932
  PID User     Command                         Swap      USS      PSS      RSS 
 8172 codespace /usr/bin/python3 /usr/bin/s        0    12060    12244    14476 
 6846 codespace ./cli kernel images/4096x40        0   143640   143683   144948 
 6839 codespace ./cli kernel images/4096x40        0   150944   150983   152212 
 6844 codespace ./cli kernel images/4096x40        0   151724   151763   152984 
 6848 codespace ./cli kernel images/4096x40        0   152040   152080   153268 
 6842 codespace ./cli kernel images/4096x40        0   152456   152495   153708 
%CPU %MEM ARGS Sat Sep 26 20:00:06 UTC 2026
 0.0  0.0 grep --color=auto ./cli       0  2160
25.5  1.7 ./cli kernel images/4096x40   0 145604
26.7  1.8 ./cli kernel images/4096x40   0 153112
26.9  1.8 ./cli kernel images/4096x40   0 153888
26.9  1.8 ./cli kernel images/4096x40   0 153680
27.0  1.9 ./cli kernel images/4096x40   0 154920
  PID User     Command                         Swap      USS      PSS      RSS 
 8181 codespace /usr/bin/python3 /usr/bin/s        0    12052    12243    14480 
 6846 codespace ./cli kernel images/4096x40        0   145060   145103   146368 
 6839 codespace ./cli kernel images/4096x40        0   152376   152415   153644 
 6844 codespace ./cli kernel images/4096x40        0   153048   153087   154308 
 6848 codespace ./cli kernel images/4096x40        0   153328   153368   154556 
 6842 codespace ./cli kernel images/4096x40        0   154724   154763   155976 
%CPU %MEM ARGS Sat Sep 26 20:00:07 UTC 2026
 0.0  0.0 grep --color=auto ./cli       0  2252
25.5  1.8 ./cli kernel images/4096x40   0 146952
26.7  1.9 ./cli kernel images/4096x40   1 154592
26.8  1.9 ./cli kernel images/4096x40   0 155076
26.9  1.9 ./cli kernel images/4096x40   0 154960
27.1  1.9 ./cli kernel images/4096x40   0 156764
  PID User     Command                         Swap      USS      PSS      RSS 
 8187 codespace /usr/bin/python3 /usr/bin/s        0    12060    12245    14476 
 6846 codespace ./cli kernel images/4096x40        0   146112   146155   147420 
 6844 codespace ./cli kernel images/4096x40        0   154208   154247   155468 
 6839 codespace ./cli kernel images/4096x40        0   154240   154279   155508 
 6848 codespace ./cli kernel images/4096x40        0   154432   154472   155660 
 6842 codespace ./cli kernel images/4096x40        0   156004   156043   157256 
%CPU %MEM ARGS Sat Sep 26 20:00:08 UTC 2026
 0.0  0.0 grep --color=auto ./cli       1  2300
25.5  1.8 ./cli kernel images/4096x40   1 148224
26.8  1.9 ./cli kernel images/4096x40   1 156336
26.8  1.9 ./cli kernel images/4096x40   1 156196
26.8  1.9 ./cli kernel images/4096x40   1 156040
27.1  1.9 ./cli kernel images/4096x40   1 157968
  PID User     Command                         Swap      USS      PSS      RSS 
 8192 codespace /usr/bin/python3 /usr/bin/s        0    12052    12220    14480 
 6846 codespace ./cli kernel images/4096x40        0   147208   147246   148516 
 6844 codespace ./cli kernel images/4096x40        0   155060   155095   156320 
 6848 codespace ./cli kernel images/4096x40        0   155272   155310   156500 
 6839 codespace ./cli kernel images/4096x40        0   155300   155339   156568 
 6842 codespace ./cli kernel images/4096x40        0   156972   157005   158224 
%CPU %MEM ARGS Sat Sep 26 20:00:08 UTC 2026
 0.0  0.0 grep --color=auto ./cli       0  2208
25.4  1.8 ./cli kernel images/4096x40   1 148856
26.7  1.9 ./cli kernel images/4096x40   0 156820
26.7  1.9 ./cli kernel images/4096x40   0 157124
26.8  1.9 ./cli kernel images/4096x40   0 156808
27.0  1.9 ./cli kernel images/4096x40   0 158616
  PID User     Command                         Swap      USS      PSS      RSS 
 8217 codespace /usr/bin/python3 /usr/bin/s        0    12056    12226    14540 
 6846 codespace ./cli kernel images/4096x40        0   147920   147961   149228 
 6844 codespace ./cli kernel images/4096x40        0   155852   155889   157112 
 6848 codespace ./cli kernel images/4096x40        0   155860   155898   157088 
 6839 codespace ./cli kernel images/4096x40        0   156084   156123   157352 
 6842 codespace ./cli kernel images/4096x40        0   157584   157623   158836 
%CPU %MEM ARGS Sat Sep 26 20:00:09 UTC 2026
 0.0  0.0 grep --color=auto ./cli       1  2156
25.4  1.8 ./cli kernel images/4096x40   0 149772
26.7  1.9 ./cli kernel images/4096x40   0 157628
26.7  1.9 ./cli kernel images/4096x40   0 157656
26.7  1.9 ./cli kernel images/4096x40   1 158256
27.0  1.9 ./cli kernel images/4096x40   0 159388
  PID User     Command                         Swap      USS      PSS      RSS 
 8239 codespace /usr/bin/python3 /usr/bin/s        0    12060    12251    14544 
 6846 codespace ./cli kernel images/4096x40        0   148776   148819   150084 
 6844 codespace ./cli kernel images/4096x40        0   156688   156727   157948 
 6848 codespace ./cli kernel images/4096x40        0   156708   156748   157936 
 6839 codespace ./cli kernel images/4096x40        0   157404   157443   158672 
 6842 codespace ./cli kernel images/4096x40        0   158436   158475   159688 
%CPU %MEM ARGS Sat Sep 26 20:00:09 UTC 2026
 0.0  0.0 grep --color=auto ./cli       1  2292
25.4  1.8 ./cli kernel images/4096x40   1 150924
26.7  1.9 ./cli kernel images/4096x40   0 158508
26.7  1.9 ./cli kernel images/4096x40   0 158496
26.7  1.9 ./cli kernel images/4096x40   0 159252
26.9  1.9 ./cli kernel images/4096x40   0 160240
  PID User     Command                         Swap      USS      PSS      RSS 
 8245 codespace /usr/bin/python3 /usr/bin/s        0    12080    12276    14620 
 6846 codespace ./cli kernel images/4096x40        0   150280   150323   151588 
 6844 codespace ./cli kernel images/4096x40        0   157736   157775   158996 
 6848 codespace ./cli kernel images/4096x40        0   157876   157916   159104 
 6839 codespace ./cli kernel images/4096x40        0   158624   158663   159892 
 6842 codespace ./cli kernel images/4096x40        0   159448   159487   160700 
%CPU %MEM ARGS Sat Sep 26 20:00:10 UTC 2026
 0.0  0.0 grep --color=auto ./cli       1  2256
25.5  1.8 ./cli kernel images/4096x40   1 152472
26.7  1.9 ./cli kernel images/4096x40   0 159764
26.7  1.9 ./cli kernel images/4096x40   0 159748
26.8  1.9 ./cli kernel images/4096x40   0 161052
26.9  1.9 ./cli kernel images/4096x40   0 161476
  PID User     Command                         Swap      USS      PSS      RSS 
 8251 codespace /usr/bin/python3 /usr/bin/s        0    12060    12239    14424 
 6846 codespace ./cli kernel images/4096x40        0   152592   152635   153900 
 6844 codespace ./cli kernel images/4096x40        0   159036   159075   160296 
 6848 codespace ./cli kernel images/4096x40        0   159180   159220   160408 
 6839 codespace ./cli kernel images/4096x40        0   160256   160295   161524 
 6842 codespace ./cli kernel images/4096x40        0   160744   160783   161996 
%CPU %MEM ARGS Sat Sep 26 20:00:11 UTC 2026
 0.0  0.0 grep --color=auto ./cli       0  2308
25.6  1.9 ./cli kernel images/4096x40   0 154596
26.7  1.9 ./cli kernel images/4096x40   1 161224
26.7  1.9 ./cli kernel images/4096x40   0 161028
26.8  1.9 ./cli kernel images/4096x40   0 162348
27.0  2.0 ./cli kernel images/4096x40   1 163148
  PID User     Command                         Swap      USS      PSS      RSS 
 8259 codespace /usr/bin/python3 /usr/bin/s        0    12060    12244    14476 
 6846 codespace ./cli kernel images/4096x40        0   153928   153971   155236 
 6844 codespace ./cli kernel images/4096x40        0   160544   160583   161804 
 6848 codespace ./cli kernel images/4096x40        0   161100   161140   162328 
 6839 codespace ./cli kernel images/4096x40        0   161580   161615   162848 
 6842 codespace ./cli kernel images/4096x40        0   162524   162559   163776 
%CPU %MEM ARGS Sat Sep 26 20:00:12 UTC 2026
 0.0  0.0 grep --color=auto ./cli       0  2292
25.6  1.9 ./cli kernel images/4096x40   0 155928
26.7  2.0 ./cli kernel images/4096x40   1 162768
26.7  2.0 ./cli kernel images/4096x40   1 163144
26.7  2.0 ./cli kernel images/4096x40   1 163616
26.9  2.0 ./cli kernel images/4096x40   0 164564
  PID User     Command                         Swap      USS      PSS      RSS 
 8274 codespace /usr/bin/python3 /usr/bin/s        0    12060    12256    14524 
 6846 codespace ./cli kernel images/4096x40        0   155264   155307   156572 
 6844 codespace ./cli kernel images/4096x40        0   162000   162039   163260 
 6848 codespace ./cli kernel images/4096x40        0   162540   162580   163768 
 6839 codespace ./cli kernel images/4096x40        0   162752   162791   164020 
 6842 codespace ./cli kernel images/4096x40        0   163788   163827   165040 
%CPU %MEM ARGS Sat Sep 26 20:00:12 UTC 2026
 0.0  0.0 grep --color=auto ./cli       1  2172
25.7  1.9 ./cli kernel images/4096x40   0 158212
26.7  2.0 ./cli kernel images/4096x40   1 163972
26.7  2.0 ./cli kernel images/4096x40   1 164352
26.7  2.0 ./cli kernel images/4096x40   1 164788
26.9  2.0 ./cli kernel images/4096x40   1 165776
  PID User     Command                         Swap      USS      PSS      RSS 
 8280 codespace /usr/bin/python3 /usr/bin/s        0    12060    12244    14476 
 6846 codespace ./cli kernel images/4096x40        0   157508   157550   158816 
 6844 codespace ./cli kernel images/4096x40        0   163792   163831   165052 
 6848 codespace ./cli kernel images/4096x40        0   163832   163872   165060 
 6839 codespace ./cli kernel images/4096x40        0   164036   164076   165304 
 6842 codespace ./cli kernel images/4096x40        0   165148   165187   166400 
%CPU %MEM ARGS Sat Sep 26 20:00:13 UTC 2026
 0.0  0.0 grep --color=auto ./cli       0  2192
25.7  1.9 ./cli kernel images/4096x40   1 159508
26.7  2.0 ./cli kernel images/4096x40   1 165728
26.7  2.0 ./cli kernel images/4096x40   1 166168
26.7  2.0 ./cli kernel images/4096x40   1 165728
27.0  2.0 ./cli kernel images/4096x40   0 167396
  PID User     Command                         Swap      USS      PSS      RSS 
 8285 codespace /usr/bin/python3 /usr/bin/s        0    12060    12244    14476 
 6846 codespace ./cli kernel images/4096x40        0   158496   158539   159804 
 6844 codespace ./cli kernel images/4096x40        0   164756   164795   166016 
 6848 codespace ./cli kernel images/4096x40        0   164828   164868   166056 
 6839 codespace ./cli kernel images/4096x40        0   165136   165175   166404 
 6842 codespace ./cli kernel images/4096x40        0   166520   166559   167772 
%CPU %MEM ARGS Sat Sep 26 20:00:14 UTC 2026
 0.0  0.0 grep --color=auto ./cli       1  2176
25.7  1.9 ./cli kernel images/4096x40   0 160244
26.7  2.0 ./cli kernel images/4096x40   1 166660
26.7  2.0 ./cli kernel images/4096x40   0 167008
26.7  2.0 ./cli kernel images/4096x40   0 166548
27.0  2.0 ./cli kernel images/4096x40   0 168336
  PID User     Command                         Swap      USS      PSS      RSS 
 8297 codespace /usr/bin/python3 /usr/bin/s        0    12060    12220    14496 
 6846 codespace ./cli kernel images/4096x40        0   159776   159818   161084 
 6844 codespace ./cli kernel images/4096x40        0   165720   165759   166980 
 6848 codespace ./cli kernel images/4096x40        0   166120   166157   167348 
 6839 codespace ./cli kernel images/4096x40        0   166144   166184   167412 
 6842 codespace ./cli kernel images/4096x40        0   167568   167607   168820 
%CPU %MEM ARGS Sat Sep 26 20:00:14 UTC 2026
 0.0  0.0 grep --color=auto ./cli       0  2252
25.8  1.9 ./cli kernel images/4096x40   0 162200
26.7  2.0 ./cli kernel images/4096x40   1 167584
26.7  2.0 ./cli kernel images/4096x40   1 167940
26.7  2.0 ./cli kernel images/4096x40   1 168164
26.9  2.0 ./cli kernel images/4096x40   1 169516
  PID User     Command                         Swap      USS      PSS      RSS 
 8315 codespace /usr/bin/python3 /usr/bin/s        0    12060    12244    14476 
 6846 codespace ./cli kernel images/4096x40        0   161528   161571   162836 
 6844 codespace ./cli kernel images/4096x40        0   167148   167187   168408 
 6848 codespace ./cli kernel images/4096x40        0   167260   167300   168488 
 6839 codespace ./cli kernel images/4096x40        0   167372   167411   168640 
 6842 codespace ./cli kernel images/4096x40        0   168752   168791   170004 
%CPU %MEM ARGS Sat Sep 26 20:00:15 UTC 2026
 0.0  0.0 grep --color=auto ./cli       0  2180
25.8  2.0 ./cli kernel images/4096x40   1 163520
26.7  2.0 ./cli kernel images/4096x40   1 169396
26.7  2.0 ./cli kernel images/4096x40   1 169156
26.7  2.0 ./cli kernel images/4096x40   1 169176
26.9  2.1 ./cli kernel images/4096x40   0 170884
  PID User     Command                         Swap      USS      PSS      RSS 
 8320 codespace /usr/bin/python3 /usr/bin/s        0    12060    12261    14568 
 6846 codespace ./cli kernel images/4096x40        0   162784   162827   164092 
 6844 codespace ./cli kernel images/4096x40        0   168452   168491   169712 
 6848 codespace ./cli kernel images/4096x40        0   168536   168576   169764 
 6839 codespace ./cli kernel images/4096x40        0   168556   168596   169824 
 6842 codespace ./cli kernel images/4096x40        0   170400   170439   171652 
%CPU %MEM ARGS Sat Sep 26 20:00:16 UTC 2026
 0.0  0.0 grep --color=auto ./cli       1  2248
25.8  2.0 ./cli kernel images/4096x40   0 164752
26.6  2.0 ./cli kernel images/4096x40   0 170384
26.7  2.1 ./cli kernel images/4096x40   0 171036
26.7  2.0 ./cli kernel images/4096x40   1 170648
27.0  2.1 ./cli kernel images/4096x40   1 172668
  PID User     Command                         Swap      USS      PSS      RSS 
 8326 codespace /usr/bin/python3 /usr/bin/s        0    12024    12225    14532 
 6846 codespace ./cli kernel images/4096x40        0   164120   164163   165428 
 6848 codespace ./cli kernel images/4096x40        0   169880   169920   171108 
 6839 codespace ./cli kernel images/4096x40        0   170328   170368   171596 
 6844 codespace ./cli kernel images/4096x40        0   170416   170455   171676 
 6842 codespace ./cli kernel images/4096x40        0   171952   171991   173204 
%CPU %MEM ARGS Sat Sep 26 20:00:16 UTC 2026
 0.0  0.0 grep --color=auto ./cli       0  2180
25.8  2.0 ./cli kernel images/4096x40   1 166268
26.6  2.1 ./cli kernel images/4096x40   0 171768
26.7  2.1 ./cli kernel images/4096x40   1 172588
26.8  2.1 ./cli kernel images/4096x40   0 172348
27.1  2.1 ./cli kernel images/4096x40   0 174436
  PID User     Command                         Swap      USS      PSS      RSS 
 8332 codespace /usr/bin/python3 /usr/bin/s        0    12064    12258    14524 
 6846 codespace ./cli kernel images/4096x40        0   165752   165795   167060 
 6848 codespace ./cli kernel images/4096x40        0   171320   171360   172548 
 6839 codespace ./cli kernel images/4096x40        0   171972   172005   173240 
 6844 codespace ./cli kernel images/4096x40        0   171980   172019   173240 
 6842 codespace ./cli kernel images/4096x40        0   173828   173860   175080 
%CPU %MEM ARGS Sat Sep 26 20:00:17 UTC 2026
 0.0  0.0 grep --color=auto ./cli       0  2308
25.8  2.0 ./cli kernel images/4096x40   0 167708
26.6  2.1 ./cli kernel images/4096x40   0 173144
26.7  2.1 ./cli kernel images/4096x40   1 174200
26.8  2.1 ./cli kernel images/4096x40   1 174164
27.0  2.1 ./cli kernel images/4096x40   0 175904
  PID User     Command                         Swap      USS      PSS      RSS 
 8350 codespace /usr/bin/python3 /usr/bin/s        0    12064    12259    14524 
 6846 codespace ./cli kernel images/4096x40        0   167000   167043   168308 
 6848 codespace ./cli kernel images/4096x40        0   172592   172632   173820 
 6839 codespace ./cli kernel images/4096x40        0   173680   173719   174948 
 6844 codespace ./cli kernel images/4096x40        0   173736   173775   174996 
 6842 codespace ./cli kernel images/4096x40        0   175172   175211   176424 
%CPU %MEM ARGS Sat Sep 26 20:00:18 UTC 2026
 0.0  0.0 grep --color=auto ./cli       0  2180
25.8  2.0 ./cli kernel images/4096x40   0 169184
26.6  2.1 ./cli kernel images/4096x40   0 174640
26.8  2.1 ./cli kernel images/4096x40   0 175928
26.8  2.1 ./cli kernel images/4096x40   1 175936
27.0  2.1 ./cli kernel images/4096x40   1 177264
  PID User     Command                         Swap      USS      PSS      RSS 
 8355 codespace /usr/bin/python3 /usr/bin/s        0    12064    12249    14480 
 6846 codespace ./cli kernel images/4096x40        0   168480   168523   169788 
 6848 codespace ./cli kernel images/4096x40        0   174072   174112   175300 
 6839 codespace ./cli kernel images/4096x40        0   175124   175163   176392 
 6844 codespace ./cli kernel images/4096x40        0   175564   175603   176824 
 6842 codespace ./cli kernel images/4096x40        0   176792   176831   178044 
%CPU %MEM ARGS Sat Sep 26 20:00:19 UTC 2026
 0.0  0.0 grep --color=auto ./cli       1  2200
25.8  2.0 ./cli kernel images/4096x40   0 170548
26.6  2.1 ./cli kernel images/4096x40   0 175996
26.8  2.1 ./cli kernel images/4096x40   0 177524
26.9  2.1 ./cli kernel images/4096x40   0 177640
27.1  2.2 ./cli kernel images/4096x40   0 179020
  PID User     Command                         Swap      USS      PSS      RSS 
 8361 codespace /usr/bin/python3 /usr/bin/s        0    12052    12212    14480 
 6846 codespace ./cli kernel images/4096x40        0   169848   169889   171156 
 6848 codespace ./cli kernel images/4096x40        0   175336   175374   176564 
 6839 codespace ./cli kernel images/4096x40        0   176652   176691   177920 
 6844 codespace ./cli kernel images/4096x40        0   176852   176891   178112 
 6842 codespace ./cli kernel images/4096x40        0   178304   178343   179556 
%CPU %MEM ARGS Sat Sep 26 20:00:20 UTC 2026
 0.0  0.0 grep --color=auto ./cli       0  2288
25.8  2.1 ./cli kernel images/4096x40   0 171872
26.6  2.1 ./cli kernel images/4096x40   0 177328
26.7  2.1 ./cli kernel images/4096x40   0 178880
26.8  2.2 ./cli kernel images/4096x40   1 178928
27.0  2.2 ./cli kernel images/4096x40   1 180404
  PID User     Command                         Swap      USS      PSS      RSS 
 8390 codespace /usr/bin/python3 /usr/bin/s        0    12080    12264    14564 
 6846 codespace ./cli kernel images/4096x40        0   171284   171324   172592 
 6848 codespace ./cli kernel images/4096x40        0   176748   176784   177976 
 6839 codespace ./cli kernel images/4096x40        0   178052   178087   179320 
 6844 codespace ./cli kernel images/4096x40        0   178404   178443   179664 
 6842 codespace ./cli kernel images/4096x40        0   179656   179694   180908 
%CPU %MEM ARGS Sat Sep 26 20:00:20 UTC 2026
 0.0  0.0 grep --color=auto ./cli       0  2160
25.8  2.1 ./cli kernel images/4096x40   1 173284
26.5  2.1 ./cli kernel images/4096x40   1 178608
26.7  2.2 ./cli kernel images/4096x40   0 180396
26.8  2.2 ./cli kernel images/4096x40   1 180364
27.0  2.2 ./cli kernel images/4096x40   1 181852
  PID User     Command                         Swap      USS      PSS      RSS 
 8408 codespace /usr/bin/python3 /usr/bin/s        0    12080    12277    14620 
 6846 codespace ./cli kernel images/4096x40        0   172628   172671   173936 
 6848 codespace ./cli kernel images/4096x40        0   178012   178052   179240 
 6844 codespace ./cli kernel images/4096x40        0   179652   179691   180912 
 6839 codespace ./cli kernel images/4096x40        0   180000   180039   181268 
 6842 codespace ./cli kernel images/4096x40        0   181064   181103   182316 
%CPU %MEM ARGS Sat Sep 26 20:00:21 UTC 2026
 0.0  0.0 grep --color=auto ./cli       0  2176
25.8  2.1 ./cli kernel images/4096x40   1 174668
26.5  2.2 ./cli kernel images/4096x40   1 179980
26.8  2.2 ./cli kernel images/4096x40   1 181768
26.9  2.2 ./cli kernel images/4096x40   0 182776
27.0  2.2 ./cli kernel images/4096x40   1 183120
  PID User     Command                         Swap      USS      PSS      RSS 
 8413 codespace /usr/bin/python3 /usr/bin/s        0    12060    12233    14504 
 6846 codespace ./cli kernel images/4096x40        0   174188   174231   175496 
 6848 codespace ./cli kernel images/4096x40        0   179432   179472   180660 
 6844 codespace ./cli kernel images/4096x40        0   181144   181183   182404 
 6842 codespace ./cli kernel images/4096x40        0   182432   182471   183684 
 6839 codespace ./cli kernel images/4096x40        0   182552   182592   183820 
%CPU %MEM ARGS Sat Sep 26 20:00:22 UTC 2026
 0.0  0.0 grep --color=auto ./cli       1  1872
25.9  2.1 ./cli kernel images/4096x40   0 176568
26.5  2.2 ./cli kernel images/4096x40   1 181376
26.8  2.2 ./cli kernel images/4096x40   1 183164
27.0  2.2 ./cli kernel images/4096x40   1 184716
27.0  2.2 ./cli kernel images/4096x40   1 184500
  PID User     Command                         Swap      USS      PSS      RSS 
 8419 codespace /usr/bin/python3 /usr/bin/s        0    12064    12248    14480 
 6846 codespace ./cli kernel images/4096x40        0   175808   175851   177116 
 6848 codespace ./cli kernel images/4096x40        0   180536   180576   181764 
 6844 codespace ./cli kernel images/4096x40        0   182256   182295   183516 
 6842 codespace ./cli kernel images/4096x40        0   183592   183631   184844 
 6839 codespace ./cli kernel images/4096x40        0   183772   183811   185040 
%CPU %MEM ARGS Sat Sep 26 20:00:22 UTC 2026
 0.0  0.0 grep --color=auto ./cli       0  2184
25.9  2.1 ./cli kernel images/4096x40   1 177580
26.5  2.2 ./cli kernel images/4096x40   1 182244
26.8  2.2 ./cli kernel images/4096x40   1 184420
26.9  2.2 ./cli kernel images/4096x40   0 185580
26.9  2.2 ./cli kernel images/4096x40   1 185340
  PID User     Command                         Swap      USS      PSS      RSS 
 8425 codespace /usr/bin/python3 /usr/bin/s        0    12052    12227    14516 
 6846 codespace ./cli kernel images/4096x40        0   176952   176991   178260 
 6848 codespace ./cli kernel images/4096x40        0   181872   181908   183100 
 6844 codespace ./cli kernel images/4096x40        0   183780   183815   185040 
 6842 codespace ./cli kernel images/4096x40        0   184652   184687   185904 
 6839 codespace ./cli kernel images/4096x40        0   185716   185755   186984 
%CPU %MEM ARGS Sat Sep 26 20:00:23 UTC 2026
 0.0  0.0 grep --color=auto ./cli       1  2156
25.8  2.1 ./cli kernel images/4096x40   1 178920
26.5  2.2 ./cli kernel images/4096x40   1 183724
26.8  2.2 ./cli kernel images/4096x40   1 185740
26.9  2.2 ./cli kernel images/4096x40   1 186664
27.1  2.3 ./cli kernel images/4096x40   0 188192
  PID User     Command                         Swap      USS      PSS      RSS 
 8443 codespace /usr/bin/python3 /usr/bin/s        0    12052    12242    14480 
 6846 codespace ./cli kernel images/4096x40        0   178104   178147   179412 
 6848 codespace ./cli kernel images/4096x40        0   183028   183068   184256 
 6844 codespace ./cli kernel images/4096x40        0   184904   184943   186164 
 6842 codespace ./cli kernel images/4096x40        0   185780   185819   187032 
 6839 codespace ./cli kernel images/4096x40        0   187392   187431   188660 
%CPU %MEM ARGS Sat Sep 26 20:00:24 UTC 2026
 0.0  0.0 grep --color=auto ./cli       1  2176
25.8  2.2 ./cli kernel images/4096x40   1 180128
26.5  2.2 ./cli kernel images/4096x40   1 184916
26.8  2.3 ./cli kernel images/4096x40   0 187284
26.9  2.3 ./cli kernel images/4096x40   1 187852
27.2  2.3 ./cli kernel images/4096x40   0 190308
  PID User     Command                         Swap      USS      PSS      RSS 
 8448 codespace /usr/bin/python3 /usr/bin/s        0    12060    12250    14544 
 6846 codespace ./cli kernel images/4096x40        0   179460   179503   180768 
 6848 codespace ./cli kernel images/4096x40        0   184356   184395   185584 
 6844 codespace ./cli kernel images/4096x40        0   186796   186835   188056 
 6842 codespace ./cli kernel images/4096x40        0   187132   187171   188384 
 6839 codespace ./cli kernel images/4096x40        0   190040   190080   191308 
%CPU %MEM ARGS Sat Sep 26 20:00:25 UTC 2026
 0.0  0.0 grep --color=auto ./cli       1  2284
25.8  2.2 ./cli kernel images/4096x40   1 181368
26.5  2.2 ./cli kernel images/4096x40   1 186172
26.8  2.3 ./cli kernel images/4096x40   1 189116
26.9  2.3 ./cli kernel images/4096x40   0 189088
27.3  2.3 ./cli kernel images/4096x40   1 192356
  PID User     Command                         Swap      USS      PSS      RSS 
 8454 codespace /usr/bin/python3 /usr/bin/s        0    12076    12253    14596 
 6846 codespace ./cli kernel images/4096x40        0   180420   180463   181728 
 6848 codespace ./cli kernel images/4096x40        0   185360   185398   186588 
 6842 codespace ./cli kernel images/4096x40        0   188248   188287   189500 
 6844 codespace ./cli kernel images/4096x40        0   188324   188363   189584 
 6839 codespace ./cli kernel images/4096x40        0   191452   191491   192720 
%CPU %MEM ARGS Sat Sep 26 20:00:25 UTC 2026
 0.0  0.0 grep --color=auto ./cli       0  2156
25.8  2.2 ./cli kernel images/4096x40   1 182328
26.4  2.3 ./cli kernel images/4096x40   0 187272
26.8  2.3 ./cli kernel images/4096x40   1 190064
26.9  2.3 ./cli kernel images/4096x40   1 190136
27.2  2.3 ./cli kernel images/4096x40   0 193340
  PID User     Command                         Swap      USS      PSS      RSS 
 8465 codespace /usr/bin/python3 /usr/bin/s        0    12072    12287    14596 
 6846 codespace ./cli kernel images/4096x40        0   181736   181778   183044 
 6848 codespace ./cli kernel images/4096x40        0   186784   186824   188012 
 6842 codespace ./cli kernel images/4096x40        0   189396   189435   190648 
 6844 codespace ./cli kernel images/4096x40        0   189512   189551   190772 
 6839 codespace ./cli kernel images/4096x40        0   192552   192587   193820 
%CPU %MEM ARGS Sat Sep 26 20:00:26 UTC 2026
 0.0  0.0 grep --color=auto ./cli       1  2288
25.8  2.2 ./cli kernel images/4096x40   1 183820
26.4  2.3 ./cli kernel images/4096x40   0 188632
26.8  2.3 ./cli kernel images/4096x40   0 191516
26.9  2.3 ./cli kernel images/4096x40   1 191576
27.2  2.3 ./cli kernel images/4096x40   0 194704
  PID User     Command                         Swap      USS      PSS      RSS 
 8480 codespace /usr/bin/python3 /usr/bin/s        0    12060    12251    14508 
 6846 codespace ./cli kernel images/4096x40        0   183660   183703   184968 
 6848 codespace ./cli kernel images/4096x40        0   188136   188176   189364 
 6842 codespace ./cli kernel images/4096x40        0   190844   190883   192096 
 6844 codespace ./cli kernel images/4096x40        0   191016   191055   192276 
 6839 codespace ./cli kernel images/4096x40        0   193944   193984   195212 
%CPU %MEM ARGS Sat Sep 26 20:00:27 UTC 2026
 0.0  0.0 grep --color=auto ./cli       0  2204
25.8  2.2 ./cli kernel images/4096x40   1 185708
26.4  2.3 ./cli kernel images/4096x40   0 190152
26.8  2.3 ./cli kernel images/4096x40   1 192820
26.9  2.3 ./cli kernel images/4096x40   1 193076
27.2  2.4 ./cli kernel images/4096x40   1 195972
  PID User     Command                         Swap      USS      PSS      RSS 
 8489 codespace /usr/bin/python3 /usr/bin/s        0    12048    12238    14512 
 6846 codespace ./cli kernel images/4096x40        0   185012   185055   186320 
 6848 codespace ./cli kernel images/4096x40        0   189640   189680   190868 
 6842 codespace ./cli kernel images/4096x40        0   192112   192151   193364 
 6844 codespace ./cli kernel images/4096x40        0   192564   192603   193824 
 6839 codespace ./cli kernel images/4096x40        0   195236   195276   196504 
%CPU %MEM ARGS Sat Sep 26 20:00:27 UTC 2026
 0.0  0.0 grep --color=auto ./cli       0  2344
25.9  2.2 ./cli kernel images/4096x40   1 187032
26.4  2.3 ./cli kernel images/4096x40   1 191524
26.8  2.3 ./cli kernel images/4096x40   1 194180
26.9  2.3 ./cli kernel images/4096x40   1 194604
27.2  2.4 ./cli kernel images/4096x40   0 197708
  PID User     Command                         Swap      USS      PSS      RSS 
 8495 codespace /usr/bin/python3 /usr/bin/s        0    12060    12243    14476 
 6846 codespace ./cli kernel images/4096x40        0   186344   186387   187652 
 6848 codespace ./cli kernel images/4096x40        0   190988   191028   192216 
 6842 codespace ./cli kernel images/4096x40        0   193576   193615   194828 
 6844 codespace ./cli kernel images/4096x40        0   194708   194747   195968 
 6839 codespace ./cli kernel images/4096x40        0   198408   198447   199676 
%CPU %MEM ARGS Sat Sep 26 20:00:28 UTC 2026
 0.0  0.0 grep --color=auto ./cli       0  2300
25.8  2.3 ./cli kernel images/4096x40   0 188292
26.4  2.3 ./cli kernel images/4096x40   0 192896
26.8  2.4 ./cli kernel images/4096x40   0 195528
27.0  2.4 ./cli kernel images/4096x40   0 196864
27.2  2.5 ./cli kernel images/4096x40   1 204940
  PID User     Command                         Swap      USS      PSS      RSS 
 8500 codespace /usr/bin/python3 /usr/bin/s        0    12088    12282    14596 
 6846 codespace ./cli kernel images/4096x40        0   187364   187407   188672 
 6848 codespace ./cli kernel images/4096x40        0   192088   192128   193316 
 6842 codespace ./cli kernel images/4096x40        0   194576   194611   195828 
 6844 codespace ./cli kernel images/4096x40        0   195944   195983   197204 
 6839 codespace ./cli kernel images/4096x40        0   206476   206515   207744 
%CPU %MEM ARGS Sat Sep 26 20:00:29 UTC 2026
 0.0  0.0 grep --color=auto ./cli       0  2248
25.8  2.3 ./cli kernel images/4096x40   0 189380
26.4  2.3 ./cli kernel images/4096x40   0 193928
26.8  2.4 ./cli kernel images/4096x40   0 196636
27.0  2.4 ./cli kernel images/4096x40   0 197960
27.3  2.6 ./cli kernel images/4096x40   1 213816
  PID User     Command                         Swap      USS      PSS      RSS 
 8512 codespace /usr/bin/python3 /usr/bin/s        0    12088    12295    14592 
 6846 codespace ./cli kernel images/4096x40        0   188696   188739   190004 
 6848 codespace ./cli kernel images/4096x40        0   193368   193408   194596 
 6842 codespace ./cli kernel images/4096x40        0   195892   195931   197144 
 6844 codespace ./cli kernel images/4096x40        0   199808   199847   201068 
 6839 codespace ./cli kernel images/4096x40        0   216632   216671   217900 
%CPU %MEM ARGS Sat Sep 26 20:00:30 UTC 2026
 0.0  0.0 grep --color=auto ./cli       1  2340
25.8  2.3 ./cli kernel images/4096x40   0 190640
26.4  2.4 ./cli kernel images/4096x40   1 195200
26.7  2.4 ./cli kernel images/4096x40   1 197900
27.0  2.5 ./cli kernel images/4096x40   0 205144
27.3  2.7 ./cli kernel images/4096x40   1 222828
  PID User     Command                         Swap      USS      PSS      RSS 
 8530 codespace /usr/bin/python3 /usr/bin/s        0    12060    12244    14476 
 6846 codespace ./cli kernel images/4096x40        0   190024   190067   191332 
 6848 codespace ./cli kernel images/4096x40        0   194728   194768   195956 
 6842 codespace ./cli kernel images/4096x40        0   200324   200363   201576 
 6844 codespace ./cli kernel images/4096x40        0   212808   212847   214068 
 6839 codespace ./cli kernel images/4096x40        0   224444   224483   225712 
%CPU %MEM ARGS Sat Sep 26 20:00:30 UTC 2026
 0.0  0.0 grep --color=auto ./cli       1  2308
25.8  2.3 ./cli kernel images/4096x40   1 192076
26.4  2.4 ./cli kernel images/4096x40   1 196664
26.7  2.5 ./cli kernel images/4096x40   0 207244
27.1  2.6 ./cli kernel images/4096x40   0 219400
27.2  2.8 ./cli kernel images/4096x40   1 230760
  PID User     Command                         Swap      USS      PSS      RSS 
 8549 codespace /usr/bin/python3 /usr/bin/s        0    12060    12252    14516 
 6846 codespace ./cli kernel images/4096x40        0   191740   191781   193048 
 6848 codespace ./cli kernel images/4096x40        0   196452   196492   197680 
 6842 codespace ./cli kernel images/4096x40        0   209980   210017   211232 
 6844 codespace ./cli kernel images/4096x40        0   222576   222613   223836 
 6839 codespace ./cli kernel images/4096x40        0   232296   232335   233564 
%CPU %MEM ARGS Sat Sep 26 20:00:31 UTC 2026
 0.0  0.0 grep --color=auto ./cli       0  2168
25.8  2.3 ./cli kernel images/4096x40   1 193872
26.4  2.4 ./cli kernel images/4096x40   0 201064
26.7  2.6 ./cli kernel images/4096x40   1 216072
27.0  2.8 ./cli kernel images/4096x40   1 228164
27.2  2.9 ./cli kernel images/4096x40   0 240100
  PID User     Command                         Swap      USS      PSS      RSS 
 8560 codespace /usr/bin/python3 /usr/bin/s        0    12068    12264    14568 
 6846 codespace ./cli kernel images/4096x40        0   193212   193255   194520 
 6848 codespace ./cli kernel images/4096x40        0   204200   204242   205492 
 6842 codespace ./cli kernel images/4096x40        0   217832   217871   219084 
 6844 codespace ./cli kernel images/4096x40        0   233428   233467   234688 
 6839 codespace ./cli kernel images/4096x40        0   241436   241476   242704 
%CPU %MEM ARGS Sat Sep 26 20:00:32 UTC 2026
 0.0  0.0 grep --color=auto ./cli       0  2248
25.8  2.4 ./cli kernel images/4096x40   0 195204
26.4  2.5 ./cli kernel images/4096x40   1 209932
26.7  2.7 ./cli kernel images/4096x40   0 223380
27.1  2.9 ./cli kernel images/4096x40   0 239388
27.2  3.0 ./cli kernel images/4096x40   0 247316
  PID User     Command                         Swap      USS      PSS      RSS 
 8575 codespace /usr/bin/python3 /usr/bin/s        0    12080    12275    14620 
 6846 codespace ./cli kernel images/4096x40        0   194280   194323   195588 
 6848 codespace ./cli kernel images/4096x40        0   212860   212902   214152 
 6842 codespace ./cli kernel images/4096x40        0   223820   223859   225072 
 6844 codespace ./cli kernel images/4096x40        0   240180   240219   241440 
 6839 codespace ./cli kernel images/4096x40        0   247836   247871   249104 
%CPU %MEM ARGS Sat Sep 26 20:00:33 UTC 2026
 0.0  0.0 grep --color=auto ./cli       1  2248
25.8  2.4 ./cli kernel images/4096x40   1 196236
26.4  2.6 ./cli kernel images/4096x40   1 217992
26.7  2.8 ./cli kernel images/4096x40   1 228984
27.1  3.0 ./cli kernel images/4096x40   1 245620
27.2  3.1 ./cli kernel images/4096x40   0 253524
  PID User     Command                         Swap      USS      PSS      RSS 
 8584 codespace /usr/bin/python3 /usr/bin/s        0    12060    12246    14532 
 6846 codespace ./cli kernel images/4096x40        0   195492   195535   196800 
 6848 codespace ./cli kernel images/4096x40        0   220948   220990   222240 
 6842 codespace ./cli kernel images/4096x40        0   232308   232347   233560 
 6844 codespace ./cli kernel images/4096x40        0   247112   247151   248372 
 6839 codespace ./cli kernel images/4096x40        0   254920   254959   256188 
%CPU %MEM ARGS Sat Sep 26 20:00:33 UTC 2026
 0.0  0.0 grep --color=auto ./cli       1  2292
25.8  2.4 ./cli kernel images/4096x40   1 197604
26.4  2.7 ./cli kernel images/4096x40   1 226260
26.8  2.9 ./cli kernel images/4096x40   0 240964
27.1  3.1 ./cli kernel images/4096x40   1 253160
27.2  3.2 ./cli kernel images/4096x40   1 260932
  PID User     Command                         Swap      USS      PSS      RSS 
 8590 codespace /usr/bin/python3 /usr/bin/s        0    12060    12245    14476 
 6846 codespace ./cli kernel images/4096x40        0   196988   197030   198296 
 6848 codespace ./cli kernel images/4096x40        0   227304   227346   228596 
 6842 codespace ./cli kernel images/4096x40        0   242444   242483   243696 
 6844 codespace ./cli kernel images/4096x40        0   254336   254375   255596 
 6839 codespace ./cli kernel images/4096x40        0   261844   261883   263112 
%CPU %MEM ARGS Sat Sep 26 20:00:34 UTC 2026
 0.0  0.0 grep --color=auto ./cli       1  2152
25.8  2.4 ./cli kernel images/4096x40   0 202164
26.5  2.8 ./cli kernel images/4096x40   0 232336
26.8  3.0 ./cli kernel images/4096x40   1 247204
27.1  3.1 ./cli kernel images/4096x40   1 259008
27.2  3.2 ./cli kernel images/4096x40   1 266880
  PID User     Command                         Swap      USS      PSS      RSS 
 8595 codespace /usr/bin/python3 /usr/bin/s        0    12068    12286    14596 
 6846 codespace ./cli kernel images/4096x40        0   204592   204635   205900 
 6848 codespace ./cli kernel images/4096x40        0   240052   240094   241344 
 6842 codespace ./cli kernel images/4096x40        0   249108   249143   250360 
 6844 codespace ./cli kernel images/4096x40        0   262004   262043   263264 
 6839 codespace ./cli kernel images/4096x40        0   268420   268459   269688 
%CPU %MEM ARGS Sat Sep 26 20:00:35 UTC 2026
 0.0  0.0 grep --color=auto ./cli       1  2304
25.8  2.5 ./cli kernel images/4096x40   1 209896
26.6  3.0 ./cli kernel images/4096x40   0 245628
26.8  3.1 ./cli kernel images/4096x40   1 255152
27.1  3.2 ./cli kernel images/4096x40   1 268100
27.2  3.3 ./cli kernel images/4096x40   1 274996
  PID User     Command                         Swap      USS      PSS      RSS 
 8607 codespace /usr/bin/python3 /usr/bin/s        0    12060    12261    14568 
 6846 codespace ./cli kernel images/4096x40        0   210708   210751   212016 
 6848 codespace ./cli kernel images/4096x40        0   247452   247494   248744 
 6842 codespace ./cli kernel images/4096x40        0   255828   255867   257080 
 6844 codespace ./cli kernel images/4096x40        0   268872   268911   270132 
 6839 codespace ./cli kernel images/4096x40        0   275192   275232   276460 
%CPU %MEM ARGS Sat Sep 26 20:00:35 UTC 2026
 0.0  0.0 grep --color=auto ./cli       1  2160
25.8  2.6 ./cli kernel images/4096x40   1 215412
26.6  3.0 ./cli kernel images/4096x40   0 252104
26.7  3.2 ./cli kernel images/4096x40   0 260984
27.1  3.3 ./cli kernel images/4096x40   1 273716
27.2  3.4 ./cli kernel images/4096x40   1 280476
  PID User     Command                         Swap      USS      PSS      RSS 
 8613 codespace /usr/bin/python3 /usr/bin/s        0    12052    12236    14468 
 6846 codespace ./cli kernel images/4096x40        0   217592   217634   218900 
 6848 codespace ./cli kernel images/4096x40        0   257412   257454   258704 
 6842 codespace ./cli kernel images/4096x40        0   262680   262719   263932 
 6844 codespace ./cli kernel images/4096x40        0   275252   275291   276512 
 6839 codespace ./cli kernel images/4096x40        0   281600   281639   282868 
%CPU %MEM ARGS Sat Sep 26 20:00:36 UTC 2026
 0.0  0.0 grep --color=auto ./cli       0  2208
25.8  2.7 ./cli kernel images/4096x40   0 221840
26.6  3.2 ./cli kernel images/4096x40   1 261604
26.7  3.2 ./cli kernel images/4096x40   0 267224
27.0  3.4 ./cli kernel images/4096x40   0 280012
27.2  3.5 ./cli kernel images/4096x40   0 287560
  PID User     Command                         Swap      USS      PSS      RSS 
 8624 codespace /usr/bin/python3 /usr/bin/s        0    12060    12240    14496 
 6846 codespace ./cli kernel images/4096x40        0   222356   222398   223664 
 6848 codespace ./cli kernel images/4096x40        0   262440   262482   263732 
 6842 codespace ./cli kernel images/4096x40        0   267296   267335   268548 
 6844 codespace ./cli kernel images/4096x40        0   280456   280495   281716 
 6839 codespace ./cli kernel images/4096x40        0   287432   287471   288700 
%CPU %MEM ARGS Sat Sep 26 20:00:36 UTC 2026
 0.0  0.0 grep --color=auto ./cli       0  2172
25.7  2.7 ./cli kernel images/4096x40   0 226412
26.6  3.2 ./cli kernel images/4096x40   1 267552
26.7  3.3 ./cli kernel images/4096x40   1 273068
27.0  3.5 ./cli kernel images/4096x40   0 284688
27.1  3.5 ./cli kernel images/4096x40   0 292220
  PID User     Command                         Swap      USS      PSS      RSS 
 8630 codespace /usr/bin/python3 /usr/bin/s        0    12056    12243    14536 
 6846 codespace ./cli kernel images/4096x40        0   228324   228366   229632 
 6848 codespace ./cli kernel images/4096x40        0   270040   270082   271332 
 6842 codespace ./cli kernel images/4096x40        0   274840   274879   276092 
 6844 codespace ./cli kernel images/4096x40        0   288616   288655   289876 
 6839 codespace ./cli kernel images/4096x40        0   293504   293543   294772 
%CPU %MEM ARGS Sat Sep 26 20:00:37 UTC 2026
 0.0  0.0 grep --color=auto ./cli       1  2168
25.8  2.8 ./cli kernel images/4096x40   0 235404
26.6  3.3 ./cli kernel images/4096x40   1 274788
26.7  3.4 ./cli kernel images/4096x40   1 280064
27.0  3.6 ./cli kernel images/4096x40   1 293648
27.1  3.6 ./cli kernel images/4096x40   1 299500
  PID User     Command                         Swap      USS      PSS      RSS 
 8641 codespace /usr/bin/python3 /usr/bin/s        0    12060    12246    14476 
 6846 codespace ./cli kernel images/4096x40        0   236596   236639   237904 
 6848 codespace ./cli kernel images/4096x40        0   275620   275662   276912 
 6842 codespace ./cli kernel images/4096x40        0   280724   280763   281976 
 6844 codespace ./cli kernel images/4096x40        0   294296   294335   295556 
 6839 codespace ./cli kernel images/4096x40        0   299920   299959   301188 
%CPU %MEM ARGS Sat Sep 26 20:00:38 UTC 2026
 0.0  0.0 grep --color=auto ./cli       1  2304
25.7  2.9 ./cli kernel images/4096x40   0 240516
26.6  3.4 ./cli kernel images/4096x40   0 280292
26.7  3.5 ./cli kernel images/4096x40   0 284740
27.0  3.6 ./cli kernel images/4096x40   1 298792
27.1  3.7 ./cli kernel images/4096x40   0 306288
  PID User     Command                         Swap      USS      PSS      RSS 
 8653 codespace /usr/bin/python3 /usr/bin/s        0    12116    12312    14656 
 6846 codespace ./cli kernel images/4096x40        0   243984   244027   245292 
 6848 codespace ./cli kernel images/4096x40        0   285736   285778   287028 
 6842 codespace ./cli kernel images/4096x40        0   286800   286839   288052 
 6844 codespace ./cli kernel images/4096x40        0   301252   301291   302512 
 6839 codespace ./cli kernel images/4096x40        0   307820   307859   309088 
%CPU %MEM ARGS Sat Sep 26 20:00:39 UTC 2026
 0.0  0.0 grep --color=auto ./cli       1  2304
25.8  3.0 ./cli kernel images/4096x40   1 249512
26.6  3.5 ./cli kernel images/4096x40   1 290776
26.7  3.6 ./cli kernel images/4096x40   1 292864
27.0  3.7 ./cli kernel images/4096x40   1 306744
27.1  3.8 ./cli kernel images/4096x40   0 315728
  PID User     Command                         Swap      USS      PSS      RSS 
 8662 codespace /usr/bin/python3 /usr/bin/s        0    12060    12248    14516 
 6846 codespace ./cli kernel images/4096x40        0   252052   252095   253360 
 6848 codespace ./cli kernel images/4096x40        0   293592   293634   294884 
 6842 codespace ./cli kernel images/4096x40        0   295168   295207   296420 
 6844 codespace ./cli kernel images/4096x40        0   309664   309703   310924 
 6839 codespace ./cli kernel images/4096x40        0   317100   317140   318368 
%CPU %MEM ARGS Sat Sep 26 20:00:39 UTC 2026
 0.0  0.0 grep --color=auto ./cli       1  2160
25.8  3.1 ./cli kernel images/4096x40   1 257716
26.6  3.6 ./cli kernel images/4096x40   0 298740
26.7  3.7 ./cli kernel images/4096x40   0 301756
27.0  3.8 ./cli kernel images/4096x40   1 316200
27.1  3.9 ./cli kernel images/4096x40   0 323824
  PID User     Command                         Swap      USS      PSS      RSS 
 8670 codespace /usr/bin/python3 /usr/bin/s        0    12056    12246    14484 
 6846 codespace ./cli kernel images/4096x40        0   261164   261207   262472 
 6842 codespace ./cli kernel images/4096x40        0   304148   304187   305400 
 6848 codespace ./cli kernel images/4096x40        0   305644   305686   306936 
 6844 codespace ./cli kernel images/4096x40        0   318520   318559   319780 
 6839 codespace ./cli kernel images/4096x40        0   325236   325275   326504 
%CPU %MEM ARGS Sat Sep 26 20:00:40 UTC 2026
 0.0  0.0 grep --color=auto ./cli       0  2212
25.8  3.2 ./cli kernel images/4096x40   1 266740
26.7  3.8 ./cli kernel images/4096x40   1 310308
26.7  3.8 ./cli kernel images/4096x40   0 310608
27.0  3.9 ./cli kernel images/4096x40   0 324024
27.1  4.0 ./cli kernel images/4096x40   1 331836
  PID User     Command                         Swap      USS      PSS      RSS 
 8676 codespace /usr/bin/python3 /usr/bin/s        0    12060    12244    14476 
 6846 codespace ./cli kernel images/4096x40        0   269708   269751   271016 
 6842 codespace ./cli kernel images/4096x40        0   312848   312885   314100 
 6848 codespace ./cli kernel images/4096x40        0   316244   316286   317536 
 6844 codespace ./cli kernel images/4096x40        0   326032   326067   327292 
 6839 codespace ./cli kernel images/4096x40        0   332652   332691   333920 
%CPU %MEM ARGS Sat Sep 26 20:00:41 UTC 2026
 0.0  0.0 grep --color=auto ./cli       1  2340
25.7  3.3 ./cli kernel images/4096x40   1 274628
26.7  3.9 ./cli kernel images/4096x40   1 319728
26.7  3.9 ./cli kernel images/4096x40   1 320724
26.9  4.0 ./cli kernel images/4096x40   1 331192
27.1  4.1 ./cli kernel images/4096x40   0 340732
  PID User     Command                         Swap      USS      PSS      RSS 
 8706 codespace /usr/bin/python3 /usr/bin/s        0    12060    12255    14524 
 6846 codespace ./cli kernel images/4096x40        0   275364   275407   276672 
 6842 codespace ./cli kernel images/4096x40        0   320012   320051   321264 
 6848 codespace ./cli kernel images/4096x40        0   321512   321554   322804 
 6844 codespace ./cli kernel images/4096x40        0   331796   331835   333056 
 6839 codespace ./cli kernel images/4096x40        0   341040   341079   342308 
%CPU %MEM ARGS Sat Sep 26 20:00:41 UTC 2026
 0.0  0.0 grep --color=auto ./cli       0  2168
25.8  3.4 ./cli kernel images/4096x40   0 281324
26.7  3.9 ./cli kernel images/4096x40   1 325268
26.7  4.0 ./cli kernel images/4096x40   1 326008
26.9  4.1 ./cli kernel images/4096x40   1 336520
27.1  4.2 ./cli kernel images/4096x40   1 346248
  PID User     Command                         Swap      USS      PSS      RSS 
 8711 codespace /usr/bin/python3 /usr/bin/s        0    12056    12246    14484 
 6846 codespace ./cli kernel images/4096x40        0   285196   285239   286504 
 6842 codespace ./cli kernel images/4096x40        0   326988   327027   328240 
 6848 codespace ./cli kernel images/4096x40        0   330100   330142   331392 
 6844 codespace ./cli kernel images/4096x40        0   338660   338699   339920 
 6839 codespace ./cli kernel images/4096x40        0   347580   347619   348848 
%CPU %MEM ARGS Sat Sep 26 20:00:42 UTC 2026
 0.0  0.0 grep --color=auto ./cli       1  2248
25.8  3.5 ./cli kernel images/4096x40   0 289792
26.6  4.0 ./cli kernel images/4096x40   0 332488
26.7  4.1 ./cli kernel images/4096x40   0 334148
27.0  4.2 ./cli kernel images/4096x40   1 346344
27.0  4.3 ./cli kernel images/4096x40   0 353516
  PID User     Command                         Swap      USS      PSS      RSS 
 8729 codespace /usr/bin/python3 /usr/bin/s        0    12064    12278    14584 
 6846 codespace ./cli kernel images/4096x40        0   291616   291659   292924 
 6842 codespace ./cli kernel images/4096x40        0   333848   333887   335100 
 6848 codespace ./cli kernel images/4096x40        0   336140   336182   337432 
 6844 codespace ./cli kernel images/4096x40        0   349452   349491   350712 
 6839 codespace ./cli kernel images/4096x40        0   354692   354731   355960 
%CPU %MEM ARGS Sat Sep 26 20:00:43 UTC 2026
 0.0  0.0 grep --color=auto ./cli       0  2344
25.8  3.6 ./cli kernel images/4096x40   0 296032
26.6  4.1 ./cli kernel images/4096x40   1 338728
26.7  4.1 ./cli kernel images/4096x40   1 340228
27.0  4.3 ./cli kernel images/4096x40   0 353904
27.0  4.4 ./cli kernel images/4096x40   1 359948
  PID User     Command                         Swap      USS      PSS      RSS 
 8735 codespace /usr/bin/python3 /usr/bin/s        0    12076    12282    14568 
 6846 codespace ./cli kernel images/4096x40        0   299424   299467   300732 
 6842 codespace ./cli kernel images/4096x40        0   340936   340971   342188 
 6848 codespace ./cli kernel images/4096x40        0   347920   347961   349212 
 6844 codespace ./cli kernel images/4096x40        0   356404   356443   357664 
 6839 codespace ./cli kernel images/4096x40        0   361692   361731   362960 
%CPU %MEM ARGS Sat Sep 26 20:00:44 UTC 2026
 0.0  0.0 grep --color=auto ./cli       0  2200
25.7  3.7 ./cli kernel images/4096x40   0 304836
26.6  4.2 ./cli kernel images/4096x40   1 348160
26.7  4.3 ./cli kernel images/4096x40   0 352928
26.9  4.4 ./cli kernel images/4096x40   0 362188
27.0  4.5 ./cli kernel images/4096x40   1 369328
  PID User     Command                         Swap      USS      PSS      RSS 
 8747 codespace /usr/bin/python3 /usr/bin/s        0    12064    12248    14480 
 6846 codespace ./cli kernel images/4096x40        0   307628   307670   308936 
 6842 codespace ./cli kernel images/4096x40        0   351916   351955   353168 
 6848 codespace ./cli kernel images/4096x40        0   356240   356282   357532 
 6844 codespace ./cli kernel images/4096x40        0   364592   364631   365852 
 6839 codespace ./cli kernel images/4096x40        0   372428   372467   373696 
%CPU %MEM ARGS Sat Sep 26 20:00:45 UTC 2026
 0.0  0.0 grep --color=auto ./cli       1  2196
25.7  3.8 ./cli kernel images/4096x40   0 312744
26.7  4.4 ./cli kernel images/4096x40   0 359076
26.7  4.4 ./cli kernel images/4096x40   1 361832
26.9  4.5 ./cli kernel images/4096x40   0 370892
27.1  4.6 ./cli kernel images/4096x40   0 379576
  PID User     Command                         Swap      USS      PSS      RSS 
 8753 codespace /usr/bin/python3 /usr/bin/s        0    12064    12252    14536 
 6846 codespace ./cli kernel images/4096x40        0   313588   313631   314896 
 6842 codespace ./cli kernel images/4096x40        0   359644   359679   360896 
 6848 codespace ./cli kernel images/4096x40        0   363092   363134   364384 
 6844 codespace ./cli kernel images/4096x40        0   371648   371687   372908 
 6839 codespace ./cli kernel images/4096x40        0   379940   379979   381208 
%CPU %MEM ARGS Sat Sep 26 20:00:45 UTC 2026
 0.0  0.0 grep --color=auto ./cli       0  2184
25.7  3.9 ./cli kernel images/4096x40   0 318184
26.7  4.5 ./cli kernel images/4096x40   1 367212
26.7  4.5 ./cli kernel images/4096x40   0 367608
26.9  4.6 ./cli kernel images/4096x40   0 376348
27.0  4.7 ./cli kernel images/4096x40   0 384980
  PID User     Command                         Swap      USS      PSS      RSS 
 8764 codespace /usr/bin/python3 /usr/bin/s        0    12052    12244    14480 
 6846 codespace ./cli kernel images/4096x40        0   320744   320786   322052 
 6842 codespace ./cli kernel images/4096x40        0   369100   369139   370352 
 6848 codespace ./cli kernel images/4096x40        0   372392   372434   373684 
 6844 codespace ./cli kernel images/4096x40        0   378252   378291   379512 
 6839 codespace ./cli kernel images/4096x40        0   385896   385935   387164 
%CPU %MEM ARGS Sat Sep 26 20:00:46 UTC 2026
 0.0  0.0 grep --color=auto ./cli       0  2172
25.7  4.0 ./cli kernel images/4096x40   0 326688
26.7  4.6 ./cli kernel images/4096x40   1 376040
26.8  4.6 ./cli kernel images/4096x40   0 378528
26.9  4.7 ./cli kernel images/4096x40   0 384996
27.0  4.8 ./cli kernel images/4096x40   1 393016
  PID User     Command                         Swap      USS      PSS      RSS 
 8770 codespace /usr/bin/python3 /usr/bin/s        0    12060    12225    14524 
 6846 codespace ./cli kernel images/4096x40        0   329948   329991   331256 
 6842 codespace ./cli kernel images/4096x40        0   379792   379831   381044 
 6848 codespace ./cli kernel images/4096x40        0   382396   382434   383688 
 6844 codespace ./cli kernel images/4096x40        0   387828   387867   389088 
 6839 codespace ./cli kernel images/4096x40        0   393324   393359   394592 
%CPU %MEM ARGS Sat Sep 26 20:00:47 UTC 2026
 0.0  0.0 grep --color=auto ./cli       1  2172
25.7  4.1 ./cli kernel images/4096x40   1 335232
26.7  4.7 ./cli kernel images/4096x40   1 386428
26.7  4.7 ./cli kernel images/4096x40   1 387500
26.9  4.8 ./cli kernel images/4096x40   1 393132
27.0  4.8 ./cli kernel images/4096x40   1 394592
  PID User     Command                         Swap      USS      PSS      RSS 
 8782 codespace /usr/bin/python3 /usr/bin/s        0    12056    12245    14532 
 6846 codespace ./cli kernel images/4096x40        0   340164   340207   341472 
 6842 codespace ./cli kernel images/4096x40        0   389268   389307   390520 
 6848 codespace ./cli kernel images/4096x40        0   392848   392890   394140 
 6844 codespace ./cli kernel images/4096x40        0   393320   393359   394580 
 6839 codespace ./cli kernel images/4096x40        0   393324   393363   394592 
%CPU %MEM ARGS Sat Sep 26 20:00:48 UTC 2026
 0.0  0.0 grep --color=auto ./cli       0  2176
25.7  4.2 ./cli kernel images/4096x40   0 346392
26.7  4.8 ./cli kernel images/4096x40   0 394572
26.7  4.8 ./cli kernel images/4096x40   1 394612
26.8  4.8 ./cli kernel images/4096x40   1 394580
26.9  4.8 ./cli kernel images/4096x40   1 394592
  PID User     Command                         Swap      USS      PSS      RSS 
 8795 codespace /usr/bin/python3 /usr/bin/s        0    12056    12244    14532 
 6846 codespace ./cli kernel images/4096x40        0   349564   349607   350872 
 6842 codespace ./cli kernel images/4096x40        0   393320   393359   394572 
 6844 codespace ./cli kernel images/4096x40        0   393320   393359   394580 
 6848 codespace ./cli kernel images/4096x40        0   393320   393362   394612 
 6839 codespace ./cli kernel images/4096x40        0   393324   393363   394592 
%CPU %MEM ARGS Sat Sep 26 20:00:49 UTC 2026
 0.0  0.0 grep --color=auto ./cli       1  2248
25.6  4.3 ./cli kernel images/4096x40   0 354128
26.6  4.8 ./cli kernel images/4096x40   0 394572
26.6  4.8 ./cli kernel images/4096x40   1 394612
26.7  4.8 ./cli kernel images/4096x40   1 394580
26.8  4.8 ./cli kernel images/4096x40   0 394592
  PID User     Command                         Swap      USS      PSS      RSS 
 8806 codespace /usr/bin/python3 /usr/bin/s        0    12048    12232    14464 
 6846 codespace ./cli kernel images/4096x40        0   357220   357262   358528 
 6839 codespace ./cli kernel images/4096x40        0   393324   393359   394592 
 6842 codespace ./cli kernel images/4096x40        0   393320   393359   394572 
 6844 codespace ./cli kernel images/4096x40        0   393320   393359   394580 
 6848 codespace ./cli kernel images/4096x40        0   393320   393362   394612 
%CPU %MEM ARGS Sat Sep 26 20:00:51 UTC 2026
 0.0  0.0 grep --color=auto ./cli       1  2184
25.4  4.4 ./cli kernel images/4096x40   0 361656
26.4  4.8 ./cli kernel images/4096x40   0 394572
26.5  4.8 ./cli kernel images/4096x40   0 394580
26.6  4.8 ./cli kernel images/4096x40   0 394612
26.7  4.8 ./cli kernel images/4096x40   0 394592
  PID User     Command                         Swap      USS      PSS      RSS 
 8818 codespace /usr/bin/python3 /usr/bin/s        0    12060    12248    14516 
 6846 codespace ./cli kernel images/4096x40        0   365112   365155   366420 
 6842 codespace ./cli kernel images/4096x40        0   393320   393359   394572 
 6844 codespace ./cli kernel images/4096x40        0   393320   393359   394580 
 6848 codespace ./cli kernel images/4096x40        0   393320   393362   394612 
 6839 codespace ./cli kernel images/4096x40        0   393324   393363   394592 
%CPU %MEM ARGS Sat Sep 26 20:00:52 UTC 2026
 0.0  0.0 grep --color=auto ./cli       1  2248
25.3  4.5 ./cli kernel images/4096x40   0 369988
26.3  4.8 ./cli kernel images/4096x40   1 394572
26.4  4.8 ./cli kernel images/4096x40   1 394580
26.6  4.8 ./cli kernel images/4096x40   0 394612
26.6  4.8 ./cli kernel images/4096x40   1 394592
  PID User     Command                         Swap      USS      PSS      RSS 
 8846 codespace /usr/bin/python3 /usr/bin/s        0    12060    12243    14476 
 6846 codespace ./cli kernel images/4096x40        0   374244   374285   375552 
 6842 codespace ./cli kernel images/4096x40        0   393320   393359   394572 
 6844 codespace ./cli kernel images/4096x40        0   393320   393359   394580 
 6848 codespace ./cli kernel images/4096x40        0   393320   393362   394612 
 6839 codespace ./cli kernel images/4096x40        0   393324   393363   394592 
%CPU %MEM ARGS Sat Sep 26 20:00:53 UTC 2026
 0.0  0.0 grep --color=auto ./cli       0  2156
25.2  4.6 ./cli kernel images/4096x40   1 378652
26.3  4.8 ./cli kernel images/4096x40   0 394580
26.4  4.8 ./cli kernel images/4096x40   1 394572
26.4  4.8 ./cli kernel images/4096x40   1 394612
26.4  4.8 ./cli kernel images/4096x40   1 394592
  PID User     Command                         Swap      USS      PSS      RSS 
 8861 codespace /usr/bin/python3 /usr/bin/s        0    12068    12269    14592 
 6846 codespace ./cli kernel images/4096x40        0   382168   382211   383476 
 6842 codespace ./cli kernel images/4096x40        0   393320   393359   394572 
 6844 codespace ./cli kernel images/4096x40        0   393320   393359   394580 
 6848 codespace ./cli kernel images/4096x40        0   393320   393362   394612 
 6839 codespace ./cli kernel images/4096x40        0   393324   393363   394592 
%CPU %MEM ARGS Sat Sep 26 20:00:55 UTC 2026
 0.0  0.0 grep --color=auto ./cli       1  2308
25.1  4.7 ./cli kernel images/4096x40   0 387008
26.2  4.8 ./cli kernel images/4096x40   0 394580
26.3  4.8 ./cli kernel images/4096x40   0 394572
26.3  4.8 ./cli kernel images/4096x40   0 394592
26.4  4.8 ./cli kernel images/4096x40   1 394612
  PID User     Command                         Swap      USS      PSS      RSS 
 8873 codespace /usr/bin/python3 /usr/bin/s        0    12060    12219    14508 
 6846 codespace ./cli kernel images/4096x40        0   390420   390462   391728 
 6848 codespace ./cli kernel images/4096x40        0   393320   393357   394612 
 6842 codespace ./cli kernel images/4096x40        0   393320   393359   394572 
 6844 codespace ./cli kernel images/4096x40        0   393320   393359   394580 
 6839 codespace ./cli kernel images/4096x40        0   393324   393363   394592 
%CPU %MEM ARGS Sat Sep 26 20:00:56 UTC 2026
 0.0  0.0 grep --color=auto ./cli       0  2304
25.0  4.8 ./cli kernel images/4096x40   1 394632
26.0  4.8 ./cli kernel images/4096x40   1 394580
26.1  4.8 ./cli kernel images/4096x40   1 394572
26.2  4.8 ./cli kernel images/4096x40   0 394592
26.4  4.8 ./cli kernel images/4096x40   0 394612
  PID User     Command                         Swap      USS      PSS      RSS 
 8888 codespace /usr/bin/python3 /usr/bin/s        0    12056    12250    14520 
 6844 codespace ./cli kernel images/4096x40        0   393320   393356   394580 
 6842 codespace ./cli kernel images/4096x40        0   393320   393359   394572 
 6848 codespace ./cli kernel images/4096x40        0   393320   393362   394612 
 6839 codespace ./cli kernel images/4096x40        0   393324   393363   394592 
 6846 codespace ./cli kernel images/4096x40        0   393324   393367   394632 
%CPU %MEM ARGS Sat Sep 26 20:00:57 UTC 2026
 0.0  0.0 grep --color=auto ./cli       0  2248
24.9  4.8 ./cli kernel images/4096x40   0 394632
25.9  4.8 ./cli kernel images/4096x40   1 394580
26.0  4.8 ./cli kernel images/4096x40   0 394572
26.1  4.8 ./cli kernel images/4096x40   1 394592
26.3  4.8 ./cli kernel images/4096x40   0 394612
  PID User     Command                         Swap      USS      PSS      RSS 
 8902 codespace /usr/bin/python3 /usr/bin/s        0    12060    12265    14620 
 6842 codespace ./cli kernel images/4096x40        0   393320   393359   394572 
 6844 codespace ./cli kernel images/4096x40        0   393320   393359   394580 
 6848 codespace ./cli kernel images/4096x40        0   393320   393362   394612 
 6839 codespace ./cli kernel images/4096x40        0   393324   393363   394592 
 6846 codespace ./cli kernel images/4096x40        0   393324   393367   394632 
%CPU %MEM ARGS Sat Sep 26 20:00:58 UTC 2026
 0.0  0.0 grep --color=auto ./cli       1  2184
24.8  4.8 ./cli kernel images/4096x40   1 394632
25.8  4.8 ./cli kernel images/4096x40   1 394580
25.9  4.8 ./cli kernel images/4096x40   1 394572
26.0  4.8 ./cli kernel images/4096x40   1 394592
26.2  4.8 ./cli kernel images/4096x40   0 394612
  PID User     Command                         Swap      USS      PSS      RSS 
 8908 codespace /usr/bin/python3 /usr/bin/s        0    12064    12231    14544 
 6844 codespace ./cli kernel images/4096x40        0   393320   393355   394580 
 6842 codespace ./cli kernel images/4096x40        0   393320   393359   394572 
 6848 codespace ./cli kernel images/4096x40        0   393320   393360   394612 
 6839 codespace ./cli kernel images/4096x40        0   393324   393364   394592 
 6846 codespace ./cli kernel images/4096x40        0   393324   393367   394632 
%CPU %MEM ARGS Sat Sep 26 20:01:00 UTC 2026
 0.0  0.0 grep --color=auto ./cli       0  2288
24.7  4.8 ./cli kernel images/4096x40   0 394632
25.7  4.8 ./cli kernel images/4096x40   0 394580
25.8  4.8 ./cli kernel images/4096x40   1 394572
25.9  4.8 ./cli kernel images/4096x40   1 394592
26.1  4.8 ./cli kernel images/4096x40   0 394612
  PID User     Command                         Swap      USS      PSS      RSS 
 8927 codespace /usr/bin/python3 /usr/bin/s        0    12060    12249    14540 
 6842 codespace ./cli kernel images/4096x40        0   393320   393359   394572 
 6844 codespace ./cli kernel images/4096x40        0   393320   393359   394580 
 6848 codespace ./cli kernel images/4096x40        0   393320   393362   394612 
 6839 codespace ./cli kernel images/4096x40        0   393324   393363   394592 
 6846 codespace ./cli kernel images/4096x40        0   393324   393367   394632 
%CPU %MEM ARGS Sat Sep 26 20:01:01 UTC 2026
 0.0  0.0 grep --color=auto ./cli       0  2220
24.6  4.8 ./cli kernel images/4096x40   0 394632
25.6  4.8 ./cli kernel images/4096x40   1 394580
25.7  4.8 ./cli kernel images/4096x40   0 394572
25.8  4.8 ./cli kernel images/4096x40   1 394592
26.0  4.8 ./cli kernel images/4096x40   0 394612
  PID User     Command                         Swap      USS      PSS      RSS 
 8939 codespace /usr/bin/python3 /usr/bin/s        0    12060    12250    14544 
 6842 codespace ./cli kernel images/4096x40        0   393320   393357   394572 
 6844 codespace ./cli kernel images/4096x40        0   393320   393359   394580 
 6839 codespace ./cli kernel images/4096x40        0   393324   393362   394592 
 6848 codespace ./cli kernel images/4096x40        0   393320   393362   394612 
 6846 codespace ./cli kernel images/4096x40        0   393324   393367   394632 
%CPU %MEM ARGS Sat Sep 26 20:01:03 UTC 2026
 0.0  0.0 grep --color=auto ./cli       1  2304
24.5  4.8 ./cli kernel images/4096x40   0 394632
25.5  4.8 ./cli kernel images/4096x40   0 394580
25.6  4.8 ./cli kernel images/4096x40   0 394572
25.7  4.8 ./cli kernel images/4096x40   0 394592
25.9  4.8 ./cli kernel images/4096x40   0 394612
  PID User     Command                         Swap      USS      PSS      RSS 
 8970 codespace /usr/bin/python3 /usr/bin/s        0    12072    12260    14508 
 6842 codespace ./cli kernel images/4096x40        0   393320   393357   394572 
 6844 codespace ./cli kernel images/4096x40        0   393320   393359   394580 
 6848 codespace ./cli kernel images/4096x40        0   393320   393362   394612 
 6839 codespace ./cli kernel images/4096x40        0   393324   393364   394592 
 6846 codespace ./cli kernel images/4096x40        0   393324   393367   394632 
%CPU %MEM ARGS Sat Sep 26 20:01:04 UTC 2026
 0.0  0.0 grep --color=auto ./cli       0  2340
24.4  4.8 ./cli kernel images/4096x40   1 394632
25.3  4.8 ./cli kernel images/4096x40   0 394580
25.5  4.8 ./cli kernel images/4096x40   0 394572
25.6  4.8 ./cli kernel images/4096x40   1 394592
25.7  4.8 ./cli kernel images/4096x40   1 394612
  PID User     Command                         Swap      USS      PSS      RSS 
 8986 codespace /usr/bin/python3 /usr/bin/s        0    12060    12228    14476 
 6842 codespace ./cli kernel images/4096x40        0   393320   393359   394572 
 6844 codespace ./cli kernel images/4096x40        0   393320   393359   394580 
 6848 codespace ./cli kernel images/4096x40        0   393320   393362   394612 
 6839 codespace ./cli kernel images/4096x40        0   393324   393364   394592 
 6846 codespace ./cli kernel images/4096x40        0   393324   393367   394632 
%CPU %MEM ARGS Sat Sep 26 20:01:05 UTC 2026
 0.0  0.0 grep --color=auto ./cli       0  2156
24.3  4.8 ./cli kernel images/4096x40   1 394632
25.2  4.8 ./cli kernel images/4096x40   1 394580
25.4  4.8 ./cli kernel images/4096x40   1 394572
25.5  4.8 ./cli kernel images/4096x40   1 394592
25.6  4.8 ./cli kernel images/4096x40   1 394612
  PID User     Command                         Swap      USS      PSS      RSS 
 8998 codespace /usr/bin/python3 /usr/bin/s        0    12060    12217    14476 
 6842 codespace ./cli kernel images/4096x40        0   393320   393355   394572 
 6848 codespace ./cli kernel images/4096x40        0   393320   393357   394612 
 6844 codespace ./cli kernel images/4096x40        0   393320   393359   394580 
 6839 codespace ./cli kernel images/4096x40        0   393324   393363   394592 
 6846 codespace ./cli kernel images/4096x40        0   393324   393367   394632 
%CPU %MEM ARGS Sat Sep 26 20:01:07 UTC 2026
 0.0  0.0 grep --color=auto ./cli       1  2168
24.2  4.8 ./cli kernel images/4096x40   1 394632
25.2  4.8 ./cli kernel images/4096x40   1 394580
25.3  4.8 ./cli kernel images/4096x40   0 394572
25.4  4.8 ./cli kernel images/4096x40   0 394592
25.5  4.8 ./cli kernel images/4096x40   1 394612
  PID User     Command                         Swap      USS      PSS      RSS 
 9010 codespace /usr/bin/python3 /usr/bin/s        0    12056    12249    14516 
 6848 codespace ./cli kernel images/4096x40        0   393320   393357   394612 
 6844 codespace ./cli kernel images/4096x40        0   393320   393358   394580 
 6842 codespace ./cli kernel images/4096x40        0   393320   393359   394572 
 6846 codespace ./cli kernel images/4096x40        0   393324   393362   394632 
 6839 codespace ./cli kernel images/4096x40        0   393324   393363   394592 
%CPU %MEM ARGS Sat Sep 26 20:01:08 UTC 2026
 0.0  0.0 grep --color=auto ./cli       0  2196
24.1  4.8 ./cli kernel images/4096x40   0 394632
25.1  4.8 ./cli kernel images/4096x40   0 394580
25.2  4.8 ./cli kernel images/4096x40   1 394572
25.3  4.8 ./cli kernel images/4096x40   1 394592
25.4  4.8 ./cli kernel images/4096x40   1 394612
  PID User     Command                         Swap      USS      PSS      RSS 
 9024 codespace /usr/bin/python3 /usr/bin/s        0    12064    12248    14480 
 6842 codespace ./cli kernel images/4096x40        0   393320   393359   394572 
 6844 codespace ./cli kernel images/4096x40        0   393320   393359   394580 
 6848 codespace ./cli kernel images/4096x40        0   393320   393362   394612 
 6839 codespace ./cli kernel images/4096x40        0   393324   393363   394592 
 6846 codespace ./cli kernel images/4096x40        0   393324   393367   394632 
%CPU %MEM ARGS Sat Sep 26 20:01:09 UTC 2026
 0.0  0.0 grep --color=auto ./cli       1  2168
24.0  4.8 ./cli kernel images/4096x40   1 394632
25.0  4.8 ./cli kernel images/4096x40   0 394580
25.1  4.8 ./cli kernel images/4096x40   1 394572
25.2  4.8 ./cli kernel images/4096x40   1 394592
25.4  4.8 ./cli kernel images/4096x40   0 394612
  PID User     Command                         Swap      USS      PSS      RSS 
 9033 codespace /usr/bin/python3 /usr/bin/s        0    12072    12260    14528 
 6842 codespace ./cli kernel images/4096x40        0   393320   393355   394572 
 6844 codespace ./cli kernel images/4096x40        0   393320   393359   394580 
 6848 codespace ./cli kernel images/4096x40        0   393320   393362   394612 
 6839 codespace ./cli kernel images/4096x40        0   393324   393363   394592 
 6846 codespace ./cli kernel images/4096x40        0   393324   393367   394632 
%CPU %MEM ARGS Sat Sep 26 20:01:10 UTC 2026
 0.0  0.0 grep --color=auto ./cli       1  2208
23.9  4.8 ./cli kernel images/4096x40   1 394632
24.9  4.8 ./cli kernel images/4096x40   1 394580
25.0  4.8 ./cli kernel images/4096x40   0 394572
25.1  4.8 ./cli kernel images/4096x40   0 394592
25.3  4.8 ./cli kernel images/4096x40   1 394612
  PID User     Command                         Swap      USS      PSS      RSS 
 9045 codespace /usr/bin/python3 /usr/bin/s        0    12060    12248    14516 
 6842 codespace ./cli kernel images/4096x40        0   393320   393359   394572 
 6844 codespace ./cli kernel images/4096x40        0   393320   393359   394580 
 6848 codespace ./cli kernel images/4096x40        0   393320   393362   394612 
 6839 codespace ./cli kernel images/4096x40        0   393324   393363   394592 
 6846 codespace ./cli kernel images/4096x40        0   393324   393367   394632 
%CPU %MEM ARGS Sat Sep 26 20:01:12 UTC 2026
 0.0  0.0 grep --color=auto ./cli       0  2168
23.8  4.8 ./cli kernel images/4096x40   1 394632
24.8  4.8 ./cli kernel images/4096x40   0 394580
24.9  4.8 ./cli kernel images/4096x40   0 394572
25.1  4.8 ./cli kernel images/4096x40   0 394592
25.2  4.8 ./cli kernel images/4096x40   1 394612
  PID User     Command                         Swap      USS      PSS      RSS 
 9063 codespace /usr/bin/python3 /usr/bin/s        0    12060    12245    14476 
 6842 codespace ./cli kernel images/4096x40        0   393320   393359   394572 
 6844 codespace ./cli kernel images/4096x40        0   393320   393359   394580 
 6848 codespace ./cli kernel images/4096x40        0   393320   393362   394612 
 6839 codespace ./cli kernel images/4096x40        0   393324   393363   394592 
 6846 codespace ./cli kernel images/4096x40        0   393324   393366   394632 
%CPU %MEM ARGS Sat Sep 26 20:01:13 UTC 2026
 0.0  0.0 grep --color=auto ./cli       1  2200
23.8  4.8 ./cli kernel images/4096x40   1 394632
24.8  4.8 ./cli kernel images/4096x40   0 394580
24.8  4.8 ./cli kernel images/4096x40   1 394572
25.0  4.8 ./cli kernel images/4096x40   1 394592
25.1  4.8 ./cli kernel images/4096x40   1 394612
  PID User     Command                         Swap      USS      PSS      RSS 
 9086 codespace /usr/bin/python3 /usr/bin/s        0    12052    12242    14480 
 6842 codespace ./cli kernel images/4096x40        0   393320   393359   394572 
 6844 codespace ./cli kernel images/4096x40        0   393320   393359   394580 
 6848 codespace ./cli kernel images/4096x40        0   393320   393362   394612 
 6839 codespace ./cli kernel images/4096x40        0   393324   393363   394592 
 6846 codespace ./cli kernel images/4096x40        0   393324   393367   394632 
%CPU %MEM ARGS Sat Sep 26 20:01:14 UTC 2026
 0.0  0.0 grep --color=auto ./cli       1  2252
23.6  4.8 ./cli kernel images/4096x40   0 394632
24.7  4.8 ./cli kernel images/4096x40   1 394580
24.7  4.8 ./cli kernel images/4096x40   1 394572
24.9  4.8 ./cli kernel images/4096x40   1 394592
25.0  4.8 ./cli kernel images/4096x40   1 394612
  PID User     Command                         Swap      USS      PSS      RSS 
 9107 codespace /usr/bin/python3 /usr/bin/s        0    12052    12241    14536 
 6842 codespace ./cli kernel images/4096x40        0   393320   393359   394572 
 6844 codespace ./cli kernel images/4096x40        0   393320   393359   394580 
 6848 codespace ./cli kernel images/4096x40        0   393320   393362   394612 
 6839 codespace ./cli kernel images/4096x40        0   393324   393364   394592 
 6846 codespace ./cli kernel images/4096x40        0   393324   393367   394632 
%CPU %MEM ARGS Sat Sep 26 20:01:16 UTC 2026
 0.0  0.0 grep --color=auto ./cli       0  2136
23.7  4.8 ./cli kernel images/4096x40   1 394632
24.6  4.8 ./cli kernel images/4096x40   0 394580
24.6  4.8 ./cli kernel images/4096x40   0 394572
24.8  4.8 ./cli kernel images/4096x40   0 394592
24.9  4.8 ./cli kernel images/4096x40   1 394612
  PID User     Command                         Swap      USS      PSS      RSS 
 9115 codespace /usr/bin/python3 /usr/bin/s        0    12060    12244    14476 
 6842 codespace ./cli kernel images/4096x40        0   393320   393357   394572 
 6844 codespace ./cli kernel images/4096x40        0   393320   393357   394580 
 6848 codespace ./cli kernel images/4096x40        0   393320   393362   394612 
 6839 codespace ./cli kernel images/4096x40        0   393324   393363   394592 
 6846 codespace ./cli kernel images/4096x40        0   393324   393367   394632 
%CPU %MEM ARGS Sat Sep 26 20:01:17 UTC 2026
 0.0  0.0 grep --color=auto ./cli       0  2288
23.6  4.8 ./cli kernel images/4096x40   1 394632
24.5  4.8 ./cli kernel images/4096x40   1 394580
24.5  4.8 ./cli kernel images/4096x40   0 394572
24.7  4.8 ./cli kernel images/4096x40   1 394592
24.8  4.8 ./cli kernel images/4096x40   1 394612
  PID User     Command                         Swap      USS      PSS      RSS 
 9129 codespace /usr/bin/python3 /usr/bin/s        0    12064    12250    14520 
 6844 codespace ./cli kernel images/4096x40        0   393320   393355   394580 
 6842 codespace ./cli kernel images/4096x40        0   393320   393358   394572 
 6839 codespace ./cli kernel images/4096x40        0   393324   393359   394592 
 6848 codespace ./cli kernel images/4096x40        0   393320   393362   394612 
 6846 codespace ./cli kernel images/4096x40        0   393324   393367   394632 
%CPU %MEM ARGS Sat Sep 26 20:01:18 UTC 2026
 0.0  0.0 grep --color=auto ./cli       1  2164
23.6  4.8 ./cli kernel images/4096x40   1 394632
24.4  4.8 ./cli kernel images/4096x40   1 394580
24.4  4.8 ./cli kernel images/4096x40   1 394572
24.6  4.8 ./cli kernel images/4096x40   1 394592
24.7  4.8 ./cli kernel images/4096x40   0 394612
  PID User     Command                         Swap      USS      PSS      RSS 
 9146 codespace /usr/bin/python3 /usr/bin/s        0    12060    12232    14452 
 6844 codespace ./cli kernel images/4096x40        0   393320   393357   394580 
 6842 codespace ./cli kernel images/4096x40        0   393320   393358   394572 
 6848 codespace ./cli kernel images/4096x40        0   393320   393362   394612 
 6839 codespace ./cli kernel images/4096x40        0   393324   393363   394592 
 6846 codespace ./cli kernel images/4096x40        0   393324   393365   394632 
%CPU %MEM ARGS Sat Sep 26 20:01:20 UTC 2026
 0.0  0.0 grep --color=auto ./cli       1  2344
23.5  4.8 ./cli kernel images/4096x40   0 394632
24.3  4.8 ./cli kernel images/4096x40   0 394572
24.4  4.8 ./cli kernel images/4096x40   1 394580
24.5  4.8 ./cli kernel images/4096x40   0 394592
24.7  4.8 ./cli kernel images/4096x40   0 394612
  PID User     Command                         Swap      USS      PSS      RSS 
 9156 codespace /usr/bin/python3 /usr/bin/s        0    12060    12244    14476 
 6842 codespace ./cli kernel images/4096x40        0   393320   393359   394572 
 6844 codespace ./cli kernel images/4096x40        0   393320   393359   394580 
 6848 codespace ./cli kernel images/4096x40        0   393320   393362   394612 
 6839 codespace ./cli kernel images/4096x40        0   393324   393363   394592 
 6846 codespace ./cli kernel images/4096x40        0   393324   393367   394632 
%CPU %MEM ARGS Sat Sep 26 20:01:21 UTC 2026
 0.0  0.0 grep --color=auto ./cli       1  2172
23.4  4.8 ./cli kernel images/4096x40   0 394632
24.3  4.8 ./cli kernel images/4096x40   0 394580
24.3  4.8 ./cli kernel images/4096x40   0 394572
24.4  4.8 ./cli kernel images/4096x40   0 394592
24.6  4.8 ./cli kernel images/4096x40   0 394612
  PID User     Command                         Swap      USS      PSS      RSS 
 9163 codespace /usr/bin/python3 /usr/bin/s        0    12060    12255    14520 
 6842 codespace ./cli kernel images/4096x40        0   393320   393355   394572 
 6844 codespace ./cli kernel images/4096x40        0   393320   393359   394580 
 6848 codespace ./cli kernel images/4096x40        0   393320   393362   394612 
 6839 codespace ./cli kernel images/4096x40        0   393324   393363   394592 
 6846 codespace ./cli kernel images/4096x40        0   393324   393367   394632 
%CPU %MEM ARGS Sat Sep 26 20:01:22 UTC 2026
 0.0  0.0 grep --color=auto ./cli       0  2136
23.4  4.8 ./cli kernel images/4096x40   0 394632
24.2  4.8 ./cli kernel images/4096x40   1 394572
24.2  4.8 ./cli kernel images/4096x40   0 394580
24.4  4.8 ./cli kernel images/4096x40   0 394592
24.5  4.8 ./cli kernel images/4096x40   0 394612
  PID User     Command                         Swap      USS      PSS      RSS 
 9186 codespace /usr/bin/python3 /usr/bin/s        0    12064    12253    14508 
 6842 codespace ./cli kernel images/4096x40        0   393320   393359   394572 
 6844 codespace ./cli kernel images/4096x40        0   393320   393359   394580 
 6848 codespace ./cli kernel images/4096x40        0   393320   393362   394612 
 6839 codespace ./cli kernel images/4096x40        0   393324   393364   394592 
 6846 codespace ./cli kernel images/4096x40        0   393324   393367   394632 
%CPU %MEM ARGS Sat Sep 26 20:01:24 UTC 2026
 0.0  0.0 grep --color=auto ./cli       0  2288
23.3  4.8 ./cli kernel images/4096x40   0 394632
24.1  4.8 ./cli kernel images/4096x40   0 394572
24.2  4.8 ./cli kernel images/4096x40   1 394580
24.3  4.8 ./cli kernel images/4096x40   0 394592
24.4  4.8 ./cli kernel images/4096x40   0 394612
  PID User     Command                         Swap      USS      PSS      RSS 
 9210 codespace /usr/bin/python3 /usr/bin/s        0    12064    12258    14528 
 6842 codespace ./cli kernel images/4096x40        0   393320   393359   394572 
 6844 codespace ./cli kernel images/4096x40        0   393320   393359   394580 
 6848 codespace ./cli kernel images/4096x40        0   393320   393361   394612 
 6839 codespace ./cli kernel images/4096x40        0   393324   393363   394592 
 6846 codespace ./cli kernel images/4096x40        0   393324   393367   394632 
%CPU %MEM ARGS Sat Sep 26 20:01:25 UTC 2026
 0.0  0.0 grep --color=auto ./cli       0  2308
23.2  4.8 ./cli kernel images/4096x40   1 394632
24.1  4.8 ./cli kernel images/4096x40   0 394572
24.1  4.8 ./cli kernel images/4096x40   1 394580
24.2  4.8 ./cli kernel images/4096x40   1 394592
24.4  4.8 ./cli kernel images/4096x40   1 394612
  PID User     Command                         Swap      USS      PSS      RSS 
 9219 codespace /usr/bin/python3 /usr/bin/s        0    12060    12230    14504 
 6839 codespace ./cli kernel images/4096x40        0   393324   393358   394592 
 6842 codespace ./cli kernel images/4096x40        0   393320   393359   394572 
 6844 codespace ./cli kernel images/4096x40        0   393320   393359   394580 
 6848 codespace ./cli kernel images/4096x40        0   393320   393362   394612 
 6846 codespace ./cli kernel images/4096x40        0   393324   393367   394632 
%CPU %MEM ARGS Sat Sep 26 20:01:26 UTC 2026
 0.0  0.0 grep --color=auto ./cli       1  2192
23.1  4.8 ./cli kernel images/4096x40   1 394632
24.0  4.8 ./cli kernel images/4096x40   1 394572
24.0  4.8 ./cli kernel images/4096x40   0 394580
24.1  4.8 ./cli kernel images/4096x40   1 394592
24.2  4.8 ./cli kernel images/4096x40   0 394612
  PID User     Command                         Swap      USS      PSS      RSS 
 9238 codespace /usr/bin/python3 /usr/bin/s        0    12064    12252    14520 
 6842 codespace ./cli kernel images/4096x40        0   393320   393359   394572 
 6844 codespace ./cli kernel images/4096x40        0   393320   393359   394580 
 6848 codespace ./cli kernel images/4096x40        0   393320   393362   394612 
 6839 codespace ./cli kernel images/4096x40        0   393324   393363   394592 
 6846 codespace ./cli kernel images/4096x40        0   393324   393367   394632 
%CPU %MEM ARGS Sat Sep 26 20:01:27 UTC 2026
 0.0  0.0 grep --color=auto ./cli       0  2340
23.1  4.8 ./cli kernel images/4096x40   1 394632
24.0  4.8 ./cli kernel images/4096x40   1 394580
24.0  4.8 ./cli kernel images/4096x40   1 394572
24.1  4.8 ./cli kernel images/4096x40   0 394592
24.2  4.8 ./cli kernel images/4096x40   1 394612
  PID User     Command                         Swap      USS      PSS      RSS 
 9244 codespace /usr/bin/python3 /usr/bin/s        0    12060    12249    14544 
 6842 codespace ./cli kernel images/4096x40        0   393320   393359   394572 
 6844 codespace ./cli kernel images/4096x40        0   393320   393359   394580 
 6848 codespace ./cli kernel images/4096x40        0   393320   393362   394612 
 6839 codespace ./cli kernel images/4096x40        0   393324   393363   394592 
 6846 codespace ./cli kernel images/4096x40        0   393324   393367   394632 
%CPU %MEM ARGS Sat Sep 26 20:01:28 UTC 2026
 0.0  0.0 grep --color=auto ./cli       1  2172
23.1  4.8 ./cli kernel images/4096x40   1 394632
23.9  4.8 ./cli kernel images/4096x40   1 394572
23.9  4.8 ./cli kernel images/4096x40   1 394580
24.0  4.8 ./cli kernel images/4096x40   0 394592
24.1  4.8 ./cli kernel images/4096x40   1 394612
  PID User     Command                         Swap      USS      PSS      RSS 
 9256 codespace /usr/bin/python3 /usr/bin/s        0    12076    12266    14504 
 6844 codespace ./cli kernel images/4096x40        0   393320   393355   394580 
 6848 codespace ./cli kernel images/4096x40        0   393320   393358   394612 
 6842 codespace ./cli kernel images/4096x40        0   393320   393359   394572 
 6839 codespace ./cli kernel images/4096x40        0   393324   393363   394592 
 6846 codespace ./cli kernel images/4096x40        0   393324   393366   394632 
%CPU %MEM ARGS Sat Sep 26 20:01:30 UTC 2026
 0.0  0.0 grep --color=auto ./cli       1  2160
23.0  4.8 ./cli kernel images/4096x40   0 394632
23.8  4.8 ./cli kernel images/4096x40   0 394572
23.9  4.8 ./cli kernel images/4096x40   0 394580
23.9  4.8 ./cli kernel images/4096x40   1 394592
24.1  4.8 ./cli kernel images/4096x40   1 394612
  PID User     Command                         Swap      USS      PSS      RSS 
 9274 codespace /usr/bin/python3 /usr/bin/s        0    12060    12256    14524 
 6842 codespace ./cli kernel images/4096x40        0   393320   393358   394572 
 6844 codespace ./cli kernel images/4096x40        0   393320   393359   394580 
 6848 codespace ./cli kernel images/4096x40        0   393320   393360   394612 
 6839 codespace ./cli kernel images/4096x40        0   393324   393363   394592 
 6846 codespace ./cli kernel images/4096x40        0   393324   393365   394632 
%CPU %MEM ARGS Sat Sep 26 20:01:31 UTC 2026
 0.0  0.0 grep --color=auto ./cli       1  2288
22.9  4.8 ./cli kernel images/4096x40   1 394632
23.8  4.8 ./cli kernel images/4096x40   1 394572
23.8  4.8 ./cli kernel images/4096x40   0 394592
23.9  4.8 ./cli kernel images/4096x40   1 394580
24.0  4.8 ./cli kernel images/4096x40   1 394612
  PID User     Command                         Swap      USS      PSS      RSS 
 9285 codespace /usr/bin/python3 /usr/bin/s        0    12060    12244    14476 
 6842 codespace ./cli kernel images/4096x40        0   393320   393359   394572 
 6844 codespace ./cli kernel images/4096x40        0   393320   393359   394580 
 6848 codespace ./cli kernel images/4096x40        0   393320   393362   394612 
 6839 codespace ./cli kernel images/4096x40        0   393324   393363   394592 
 6846 codespace ./cli kernel images/4096x40        0   393324   393366   394632 
%CPU %MEM ARGS Sat Sep 26 20:01:32 UTC 2026
 0.0  0.0 grep --color=auto ./cli       1  2164
22.9  4.8 ./cli kernel images/4096x40   0 394632
23.7  4.8 ./cli kernel images/4096x40   0 394572
23.8  4.8 ./cli kernel images/4096x40   1 394592
23.9  4.8 ./cli kernel images/4096x40   0 394580
23.9  4.8 ./cli kernel images/4096x40   0 394612
  PID User     Command                         Swap      USS      PSS      RSS 
 9291 codespace /usr/bin/python3 /usr/bin/s        0    12092    12295    14592 
 6848 codespace ./cli kernel images/4096x40        0   393320   393354   394612 
 6839 codespace ./cli kernel images/4096x40        0   393324   393359   394592 
 6842 codespace ./cli kernel images/4096x40        0   393320   393359   394572 
 6844 codespace ./cli kernel images/4096x40        0   393320   393359   394580 
 6846 codespace ./cli kernel images/4096x40        0   393324   393366   394632 
%CPU %MEM ARGS Sat Sep 26 20:01:34 UTC 2026
 0.0  0.0 grep --color=auto ./cli       1  2160
22.8  4.8 ./cli kernel images/4096x40   0 394632
23.7  4.8 ./cli kernel images/4096x40   0 394572
23.7  4.8 ./cli kernel images/4096x40   0 394592
23.8  4.8 ./cli kernel images/4096x40   0 394580
23.8  4.8 ./cli kernel images/4096x40   1 394612
  PID User     Command                         Swap      USS      PSS      RSS 
 9333 codespace /usr/bin/python3 /usr/bin/s        0    12064    12243    14496 
 6842 codespace ./cli kernel images/4096x40        0   393320   393359   394572 
 6844 codespace ./cli kernel images/4096x40        0   393320   393359   394580 
 6848 codespace ./cli kernel images/4096x40        0   393320   393362   394612 
 6839 codespace ./cli kernel images/4096x40        0   393324   393363   394592 
 6846 codespace ./cli kernel images/4096x40        0   393324   393367   394632 
%CPU %MEM ARGS Sat Sep 26 20:01:35 UTC 2026
 0.0  0.0 grep --color=auto ./cli       1  2308
22.7  4.8 ./cli kernel images/4096x40   1 394632
23.6  4.8 ./cli kernel images/4096x40   1 394572
23.7  4.8 ./cli kernel images/4096x40   0 394592
23.7  4.8 ./cli kernel images/4096x40   1 394580
23.8  4.8 ./cli kernel images/4096x40   0 394612
  PID User     Command                         Swap      USS      PSS      RSS 
 9341 codespace /usr/bin/python3 /usr/bin/s        0    11972    12192    14524 
 6842 codespace ./cli kernel images/4096x40        0   393320   393358   394572 
 6844 codespace ./cli kernel images/4096x40        0   393320   393359   394580 
 6848 codespace ./cli kernel images/4096x40        0   393320   393359   394612 
 6839 codespace ./cli kernel images/4096x40        0   393324   393363   394592 
 6846 codespace ./cli kernel images/4096x40        0   393324   393366   394632 
%CPU %MEM ARGS Sat Sep 26 20:01:36 UTC 2026
 0.0  0.0 grep --color=auto ./cli       1  2180
22.6  4.8 ./cli kernel images/4096x40   0 394632
23.6  4.8 ./cli kernel images/4096x40   1 394572
23.6  4.8 ./cli kernel images/4096x40   0 394592
23.7  4.8 ./cli kernel images/4096x40   0 394580
23.7  4.8 ./cli kernel images/4096x40   1 394612
  PID User     Command                         Swap      USS      PSS      RSS 
 9351 codespace /usr/bin/python3 /usr/bin/s        0    12060    12245    14516 
 6842 codespace ./cli kernel images/4096x40        0   393320   393355   394572 
 6844 codespace ./cli kernel images/4096x40        0   393320   393359   394580 
 6848 codespace ./cli kernel images/4096x40        0   393320   393362   394612 
 6839 codespace ./cli kernel images/4096x40        0   393324   393363   394592 
 6846 codespace ./cli kernel images/4096x40        0   393324   393367   394632 
%CPU %MEM ARGS Sat Sep 26 20:01:37 UTC 2026
 0.0  0.0 grep --color=auto ./cli       0  2160
22.6  4.8 ./cli kernel images/4096x40   0 394632
23.5  4.8 ./cli kernel images/4096x40   1 394572
23.6  4.8 ./cli kernel images/4096x40   1 394592
23.6  4.8 ./cli kernel images/4096x40   0 394580
23.6  4.8 ./cli kernel images/4096x40   1 394612
  PID User     Command                         Swap      USS      PSS      RSS 
 9363 codespace /usr/bin/python3 /usr/bin/s        0    12064    12247    14480 
 6842 codespace ./cli kernel images/4096x40        0   393320   393359   394572 
 6844 codespace ./cli kernel images/4096x40        0   393320   393359   394580 
 6848 codespace ./cli kernel images/4096x40        0   393320   393362   394612 
 6839 codespace ./cli kernel images/4096x40        0   393324   393363   394592 
 6846 codespace ./cli kernel images/4096x40        0   393324   393367   394632 
%CPU %MEM ARGS Sat Sep 26 20:01:39 UTC 2026
 0.0  0.0 grep --color=auto ./cli       0  2152
22.6  4.8 ./cli kernel images/4096x40   0 394632
23.5  4.8 ./cli kernel images/4096x40   1 394572
23.5  4.8 ./cli kernel images/4096x40   1 394592
23.6  4.8 ./cli kernel images/4096x40   1 394580
23.6  4.8 ./cli kernel images/4096x40   1 394612
  PID User     Command                         Swap      USS      PSS      RSS 
 9375 codespace /usr/bin/python3 /usr/bin/s        0    12092    12279    14592 
 6842 codespace ./cli kernel images/4096x40        0   393320   393359   394572 
 6844 codespace ./cli kernel images/4096x40        0   393320   393359   394580 
 6848 codespace ./cli kernel images/4096x40        0   393320   393360   394612 
 6839 codespace ./cli kernel images/4096x40        0   393324   393363   394592 
 6846 codespace ./cli kernel images/4096x40        0   393324   393367   394632 
%CPU %MEM ARGS Sat Sep 26 20:01:40 UTC 2026
 0.0  0.0 grep --color=auto ./cli       0  2172
22.5  4.8 ./cli kernel images/4096x40   0 394632
23.4  4.8 ./cli kernel images/4096x40   0 394572
23.5  4.8 ./cli kernel images/4096x40   1 394592
23.5  4.8 ./cli kernel images/4096x40   1 394580
23.5  4.8 ./cli kernel images/4096x40   1 394612
  PID User     Command                         Swap      USS      PSS      RSS 
 9388 codespace /usr/bin/python3 /usr/bin/s        0    12060    12244    14476 
 6842 codespace ./cli kernel images/4096x40        0   393320   393359   394572 
 6844 codespace ./cli kernel images/4096x40        0   393320   393360   394580 
 6848 codespace ./cli kernel images/4096x40        0   393320   393362   394612 
 6839 codespace ./cli kernel images/4096x40        0   393324   393363   394592 
 6846 codespace ./cli kernel images/4096x40        0   393324   393367   394632 
%CPU %MEM ARGS Sat Sep 26 20:01:41 UTC 2026
 0.0  0.0 grep --color=auto ./cli       1  2248
22.4  4.8 ./cli kernel images/4096x40   0 394632
23.3  4.8 ./cli kernel images/4096x40   1 394572
23.4  4.8 ./cli kernel images/4096x40   1 394592
23.5  4.8 ./cli kernel images/4096x40   0 394580
23.5  4.8 ./cli kernel images/4096x40   0 394612
  PID User     Command                         Swap      USS      PSS      RSS 
 9398 codespace /usr/bin/python3 /usr/bin/s        0    11988    12208    14532 
 6842 codespace ./cli kernel images/4096x40        0   393320   393357   394572 
 6844 codespace ./cli kernel images/4096x40        0   393320   393357   394580 
 6848 codespace ./cli kernel images/4096x40        0   393320   393358   394612 
 6839 codespace ./cli kernel images/4096x40        0   393324   393363   394592 
 6846 codespace ./cli kernel images/4096x40        0   393324   393364   394632 
%CPU %MEM ARGS Sat Sep 26 20:01:42 UTC 2026
 0.0  0.0 grep --color=auto ./cli       0  2172
22.4  4.8 ./cli kernel images/4096x40   1 394632
23.3  4.8 ./cli kernel images/4096x40   1 394572
23.4  4.8 ./cli kernel images/4096x40   1 394592
23.4  4.8 ./cli kernel images/4096x40   1 394580
23.4  4.8 ./cli kernel images/4096x40   1 394612
  PID User     Command                         Swap      USS      PSS      RSS 
 9413 codespace /usr/bin/python3 /usr/bin/s        0    12060    12245    14476 
 6842 codespace ./cli kernel images/4096x40        0   393320   393359   394572 
 6844 codespace ./cli kernel images/4096x40        0   393320   393359   394580 
 6848 codespace ./cli kernel images/4096x40        0   393320   393362   394612 
 6839 codespace ./cli kernel images/4096x40        0   393324   393363   394592 
 6846 codespace ./cli kernel images/4096x40        0   393324   393367   394632 
%CPU %MEM ARGS Sat Sep 26 20:01:43 UTC 2026
 0.0  0.0 grep --color=auto ./cli       1  2248
22.4  4.8 ./cli kernel images/4096x40   1 394632
23.2  4.8 ./cli kernel images/4096x40   1 394572
23.3  4.8 ./cli kernel images/4096x40   1 394592
23.4  4.8 ./cli kernel images/4096x40   0 394580
23.4  4.8 ./cli kernel images/4096x40   1 394612
  PID User     Command                         Swap      USS      PSS      RSS 
 9422 codespace /usr/bin/python3 /usr/bin/s        0    12060    12238    14544 
 6842 codespace ./cli kernel images/4096x40        0   393320   393357   394572 
 6844 codespace ./cli kernel images/4096x40        0   393320   393359   394580 
 6848 codespace ./cli kernel images/4096x40        0   393320   393360   394612 
 6839 codespace ./cli kernel images/4096x40        0   393324   393363   394592 
 6846 codespace ./cli kernel images/4096x40        0   393324   393367   394632 
%CPU %MEM ARGS Sat Sep 26 20:01:45 UTC 2026
 0.0  0.0 grep --color=auto ./cli       0  2180
22.3  4.8 ./cli kernel images/4096x40   0 394632
23.2  4.8 ./cli kernel images/4096x40   1 394572
23.3  4.8 ./cli kernel images/4096x40   1 394592
23.3  4.8 ./cli kernel images/4096x40   0 394580
23.3  4.8 ./cli kernel images/4096x40   1 394612
  PID User     Command                         Swap      USS      PSS      RSS 
 9446 codespace /usr/bin/python3 /usr/bin/s        0    12064    12251    14536 
 6842 codespace ./cli kernel images/4096x40        0   393320   393357   394572 
 6844 codespace ./cli kernel images/4096x40        0   393320   393357   394580 
 6848 codespace ./cli kernel images/4096x40        0   393320   393362   394612 
 6839 codespace ./cli kernel images/4096x40        0   393324   393363   394592 
 6846 codespace ./cli kernel images/4096x40        0   393324   393367   394632 
%CPU %MEM ARGS Sat Sep 26 20:01:46 UTC 2026
 0.0  0.0 grep --color=auto ./cli       1  2176
22.3  4.8 ./cli kernel images/4096x40   1 394632
23.1  4.8 ./cli kernel images/4096x40   0 394572
23.2  4.8 ./cli kernel images/4096x40   1 394580
23.3  4.8 ./cli kernel images/4096x40   1 394612
23.3  4.8 ./cli kernel images/4096x40   1 394592
  PID User     Command                         Swap      USS      PSS      RSS 
 9465 codespace /usr/bin/python3 /usr/bin/s        0    12052    12242    14480 
 6844 codespace ./cli kernel images/4096x40        0   393320   393355   394580 
 6842 codespace ./cli kernel images/4096x40        0   393320   393358   394572 
 6848 codespace ./cli kernel images/4096x40        0   393320   393362   394612 
 6839 codespace ./cli kernel images/4096x40        0   393324   393363   394592 
 6846 codespace ./cli kernel images/4096x40        0   393324   393367   394632 
%CPU %MEM ARGS Sat Sep 26 20:01:47 UTC 2026
 0.0  0.0 grep --color=auto ./cli       1  2160
22.2  4.8 ./cli kernel images/4096x40   0 394632
23.1  4.8 ./cli kernel images/4096x40   1 394572
23.2  4.8 ./cli kernel images/4096x40   0 394580
23.2  4.8 ./cli kernel images/4096x40   0 394612
23.2  4.8 ./cli kernel images/4096x40   1 394592
  PID User     Command                         Swap      USS      PSS      RSS 
 9480 codespace /usr/bin/python3 /usr/bin/s        0    12064    12252    14536 
 6842 codespace ./cli kernel images/4096x40        0   393320   393359   394572 
 6844 codespace ./cli kernel images/4096x40        0   393320   393359   394580 
 6848 codespace ./cli kernel images/4096x40        0   393320   393362   394612 
 6839 codespace ./cli kernel images/4096x40        0   393324   393363   394592 
 6846 codespace ./cli kernel images/4096x40        0   393324   393367   394632 
%CPU %MEM ARGS Sat Sep 26 20:01:49 UTC 2026
 0.0  0.0 grep --color=auto ./cli       0  2152
22.2  4.8 ./cli kernel images/4096x40   1 394632
23.0  4.8 ./cli kernel images/4096x40   0 394572
23.1  4.8 ./cli kernel images/4096x40   1 394580
23.2  4.8 ./cli kernel images/4096x40   1 394612
23.2  4.8 ./cli kernel images/4096x40   1 394592
  PID User     Command                         Swap      USS      PSS      RSS 
 9487 codespace /usr/bin/python3 /usr/bin/s        0    12060    12255    14524 
 6842 codespace ./cli kernel images/4096x40        0   393320   393359   394572 
 6844 codespace ./cli kernel images/4096x40        0   393320   393359   394580 
 6848 codespace ./cli kernel images/4096x40        0   393320   393362   394612 
 6839 codespace ./cli kernel images/4096x40        0   393324   393363   394592 
 6846 codespace ./cli kernel images/4096x40        0   393324   393367   394632 
%CPU %MEM ARGS Sat Sep 26 20:01:50 UTC 2026
 0.0  0.0 grep --color=auto ./cli       1  2192
22.2  4.8 ./cli kernel images/4096x40   1 394632
22.9  4.8 ./cli kernel images/4096x40   0 394572
23.0  4.8 ./cli kernel images/4096x40   0 394580
23.1  4.8 ./cli kernel images/4096x40   0 394592
23.1  4.8 ./cli kernel images/4096x40   1 394612
  PID User     Command                         Swap      USS      PSS      RSS 
 9500 codespace /usr/bin/python3 /usr/bin/s        0    12084    12289    14592 
 6842 codespace ./cli kernel images/4096x40        0   393320   393359   394572 
 6844 codespace ./cli kernel images/4096x40        0   393320   393359   394580 
 6848 codespace ./cli kernel images/4096x40        0   393320   393362   394612 
 6839 codespace ./cli kernel images/4096x40        0   393324   393363   394592 
 6846 codespace ./cli kernel images/4096x40        0   393324   393367   394632 
%CPU %MEM ARGS Sat Sep 26 20:01:51 UTC 2026
 0.0  0.0 grep --color=auto ./cli       0  2156
22.2  4.8 ./cli kernel images/4096x40   1 394632
22.9  4.8 ./cli kernel images/4096x40   1 394572
23.0  4.8 ./cli kernel images/4096x40   0 394580
23.0  4.8 ./cli kernel images/4096x40   0 394592
23.0  4.8 ./cli kernel images/4096x40   1 394612
  PID User     Command                         Swap      USS      PSS      RSS 
 9518 codespace /usr/bin/python3 /usr/bin/s        0    12064    12254    14548 
 6842 codespace ./cli kernel images/4096x40        0   393320   393359   394572 
 6844 codespace ./cli kernel images/4096x40        0   393320   393359   394580 
 6848 codespace ./cli kernel images/4096x40        0   393320   393362   394612 
 6839 codespace ./cli kernel images/4096x40        0   393324   393363   394592 
 6846 codespace ./cli kernel images/4096x40        0   393324   393367   394632 
%CPU %MEM ARGS Sat Sep 26 20:01:53 UTC 2026
 0.0  0.0 grep --color=auto ./cli       0  2180
22.1  4.8 ./cli kernel images/4096x40   0 394632
22.9  4.8 ./cli kernel images/4096x40   1 394572
22.9  4.8 ./cli kernel images/4096x40   0 394580
23.0  4.8 ./cli kernel images/4096x40   0 394612
23.0  4.8 ./cli kernel images/4096x40   0 394592
  PID User     Command                         Swap      USS      PSS      RSS 
 9524 codespace /usr/bin/python3 /usr/bin/s        0    12028    12218    14456 
 6842 codespace ./cli kernel images/4096x40        0   393320   393359   394572 
 6844 codespace ./cli kernel images/4096x40        0   393320   393359   394580 
 6848 codespace ./cli kernel images/4096x40        0   393320   393362   394612 
 6839 codespace ./cli kernel images/4096x40        0   393324   393363   394592 
 6846 codespace ./cli kernel images/4096x40        0   393324   393367   394632 
%CPU %MEM ARGS Sat Sep 26 20:01:54 UTC 2026
 0.0  0.0 grep --color=auto ./cli       1  2184
22.0  4.8 ./cli kernel images/4096x40   1 394632
22.8  4.8 ./cli kernel images/4096x40   0 394572
22.9  4.8 ./cli kernel images/4096x40   1 394580
22.9  4.8 ./cli kernel images/4096x40   0 394612
23.0  4.8 ./cli kernel images/4096x40   1 394592
  PID User     Command                         Swap      USS      PSS      RSS 
 9541 codespace /usr/bin/python3 /usr/bin/s        0    12084    12280    14624 
 6842 codespace ./cli kernel images/4096x40        0   393320   393359   394572 
 6844 codespace ./cli kernel images/4096x40        0   393320   393359   394580 
 6848 codespace ./cli kernel images/4096x40        0   393320   393362   394612 
 6839 codespace ./cli kernel images/4096x40        0   393324   393363   394592 
 6846 codespace ./cli kernel images/4096x40        0   393324   393367   394632 
%CPU %MEM ARGS Sat Sep 26 20:01:55 UTC 2026
 0.0  0.0 grep --color=auto ./cli       0  2340
22.0  4.8 ./cli kernel images/4096x40   1 394632
22.8  4.8 ./cli kernel images/4096x40   0 394572
22.8  4.8 ./cli kernel images/4096x40   1 394580
22.9  4.8 ./cli kernel images/4096x40   1 394612
22.9  4.8 ./cli kernel images/4096x40   1 394592
  PID User     Command                         Swap      USS      PSS      RSS 
 9564 codespace /usr/bin/python3 /usr/bin/s        0    12084    12278    14576 
 6842 codespace ./cli kernel images/4096x40        0   393320   393359   394572 
 6844 codespace ./cli kernel images/4096x40        0   393320   393359   394580 
 6848 codespace ./cli kernel images/4096x40        0   393320   393362   394612 
 6839 codespace ./cli kernel images/4096x40        0   393324   393363   394592 
 6846 codespace ./cli kernel images/4096x40        0   393324   393367   394632 
%CPU %MEM ARGS Sat Sep 26 20:01:56 UTC 2026
 0.0  0.0 grep --color=auto ./cli       0  2292
22.0  4.8 ./cli kernel images/4096x40   1 394632
22.8  4.8 ./cli kernel images/4096x40   1 394572
22.8  4.8 ./cli kernel images/4096x40   0 394580
22.8  4.8 ./cli kernel images/4096x40   0 394612
22.9  4.8 ./cli kernel images/4096x40   1 394592
  PID User     Command                         Swap      USS      PSS      RSS 
 9577 codespace /usr/bin/python3 /usr/bin/s        0    12060    12237    14524 
 6844 codespace ./cli kernel images/4096x40        0   393320   393357   394580 
 6842 codespace ./cli kernel images/4096x40        0   393320   393359   394572 
 6848 codespace ./cli kernel images/4096x40        0   393320   393360   394612 
 6839 codespace ./cli kernel images/4096x40        0   393324   393363   394592 
 6846 codespace ./cli kernel images/4096x40        0   393324   393365   394632 
%CPU %MEM ARGS Sat Sep 26 20:01:57 UTC 2026
 0.0  0.0 grep --color=auto ./cli       0  2176
21.9  4.8 ./cli kernel images/4096x40   0 394632
22.7  4.8 ./cli kernel images/4096x40   0 394580
22.8  4.8 ./cli kernel images/4096x40   1 394572
22.8  4.8 ./cli kernel images/4096x40   0 394612
22.8  4.8 ./cli kernel images/4096x40   0 394592
  PID User     Command                         Swap      USS      PSS      RSS 
 9591 codespace /usr/bin/python3 /usr/bin/s        0    12084    12277    14592 
 6842 codespace ./cli kernel images/4096x40        0   393320   393359   394572 
 6844 codespace ./cli kernel images/4096x40        0   393320   393359   394580 
 6848 codespace ./cli kernel images/4096x40        0   393320   393362   394612 
 6839 codespace ./cli kernel images/4096x40        0   393324   393363   394592 
 6846 codespace ./cli kernel images/4096x40        0   393324   393367   394632 
%CPU %MEM ARGS Sat Sep 26 20:01:58 UTC 2026
 0.0  0.0 grep --color=auto ./cli       1  2196
21.9  4.8 ./cli kernel images/4096x40   1 394632
22.7  4.8 ./cli kernel images/4096x40   1 394580
22.7  4.8 ./cli kernel images/4096x40   0 394572
22.7  4.8 ./cli kernel images/4096x40   1 394612
22.7  4.8 ./cli kernel images/4096x40   1 394592
  PID User     Command                         Swap      USS      PSS      RSS 
 9601 codespace /usr/bin/python3 /usr/bin/s        0    12060    12237    14472 
 6844 codespace ./cli kernel images/4096x40        0   393320   393357   394580 
 6842 codespace ./cli kernel images/4096x40        0   393320   393358   394572 
 6848 codespace ./cli kernel images/4096x40        0   393320   393362   394612 
 6839 codespace ./cli kernel images/4096x40        0   393324   393363   394592 
 6846 codespace ./cli kernel images/4096x40        0   393324   393363   394632 
%CPU %MEM ARGS Sat Sep 26 20:02:00 UTC 2026
 0.0  0.0 grep --color=auto ./cli       1  2308
21.9  4.8 ./cli kernel images/4096x40   0 394632
22.6  4.8 ./cli kernel images/4096x40   0 394580
22.7  4.8 ./cli kernel images/4096x40   1 394572
22.7  4.8 ./cli kernel images/4096x40   0 394612
22.7  4.8 ./cli kernel images/4096x40   1 394592
  PID User     Command                         Swap      USS      PSS      RSS 
 9616 codespace /usr/bin/python3 /usr/bin/s        0    12052    12238    14444 
 6842 codespace ./cli kernel images/4096x40        0   393320   393359   394572 
 6844 codespace ./cli kernel images/4096x40        0   393320   393359   394580 
 6848 codespace ./cli kernel images/4096x40        0   393320   393362   394612 
 6839 codespace ./cli kernel images/4096x40        0   393324   393363   394592 
 6846 codespace ./cli kernel images/4096x40        0   393324   393367   394632 
%CPU %MEM ARGS Sat Sep 26 20:02:01 UTC 2026
 0.0  0.0 grep --color=auto ./cli       0  2176
21.8  4.8 ./cli kernel images/4096x40   0 394632
22.6  4.8 ./cli kernel images/4096x40   0 394580
22.6  4.8 ./cli kernel images/4096x40   0 394612
22.6  4.8 ./cli kernel images/4096x40   1 394592
22.7  4.8 ./cli kernel images/4096x40   1 394572
  PID User     Command                         Swap      USS      PSS      RSS 
 9622 codespace /usr/bin/python3 /usr/bin/s        0    12052    12242    14516 
 6839 codespace ./cli kernel images/4096x40        0   393324   393359   394592 
 6842 codespace ./cli kernel images/4096x40        0   393320   393359   394572 
 6844 codespace ./cli kernel images/4096x40        0   393320   393359   394580 
 6848 codespace ./cli kernel images/4096x40        0   393320   393362   394612 
 6846 codespace ./cli kernel images/4096x40        0   393324   393367   394632 
%CPU %MEM ARGS Sat Sep 26 20:02:02 UTC 2026
 0.0  0.0 grep --color=auto ./cli       1  2152
21.7  4.8 ./cli kernel images/4096x40   0 394632
22.5  4.8 ./cli kernel images/4096x40   0 394612
22.5  4.8 ./cli kernel images/4096x40   0 394580
22.6  4.8 ./cli kernel images/4096x40   0 394592
22.7  4.8 ./cli kernel images/4096x40   1 394572
  PID User     Command                         Swap      USS      PSS      RSS 
 9635 codespace /usr/bin/python3 /usr/bin/s        0    12084    12278    14576 
 6842 codespace ./cli kernel images/4096x40        0   393320   393359   394572 
 6844 codespace ./cli kernel images/4096x40        0   393320   393359   394580 
 6848 codespace ./cli kernel images/4096x40        0   393320   393362   394612 
 6839 codespace ./cli kernel images/4096x40        0   393324   393363   394592 
 6846 codespace ./cli kernel images/4096x40        0   393324   393367   394632 
%CPU %MEM ARGS Sat Sep 26 20:02:04 UTC 2026
 0.0  0.0 grep --color=auto ./cli       0  2168
21.7  4.8 ./cli kernel images/4096x40   1 394632
22.5  4.8 ./cli kernel images/4096x40   0 394580
22.5  4.8 ./cli kernel images/4096x40   1 394612
22.5  4.8 ./cli kernel images/4096x40   0 394592
22.7  4.8 ./cli kernel images/4096x40   0 394572
  PID User     Command                         Swap      USS      PSS      RSS 
 9650 codespace /usr/bin/python3 /usr/bin/s        0    12060    12241    14508 
 6842 codespace ./cli kernel images/4096x40        0   393320   393359   394572 
 6844 codespace ./cli kernel images/4096x40        0   393320   393359   394580 
 6848 codespace ./cli kernel images/4096x40        0   393320   393362   394612 
 6839 codespace ./cli kernel images/4096x40        0   393324   393363   394592 
 6846 codespace ./cli kernel images/4096x40        0   393324   393366   394632 
%CPU %MEM ARGS Sat Sep 26 20:02:05 UTC 2026
 0.0  0.0 grep --color=auto ./cli       1  2204
21.7  4.8 ./cli kernel images/4096x40   1 394632
22.4  4.8 ./cli kernel images/4096x40   1 394580
22.4  4.8 ./cli kernel images/4096x40   1 394612
22.5  4.8 ./cli kernel images/4096x40   1 394592
22.6  4.8 ./cli kernel images/4096x40   0 394572
  PID User     Command                         Swap      USS      PSS      RSS 
 9669 codespace /usr/bin/python3 /usr/bin/s        0    12036    12191    14452 
 6848 codespace ./cli kernel images/4096x40        0   393320   393358   394612 
 6839 codespace ./cli kernel images/4096x40        0   393324   393359   394592 
 6842 codespace ./cli kernel images/4096x40        0   393320   393359   394572 
 6844 codespace ./cli kernel images/4096x40        0   393320   393359   394580 
 6846 codespace ./cli kernel images/4096x40        0   393324   393366   394632 
%CPU %MEM ARGS Sat Sep 26 20:02:06 UTC 2026
 0.0  0.0 grep --color=auto ./cli       1  2308
21.6  4.8 ./cli kernel images/4096x40   1 394632
22.4  4.8 ./cli kernel images/4096x40   1 394580
22.4  4.8 ./cli kernel images/4096x40   0 394612
22.4  4.8 ./cli kernel images/4096x40   1 394592
22.6  4.8 ./cli kernel images/4096x40   1 394572
  PID User     Command                         Swap      USS      PSS      RSS 
 9694 codespace /usr/bin/python3 /usr/bin/s        0    12048    12231    14464 
 6842 codespace ./cli kernel images/4096x40        0   393320   393359   394572 
 6844 codespace ./cli kernel images/4096x40        0   393320   393359   394580 
 6848 codespace ./cli kernel images/4096x40        0   393320   393362   394612 
 6839 codespace ./cli kernel images/4096x40        0   393324   393363   394592 
 6846 codespace ./cli kernel images/4096x40        0   393324   393367   394632 
%CPU %MEM ARGS Sat Sep 26 20:02:08 UTC 2026
 0.0  0.0 grep --color=auto ./cli       0  2180
21.6  4.8 ./cli kernel images/4096x40   0 394632
22.3  4.8 ./cli kernel images/4096x40   0 394580
22.4  4.8 ./cli kernel images/4096x40   0 394612
22.4  4.8 ./cli kernel images/4096x40   0 394592
22.5  4.8 ./cli kernel images/4096x40   1 394572
  PID User     Command                         Swap      USS      PSS      RSS 
 9700 codespace /usr/bin/python3 /usr/bin/s        0    12072    12258    14508 
 6839 codespace ./cli kernel images/4096x40        0   393324   393358   394592 
 6842 codespace ./cli kernel images/4096x40        0   393320   393359   394572 
 6844 codespace ./cli kernel images/4096x40        0   393320   393359   394580 
 6848 codespace ./cli kernel images/4096x40        0   393320   393362   394612 
 6846 codespace ./cli kernel images/4096x40        0   393324   393367   394632 
%CPU %MEM ARGS Sat Sep 26 20:02:09 UTC 2026
 0.0  0.0 grep --color=auto ./cli       1  2160
21.6  4.8 ./cli kernel images/4096x40   1 394632
22.3  4.8 ./cli kernel images/4096x40   1 394580
22.3  4.8 ./cli kernel images/4096x40   0 394612
22.3  4.8 ./cli kernel images/4096x40   0 394592
22.5  4.8 ./cli kernel images/4096x40   0 394572
  PID User     Command                         Swap      USS      PSS      RSS 
 9718 codespace /usr/bin/python3 /usr/bin/s        0    11988    12204    14476 
 6844 codespace ./cli kernel images/4096x40        0   393320   393357   394580 
 6848 codespace ./cli kernel images/4096x40        0   393320   393357   394612 
 6842 codespace ./cli kernel images/4096x40        0   393320   393359   394572 
 6839 codespace ./cli kernel images/4096x40        0   393324   393363   394592 
 6846 codespace ./cli kernel images/4096x40        0   393324   393364   394632 
%CPU %MEM ARGS Sat Sep 26 20:02:10 UTC 2026
 0.0  0.0 grep --color=auto ./cli       1  2204
21.5  4.8 ./cli kernel images/4096x40   0 394632
22.2  4.8 ./cli kernel images/4096x40   1 394580
22.3  4.8 ./cli kernel images/4096x40   0 394612
22.3  4.8 ./cli kernel images/4096x40   0 394592
22.5  4.8 ./cli kernel images/4096x40   0 394572
  PID User     Command                         Swap      USS      PSS      RSS 
 9735 codespace /usr/bin/python3 /usr/bin/s        0    12060    12255    14524 
 6842 codespace ./cli kernel images/4096x40        0   393320   393359   394572 
 6844 codespace ./cli kernel images/4096x40        0   393320   393359   394580 
 6848 codespace ./cli kernel images/4096x40        0   393320   393362   394612 
 6839 codespace ./cli kernel images/4096x40        0   393324   393363   394592 
 6846 codespace ./cli kernel images/4096x40        0   393324   393367   394632 
%CPU %MEM ARGS Sat Sep 26 20:02:11 UTC 2026
 0.0  0.0 grep --color=auto ./cli       1  2252
21.5  4.8 ./cli kernel images/4096x40   0 394632
22.2  4.8 ./cli kernel images/4096x40   1 394580
22.2  4.8 ./cli kernel images/4096x40   1 394612
22.3  4.8 ./cli kernel images/4096x40   1 394592
22.4  4.8 ./cli kernel images/4096x40   0 394572
  PID User     Command                         Swap      USS      PSS      RSS 
 9741 codespace /usr/bin/python3 /usr/bin/s        0    12060    12255    14524 
 6842 codespace ./cli kernel images/4096x40        0   393320   393359   394572 
 6844 codespace ./cli kernel images/4096x40        0   393320   393359   394580 
 6848 codespace ./cli kernel images/4096x40        0   393320   393362   394612 
 6839 codespace ./cli kernel images/4096x40        0   393324   393363   394592 
 6846 codespace ./cli kernel images/4096x40        0   393324   393367   394632 
%CPU %MEM ARGS Sat Sep 26 20:02:13 UTC 2026
 0.0  0.0 grep --color=auto ./cli       1  2156
21.5  4.8 ./cli kernel images/4096x40   1 394632
22.2  4.8 ./cli kernel images/4096x40   0 394580
22.2  4.8 ./cli kernel images/4096x40   1 394612
22.2  4.8 ./cli kernel images/4096x40   1 394592
22.4  4.8 ./cli kernel images/4096x40   0 394572
  PID User     Command                         Swap      USS      PSS      RSS 
 9750 codespace /usr/bin/python3 /usr/bin/s        0    12060    12254    14520 
 6842 codespace ./cli kernel images/4096x40        0   393320   393359   394572 
 6844 codespace ./cli kernel images/4096x40        0   393320   393359   394580 
 6848 codespace ./cli kernel images/4096x40        0   393320   393362   394612 
 6839 codespace ./cli kernel images/4096x40        0   393324   393363   394592 
 6846 codespace ./cli kernel images/4096x40        0   393324   393367   394632 
%CPU %MEM ARGS Sat Sep 26 20:02:14 UTC 2026
 0.0  0.0 grep --color=auto ./cli       0  2180
21.5  4.8 ./cli kernel images/4096x40   0 394632
22.1  4.8 ./cli kernel images/4096x40   1 394580
22.1  4.8 ./cli kernel images/4096x40   1 394612
22.2  4.8 ./cli kernel images/4096x40   1 394592
22.3  4.8 ./cli kernel images/4096x40   1 394572
  PID User     Command                         Swap      USS      PSS      RSS 
 9766 codespace /usr/bin/python3 /usr/bin/s        0    12088    12295    14592 
 6842 codespace ./cli kernel images/4096x40        0   393320   393359   394572 
 6844 codespace ./cli kernel images/4096x40        0   393320   393359   394580 
 6848 codespace ./cli kernel images/4096x40        0   393320   393362   394612 
 6839 codespace ./cli kernel images/4096x40        0   393324   393363   394592 
 6846 codespace ./cli kernel images/4096x40        0   393324   393367   394632 
%CPU %MEM ARGS Sat Sep 26 20:02:15 UTC 2026
 0.0  0.0 grep --color=auto ./cli       1  2184
21.4  4.8 ./cli kernel images/4096x40   1 394632
22.1  4.8 ./cli kernel images/4096x40   0 394580
22.1  4.8 ./cli kernel images/4096x40   1 394612
22.2  4.8 ./cli kernel images/4096x40   1 394592
22.3  4.8 ./cli kernel images/4096x40   0 394572
  PID User     Command                         Swap      USS      PSS      RSS 
 9778 codespace /usr/bin/python3 /usr/bin/s        0    12056    12258    14584 
 6842 codespace ./cli kernel images/4096x40        0   393320   393358   394572 
 6844 codespace ./cli kernel images/4096x40        0   393320   393359   394580 
 6848 codespace ./cli kernel images/4096x40        0   393320   393360   394612 
 6839 codespace ./cli kernel images/4096x40        0   393324   393363   394592 
 6846 codespace ./cli kernel images/4096x40        0   393324   393367   394632 
%CPU %MEM ARGS Sat Sep 26 20:02:17 UTC 2026
 0.0  0.0 grep --color=auto ./cli       0  2252
21.4  4.8 ./cli kernel images/4096x40   1 394632
22.0  4.8 ./cli kernel images/4096x40   0 394580
22.0  4.8 ./cli kernel images/4096x40   1 394612
22.1  4.8 ./cli kernel images/4096x40   1 394592
22.3  4.8 ./cli kernel images/4096x40   1 394572
  PID User     Command                         Swap      USS      PSS      RSS 
 9805 codespace /usr/bin/python3 /usr/bin/s        0    12088    12282    14596 
 6842 codespace ./cli kernel images/4096x40        0   393320   393357   394572 
 6839 codespace ./cli kernel images/4096x40        0   393324   393359   394592 
 6844 codespace ./cli kernel images/4096x40        0   393320   393359   394580 
 6848 codespace ./cli kernel images/4096x40        0   393320   393362   394612 
 6846 codespace ./cli kernel images/4096x40        0   393324   393367   394632 
%CPU %MEM ARGS Sat Sep 26 20:02:17 UTC 2026
 0.0  0.0 grep --color=auto ./cli       1  2152
21.3  4.8 ./cli kernel images/4096x40   1 394632
22.0  4.8 ./cli kernel images/4096x40   1 394580
22.0  4.8 ./cli kernel images/4096x40   1 394612
22.1  4.8 ./cli kernel images/4096x40   1 394592
22.3  4.8 ./cli kernel images/4096x40   1 394572
  PID User     Command                         Swap      USS      PSS      RSS 
 9817 codespace /usr/bin/python3 /usr/bin/s        0    12060    12244    14476 
 6842 codespace ./cli kernel images/4096x40        0   393320   393359   394572 
 6844 codespace ./cli kernel images/4096x40        0   393320   393359   394580 
 6848 codespace ./cli kernel images/4096x40        0   393320   393362   394612 
 6839 codespace ./cli kernel images/4096x40        0   393324   393363   394592 
 6846 codespace ./cli kernel images/4096x40        0   393324   393367   394632 
%CPU %MEM ARGS Sat Sep 26 20:02:18 UTC 2026
 0.0  0.0 grep --color=auto ./cli       1  2172
21.3  4.8 ./cli kernel images/4096x40   0 394632
22.0  4.8 ./cli kernel images/4096x40   0 394580
22.0  4.8 ./cli kernel images/4096x40   1 394612
22.0  4.8 ./cli kernel images/4096x40   0 394592
22.2  4.8 ./cli kernel images/4096x40   0 394572
  PID User     Command                         Swap      USS      PSS      RSS 
 9828 codespace /usr/bin/python3 /usr/bin/s        0    12060    12245    14476 
 6842 codespace ./cli kernel images/4096x40        0   393320   393359   394572 
 6844 codespace ./cli kernel images/4096x40        0   393320   393359   394580 
 6848 codespace ./cli kernel images/4096x40        0   393320   393362   394612 
 6839 codespace ./cli kernel images/4096x40        0   393324   393363   394592 
 6846 codespace ./cli kernel images/4096x40        0   393324   393367   394632 
%CPU %MEM ARGS Sat Sep 26 20:02:20 UTC 2026
 0.0  0.0 grep --color=auto ./cli       1  2180
21.3  4.8 ./cli kernel images/4096x40   0 394632
21.9  4.8 ./cli kernel images/4096x40   0 394580
21.9  4.8 ./cli kernel images/4096x40   1 394612
22.0  4.8 ./cli kernel images/4096x40   0 394592
22.2  4.8 ./cli kernel images/4096x40   1 394572
  PID User     Command                         Swap      USS      PSS      RSS 
 9842 codespace /usr/bin/python3 /usr/bin/s        0    12060    12252    14508 
 6842 codespace ./cli kernel images/4096x40        0   393320   393359   394572 
 6844 codespace ./cli kernel images/4096x40        0   393320   393359   394580 
 6848 codespace ./cli kernel images/4096x40        0   393320   393362   394612 
 6839 codespace ./cli kernel images/4096x40        0   393324   393363   394592 
 6846 codespace ./cli kernel images/4096x40        0   393324   393367   394632 
%CPU %MEM ARGS Sat Sep 26 20:02:21 UTC 2026
 0.0  0.0 grep --color=auto ./cli       0  2172
21.3  4.8 ./cli kernel images/4096x40   1 394632
21.9  4.8 ./cli kernel images/4096x40   0 394580
21.9  4.8 ./cli kernel images/4096x40   0 394612
22.0  4.8 ./cli kernel images/4096x40   0 394592
22.2  4.8 ./cli kernel images/4096x40   0 394572
  PID User     Command                         Swap      USS      PSS      RSS 
 9848 codespace /usr/bin/python3 /usr/bin/s        0    12068    12252    14484 
 6842 codespace ./cli kernel images/4096x40        0   393320   393355   394572 
 6844 codespace ./cli kernel images/4096x40        0   393320   393355   394580 
 6848 codespace ./cli kernel images/4096x40        0   393320   393362   394612 
 6839 codespace ./cli kernel images/4096x40        0   393324   393363   394592 
 6846 codespace ./cli kernel images/4096x40        0   393324   393367   394632 
%CPU %MEM ARGS Sat Sep 26 20:02:22 UTC 2026
 0.0  0.0 grep --color=auto ./cli       0  2196
21.3  4.8 ./cli kernel images/4096x40   1 394632
21.8  4.8 ./cli kernel images/4096x40   1 394580
21.9  4.8 ./cli kernel images/4096x40   1 394612
21.9  4.8 ./cli kernel images/4096x40   1 394592
22.2  4.8 ./cli kernel images/4096x40   1 394572
  PID User     Command                         Swap      USS      PSS      RSS 
 9860 codespace /usr/bin/python3 /usr/bin/s        0    12068    12259    14552 
 6842 codespace ./cli kernel images/4096x40        0   393320   393355   394572 
 6844 codespace ./cli kernel images/4096x40        0   393320   393359   394580 
 6848 codespace ./cli kernel images/4096x40        0   393320   393362   394612 
 6839 codespace ./cli kernel images/4096x40        0   393324   393363   394592 
 6846 codespace ./cli kernel images/4096x40        0   393324   393367   394632 
%CPU %MEM ARGS Sat Sep 26 20:02:23 UTC 2026
 0.0  0.0 grep --color=auto ./cli       0  2160
21.2  4.8 ./cli kernel images/4096x40   0 394632
21.8  4.8 ./cli kernel images/4096x40   1 394580
21.8  4.8 ./cli kernel images/4096x40   1 394612
21.9  4.8 ./cli kernel images/4096x40   1 394592
22.1  4.8 ./cli kernel images/4096x40   1 394572
  PID User     Command                         Swap      USS      PSS      RSS 
 9872 codespace /usr/bin/python3 /usr/bin/s        0    12064    12250    14536 
 6842 codespace ./cli kernel images/4096x40        0   393320   393359   394572 
 6844 codespace ./cli kernel images/4096x40        0   393320   393359   394580 
 6848 codespace ./cli kernel images/4096x40        0   393320   393362   394612 
 6839 codespace ./cli kernel images/4096x40        0   393324   393363   394592 
 6846 codespace ./cli kernel images/4096x40        0   393324   393367   394632 
%CPU %MEM ARGS Sat Sep 26 20:02:25 UTC 2026
 0.0  0.0 grep --color=auto ./cli       0  2252
21.3  4.8 ./cli kernel images/4096x40   1 394632
21.7  4.8 ./cli kernel images/4096x40   1 394580
21.8  4.8 ./cli kernel images/4096x40   1 394612
21.8  4.8 ./cli kernel images/4096x40   1 394592
22.1  4.8 ./cli kernel images/4096x40   0 394572
  PID User     Command                         Swap      USS      PSS      RSS 
 9879 codespace /usr/bin/python3 /usr/bin/s        0    12064    12252    14540 
 6842 codespace ./cli kernel images/4096x40        0   393320   393359   394572 
 6844 codespace ./cli kernel images/4096x40        0   393320   393359   394580 
 6848 codespace ./cli kernel images/4096x40        0   393320   393362   394612 
 6839 codespace ./cli kernel images/4096x40        0   393324   393363   394592 
 6846 codespace ./cli kernel images/4096x40        0   393324   393367   394632 
%CPU %MEM ARGS Sat Sep 26 20:02:26 UTC 2026
 0.0  0.0 grep --color=auto ./cli       1  2292
21.2  4.8 ./cli kernel images/4096x40   1 394632
21.7  4.8 ./cli kernel images/4096x40   1 394580
21.7  4.8 ./cli kernel images/4096x40   0 394612
21.8  4.8 ./cli kernel images/4096x40   1 394592
22.1  4.8 ./cli kernel images/4096x40   0 394572
  PID User     Command                         Swap      USS      PSS      RSS 
 9891 codespace /usr/bin/python3 /usr/bin/s        0    12060    12249    14544 
 6844 codespace ./cli kernel images/4096x40        0   393320   393355   394580 
 6842 codespace ./cli kernel images/4096x40        0   393320   393359   394572 
 6848 codespace ./cli kernel images/4096x40        0   393320   393360   394612 
 6846 codespace ./cli kernel images/4096x40        0   393324   393362   394632 
 6839 codespace ./cli kernel images/4096x40        0   393324   393363   394592 
%CPU %MEM ARGS Sat Sep 26 20:02:27 UTC 2026
 0.0  0.0 grep --color=auto ./cli       0  2252
21.2  4.8 ./cli kernel images/4096x40   1 394632
21.7  4.8 ./cli kernel images/4096x40   1 394580
21.7  4.8 ./cli kernel images/4096x40   1 394612
21.7  4.8 ./cli kernel images/4096x40   1 394592
22.0  4.8 ./cli kernel images/4096x40   1 394572
  PID User     Command                         Swap      USS      PSS      RSS 
 9929 codespace /usr/bin/python3 /usr/bin/s        0    12064    12249    14480 
 6842 codespace ./cli kernel images/4096x40        0   393320   393359   394572 
 6844 codespace ./cli kernel images/4096x40        0   393320   393359   394580 
 6848 codespace ./cli kernel images/4096x40        0   393320   393362   394612 
 6839 codespace ./cli kernel images/4096x40        0   393324   393363   394592 
 6846 codespace ./cli kernel images/4096x40        0   393324   393367   394632 
%CPU %MEM ARGS Sat Sep 26 20:02:29 UTC 2026
 0.0  0.0 grep --color=auto ./cli       1  2176
21.1  4.8 ./cli kernel images/4096x40   1 394632
21.6  4.8 ./cli kernel images/4096x40   1 394580
21.7  4.8 ./cli kernel images/4096x40   1 394612
21.7  4.8 ./cli kernel images/4096x40   0 394592
22.0  4.8 ./cli kernel images/4096x40   1 394572
  PID User     Command                         Swap      USS      PSS      RSS 
 9938 codespace /usr/bin/python3 /usr/bin/s        0    12060    12245    14476 
 6842 codespace ./cli kernel images/4096x40        0   393320   393359   394572 
 6844 codespace ./cli kernel images/4096x40        0   393320   393359   394580 
 6848 codespace ./cli kernel images/4096x40        0   393320   393362   394612 
 6839 codespace ./cli kernel images/4096x40        0   393324   393363   394592 
 6846 codespace ./cli kernel images/4096x40        0   393324   393366   394632 
%CPU %MEM ARGS Sat Sep 26 20:02:30 UTC 2026
 0.0  0.0 grep --color=auto ./cli       1  2156
21.1  4.8 ./cli kernel images/4096x40   0 394632
21.6  4.8 ./cli kernel images/4096x40   1 394580
21.6  4.8 ./cli kernel images/4096x40   1 394612
21.8  4.8 ./cli kernel images/4096x40   1 394592
22.0  4.8 ./cli kernel images/4096x40   1 394572
  PID User     Command                         Swap      USS      PSS      RSS 
 9944 codespace /usr/bin/python3 /usr/bin/s        0    12060    12240    14524 
 6848 codespace ./cli kernel images/4096x40        0   393320   393358   394612 
 6842 codespace ./cli kernel images/4096x40        0   393320   393359   394572 
 6844 codespace ./cli kernel images/4096x40        0   393320   393359   394580 
 6839 codespace ./cli kernel images/4096x40        0   393324   393363   394592 
 6846 codespace ./cli kernel images/4096x40        0   393324   393367   394632 
%CPU %MEM ARGS Sat Sep 26 20:02:31 UTC 2026
 0.0  0.0 grep --color=auto ./cli       1  2296
21.1  4.8 ./cli kernel images/4096x40   1 394632
21.5  4.8 ./cli kernel images/4096x40   0 394580
21.5  4.8 ./cli kernel images/4096x40   1 394612
21.7  4.8 ./cli kernel images/4096x40   0 394592
21.9  4.8 ./cli kernel images/4096x40   1 394572
  PID User     Command                         Swap      USS      PSS      RSS 
 9963 codespace /usr/bin/python3 /usr/bin/s        0    12084    12279    14624 
 6842 codespace ./cli kernel images/4096x40        0   393320   393359   394572 
 6844 codespace ./cli kernel images/4096x40        0   393320   393359   394580 
 6848 codespace ./cli kernel images/4096x40        0   393320   393361   394612 
 6839 codespace ./cli kernel images/4096x40        0   393324   393363   394592 
 6846 codespace ./cli kernel images/4096x40        0   393324   393367   394632 
%CPU %MEM ARGS Sat Sep 26 20:02:33 UTC 2026
 0.0  0.0 grep --color=auto ./cli       0  2308
21.1  4.8 ./cli kernel images/4096x40   0 394632
21.5  4.8 ./cli kernel images/4096x40   0 394580
21.5  4.8 ./cli kernel images/4096x40   1 394612
21.7  4.8 ./cli kernel images/4096x40   0 394592
21.9  4.8 ./cli kernel images/4096x40   0 394572
  PID User     Command                         Swap      USS      PSS      RSS 
 9979 codespace /usr/bin/python3 /usr/bin/s        0    12072    12264    14564 
 6842 codespace ./cli kernel images/4096x40        0   393320   393359   394572 
 6844 codespace ./cli kernel images/4096x40        0   393320   393359   394580 
 6848 codespace ./cli kernel images/4096x40        0   393320   393362   394612 
 6839 codespace ./cli kernel images/4096x40        0   393324   393363   394592 
 6846 codespace ./cli kernel images/4096x40        0   393324   393367   394632 
%CPU %MEM ARGS Sat Sep 26 20:02:34 UTC 2026
 0.0  0.0 grep --color=auto ./cli       0  2196
21.0  4.8 ./cli kernel images/4096x40   1 394632
21.4  4.8 ./cli kernel images/4096x40   0 394580
21.5  4.8 ./cli kernel images/4096x40   1 394612
21.6  4.8 ./cli kernel images/4096x40   1 394592
21.8  4.8 ./cli kernel images/4096x40   0 394572
  PID User     Command                         Swap      USS      PSS      RSS 
 9985 codespace /usr/bin/python3 /usr/bin/s        0    12068    12264    14568 
 6842 codespace ./cli kernel images/4096x40        0   393320   393359   394572 
 6844 codespace ./cli kernel images/4096x40        0   393320   393359   394580 
 6848 codespace ./cli kernel images/4096x40        0   393320   393362   394612 
 6839 codespace ./cli kernel images/4096x40        0   393324   393364   394592 
 6846 codespace ./cli kernel images/4096x40        0   393324   393367   394632 
%CPU %MEM ARGS Sat Sep 26 20:02:36 UTC 2026
 0.0  0.0 grep --color=auto ./cli       0  2152
21.0  4.8 ./cli kernel images/4096x40   1 394632
21.4  4.8 ./cli kernel images/4096x40   1 394580
21.4  4.8 ./cli kernel images/4096x40   1 394612
21.6  4.8 ./cli kernel images/4096x40   0 394592
21.8  4.8 ./cli kernel images/4096x40   1 394572
  PID User     Command                         Swap      USS      PSS      RSS 
 9991 codespace /usr/bin/python3 /usr/bin/s        0    12064    12253    14548 
 6842 codespace ./cli kernel images/4096x40        0   393320   393359   394572 
 6844 codespace ./cli kernel images/4096x40        0   393320   393359   394580 
 6848 codespace ./cli kernel images/4096x40        0   393320   393362   394612 
 6839 codespace ./cli kernel images/4096x40        0   393324   393363   394592 
 6846 codespace ./cli kernel images/4096x40        0   393324   393367   394632 
%CPU %MEM ARGS Sat Sep 26 20:02:37 UTC 2026
 0.0  0.0 grep --color=auto ./cli       1  2176
21.0  4.8 ./cli kernel images/4096x40   0 394632
21.4  4.8 ./cli kernel images/4096x40   0 394580
21.4  4.8 ./cli kernel images/4096x40   1 394612
21.7  4.8 ./cli kernel images/4096x40   0 394592
21.7  4.8 ./cli kernel images/4096x40   0 394572
  PID User     Command                         Swap      USS      PSS      RSS 
10016 codespace /usr/bin/python3 /usr/bin/s        0    12076    12262    14564 
 6842 codespace ./cli kernel images/4096x40        0   393320   393359   394572 
 6844 codespace ./cli kernel images/4096x40        0   393320   393359   394580 
 6848 codespace ./cli kernel images/4096x40        0   393320   393362   394612 
 6839 codespace ./cli kernel images/4096x40        0   393324   393363   394592 
 6846 codespace ./cli kernel images/4096x40        0   393324   393367   394632 
%CPU %MEM ARGS Sat Sep 26 20:02:38 UTC 2026
 0.0  0.0 grep --color=auto ./cli       0  2164
20.9  4.8 ./cli kernel images/4096x40   1 394632
21.3  4.8 ./cli kernel images/4096x40   1 394580
21.4  4.8 ./cli kernel images/4096x40   0 394612
21.6  4.8 ./cli kernel images/4096x40   0 394592
21.7  4.8 ./cli kernel images/4096x40   1 394572
  PID User     Command                         Swap      USS      PSS      RSS 
10042 codespace /usr/bin/python3 /usr/bin/s        0    12052    12242    14516 
 6842 codespace ./cli kernel images/4096x40        0   393320   393359   394572 
 6844 codespace ./cli kernel images/4096x40        0   393320   393359   394580 
 6848 codespace ./cli kernel images/4096x40        0   393320   393362   394612 
 6839 codespace ./cli kernel images/4096x40        0   393324   393364   394592 
 6846 codespace ./cli kernel images/4096x40        0   393324   393367   394632 
%CPU %MEM ARGS Sat Sep 26 20:02:39 UTC 2026
 0.0  0.0 grep --color=auto ./cli       0  2296
20.9  4.8 ./cli kernel images/4096x40   0 394632
21.3  4.8 ./cli kernel images/4096x40   0 394612
21.3  4.8 ./cli kernel images/4096x40   0 394580
21.6  4.8 ./cli kernel images/4096x40   0 394592
21.6  4.8 ./cli kernel images/4096x40   0 394572
  PID User     Command                         Swap      USS      PSS      RSS 
10051 codespace /usr/bin/python3 /usr/bin/s        0    12052    12243    14480 
 6842 codespace ./cli kernel images/4096x40        0   393320   393355   394572 
 6844 codespace ./cli kernel images/4096x40        0   393320   393359   394580 
 6846 codespace ./cli kernel images/4096x40        0   393324   393362   394632 
 6848 codespace ./cli kernel images/4096x40        0   393320   393362   394612 
 6839 codespace ./cli kernel images/4096x40        0   393324   393363   394592 
%CPU %MEM ARGS Sat Sep 26 20:02:41 UTC 2026
 0.0  0.0 grep --color=auto ./cli       0  2340
20.9  4.8 ./cli kernel images/4096x40   1 394632
21.3  4.8 ./cli kernel images/4096x40   1 394580
21.3  4.8 ./cli kernel images/4096x40   0 394612
21.5  4.8 ./cli kernel images/4096x40   1 394592
21.6  4.8 ./cli kernel images/4096x40   1 394572
  PID User     Command                         Swap      USS      PSS      RSS 
10070 codespace /usr/bin/python3 /usr/bin/s        0    12064    12251    14536 
 6842 codespace ./cli kernel images/4096x40        0   393320   393359   394572 
 6844 codespace ./cli kernel images/4096x40        0   393320   393359   394580 
 6848 codespace ./cli kernel images/4096x40        0   393320   393362   394612 
 6839 codespace ./cli kernel images/4096x40        0   393324   393364   394592 
 6846 codespace ./cli kernel images/4096x40        0   393324   393367   394632 
%CPU %MEM ARGS Sat Sep 26 20:02:42 UTC 2026
 0.0  0.0 grep --color=auto ./cli       1  2196
20.8  4.8 ./cli kernel images/4096x40   0 394632
21.3  4.8 ./cli kernel images/4096x40   1 394580
21.3  4.8 ./cli kernel images/4096x40   0 394612
21.5  4.8 ./cli kernel images/4096x40   1 394592
21.6  4.8 ./cli kernel images/4096x40   0 394572
  PID User     Command                         Swap      USS      PSS      RSS 
10076 codespace /usr/bin/python3 /usr/bin/s        0    12060    12223    14476 
 6844 codespace ./cli kernel images/4096x40        0   393320   393357   394580 
 6842 codespace ./cli kernel images/4096x40        0   393320   393359   394572 
 6848 codespace ./cli kernel images/4096x40        0   393320   393360   394612 
 6839 codespace ./cli kernel images/4096x40        0   393324   393363   394592 
 6846 codespace ./cli kernel images/4096x40        0   393324   393365   394632 
%CPU %MEM ARGS Sat Sep 26 20:02:43 UTC 2026
 0.0  0.0 grep --color=auto ./cli       0  2184
20.8  4.8 ./cli kernel images/4096x40   1 394632
21.2  4.8 ./cli kernel images/4096x40   1 394580
21.3  4.8 ./cli kernel images/4096x40   1 394612
21.5  4.8 ./cli kernel images/4096x40   1 394592
21.6  4.8 ./cli kernel images/4096x40   1 394572
  PID User     Command                         Swap      USS      PSS      RSS 
10088 codespace /usr/bin/python3 /usr/bin/s        0    12060    12242    14476 
 6842 codespace ./cli kernel images/4096x40        0   393320   393359   394572 
 6844 codespace ./cli kernel images/4096x40        0   393320   393359   394580 
 6848 codespace ./cli kernel images/4096x40        0   393320   393361   394612 
 6839 codespace ./cli kernel images/4096x40        0   393324   393363   394592 
 6846 codespace ./cli kernel images/4096x40        0   393324   393366   394632 
%CPU %MEM ARGS Sat Sep 26 20:02:44 UTC 2026
 0.0  0.0 grep --color=auto ./cli       0  2296
20.8  4.8 ./cli kernel images/4096x40   1 394632
21.2  4.8 ./cli kernel images/4096x40   1 394580
21.2  4.8 ./cli kernel images/4096x40   0 394612
21.4  4.8 ./cli kernel images/4096x40   0 394592
21.6  4.8 ./cli kernel images/4096x40   1 394572
  PID User     Command                         Swap      USS      PSS      RSS 
10098 codespace /usr/bin/python3 /usr/bin/s        0    12060    12246    14516 
 6844 codespace ./cli kernel images/4096x40        0   393320   393355   394580 
 6842 codespace ./cli kernel images/4096x40        0   393320   393358   394572 
 6848 codespace ./cli kernel images/4096x40        0   393320   393362   394612 
 6839 codespace ./cli kernel images/4096x40        0   393324   393363   394592 
 6846 codespace ./cli kernel images/4096x40        0   393324   393363   394632 
%CPU %MEM ARGS Sat Sep 26 20:02:46 UTC 2026
 0.0  0.0 grep --color=auto ./cli       1  2292
20.7  4.8 ./cli kernel images/4096x40   0 394632
21.2  4.8 ./cli kernel images/4096x40   1 394580
21.2  4.8 ./cli kernel images/4096x40   0 394612
21.4  4.8 ./cli kernel images/4096x40   0 394592
21.5  4.8 ./cli kernel images/4096x40   0 394572
  PID User     Command                         Swap      USS      PSS      RSS 
10116 codespace /usr/bin/python3 /usr/bin/s        0    12060    12244    14476 
 6842 codespace ./cli kernel images/4096x40        0   393320   393359   394572 
 6844 codespace ./cli kernel images/4096x40        0   393320   393359   394580 
 6848 codespace ./cli kernel images/4096x40        0   393320   393362   394612 
 6839 codespace ./cli kernel images/4096x40        0   393324   393363   394592 
 6846 codespace ./cli kernel images/4096x40        0   393324   393366   394632 
%CPU %MEM ARGS Sat Sep 26 20:02:47 UTC 2026
 0.0  0.0 grep --color=auto ./cli       1  2204
20.7  4.8 ./cli kernel images/4096x40   0 394632
21.2  4.8 ./cli kernel images/4096x40   1 394580
21.2  4.8 ./cli kernel images/4096x40   1 394612
21.4  4.8 ./cli kernel images/4096x40   0 394592
21.5  4.8 ./cli kernel images/4096x40   0 394572
  PID User     Command                         Swap      USS      PSS      RSS 
10122 codespace /usr/bin/python3 /usr/bin/s        0    12064    12257    14524 
 6842 codespace ./cli kernel images/4096x40        0   393320   393359   394572 
 6844 codespace ./cli kernel images/4096x40        0   393320   393359   394580 
 6848 codespace ./cli kernel images/4096x40        0   393320   393362   394612 
 6839 codespace ./cli kernel images/4096x40        0   393324   393363   394592 
 6846 codespace ./cli kernel images/4096x40        0   393324   393367   394632 
%CPU %MEM ARGS Sat Sep 26 20:02:48 UTC 2026
 0.0  0.0 grep --color=auto ./cli       1  2164
20.7  4.8 ./cli kernel images/4096x40   0 394632
21.1  4.8 ./cli kernel images/4096x40   1 394580
21.2  4.8 ./cli kernel images/4096x40   1 394612
21.3  4.8 ./cli kernel images/4096x40   1 394592
21.5  4.8 ./cli kernel images/4096x40   1 394572
  PID User     Command                         Swap      USS      PSS      RSS 
10143 codespace /usr/bin/python3 /usr/bin/s        0    12064    12254    14548 
 6842 codespace ./cli kernel images/4096x40        0   393320   393357   394572 
 6844 codespace ./cli kernel images/4096x40        0   393320   393357   394580 
 6848 codespace ./cli kernel images/4096x40        0   393320   393362   394612 
 6839 codespace ./cli kernel images/4096x40        0   393324   393363   394592 
 6846 codespace ./cli kernel images/4096x40        0   393324   393367   394632 
%CPU %MEM ARGS Sat Sep 26 20:02:49 UTC 2026
 0.0  0.0 grep --color=auto ./cli       0  2176
20.6  4.8 ./cli kernel images/4096x40   1 394632
21.1  4.8 ./cli kernel images/4096x40   1 394612
21.1  4.8 ./cli kernel images/4096x40   0 394580
21.3  4.8 ./cli kernel images/4096x40   1 394592
21.5  4.8 ./cli kernel images/4096x40   0 394572
  PID User     Command                         Swap      USS      PSS      RSS 
10162 codespace /usr/bin/python3 /usr/bin/s        0    12060    12259    14592 
 6848 codespace ./cli kernel images/4096x40        0   393320   393357   394612 
 6842 codespace ./cli kernel images/4096x40        0   393320   393359   394572 
 6844 codespace ./cli kernel images/4096x40        0   393320   393359   394580 
 6839 codespace ./cli kernel images/4096x40        0   393324   393363   394592 
 6846 codespace ./cli kernel images/4096x40        0   393324   393367   394632 
%CPU %MEM ARGS Sat Sep 26 20:02:51 UTC 2026
 0.0  0.0 grep --color=auto ./cli       0  1976
20.6  4.8 ./cli kernel images/4096x40   0 394632
21.1  4.8 ./cli kernel images/4096x40   0 394612
21.1  4.8 ./cli kernel images/4096x40   0 394580
21.3  4.8 ./cli kernel images/4096x40   0 394592
21.4  4.8 ./cli kernel images/4096x40   0 394572
  PID User     Command                         Swap      USS      PSS      RSS 
10181 codespace /usr/bin/python3 /usr/bin/s        0    12060    12244    14476 
 6842 codespace ./cli kernel images/4096x40        0   393320   393359   394572 
 6844 codespace ./cli kernel images/4096x40        0   393320   393359   394580 
 6848 codespace ./cli kernel images/4096x40        0   393320   393362   394612 
 6839 codespace ./cli kernel images/4096x40        0   393324   393363   394592 
 6846 codespace ./cli kernel images/4096x40        0   393324   393366   394632 
%CPU %MEM ARGS Sat Sep 26 20:02:52 UTC 2026
 0.0  0.0 grep --color=auto ./cli       1  2252
20.6  4.8 ./cli kernel images/4096x40   1 394632
21.0  4.8 ./cli kernel images/4096x40   0 394580
21.0  4.8 ./cli kernel images/4096x40   0 394612
21.2  4.8 ./cli kernel images/4096x40   1 394592
21.4  4.8 ./cli kernel images/4096x40   1 394572
  PID User     Command                         Swap      USS      PSS      RSS 
10188 codespace /usr/bin/python3 /usr/bin/s        0    12060    12245    14476 
 6842 codespace ./cli kernel images/4096x40        0   393320   393359   394572 
 6844 codespace ./cli kernel images/4096x40        0   393320   393359   394580 
 6848 codespace ./cli kernel images/4096x40        0   393320   393362   394612 
 6839 codespace ./cli kernel images/4096x40        0   393324   393363   394592 
 6846 codespace ./cli kernel images/4096x40        0   393324   393367   394632 
%CPU %MEM ARGS Sat Sep 26 20:02:53 UTC 2026
 0.0  0.0 grep --color=auto ./cli       0  2296
20.6  4.8 ./cli kernel images/4096x40   0 394632
21.0  4.8 ./cli kernel images/4096x40   0 394580
21.0  4.8 ./cli kernel images/4096x40   0 394612
21.2  4.8 ./cli kernel images/4096x40   0 394592
21.4  4.8 ./cli kernel images/4096x40   0 394572
  PID User     Command                         Swap      USS      PSS      RSS 
10193 codespace /usr/bin/python3 /usr/bin/s        0    12024    12209    14440 
 6842 codespace ./cli kernel images/4096x40        0   393320   393359   394572 
 6844 codespace ./cli kernel images/4096x40        0   393320   393359   394580 
 6848 codespace ./cli kernel images/4096x40        0   393320   393362   394612 
 6839 codespace ./cli kernel images/4096x40        0   393324   393363   394592 
 6846 codespace ./cli kernel images/4096x40        0   393324   393367   394632 
%CPU %MEM ARGS Sat Sep 26 20:02:54 UTC 2026
 0.0  0.0 grep --color=auto ./cli       1  2172
20.5  4.8 ./cli kernel images/4096x40   1 394632
21.0  4.8 ./cli kernel images/4096x40   0 394580
21.0  4.8 ./cli kernel images/4096x40   1 394612
21.2  4.8 ./cli kernel images/4096x40   0 394592
21.4  4.8 ./cli kernel images/4096x40   0 394572
  PID User     Command                         Swap      USS      PSS      RSS 
10202 codespace /usr/bin/python3 /usr/bin/s        0    12060    12220    14544 
 6848 codespace ./cli kernel images/4096x40        0   393320   393358   394612 
 6839 codespace ./cli kernel images/4096x40        0   393324   393359   394592 
 6842 codespace ./cli kernel images/4096x40        0   393320   393359   394572 
 6844 codespace ./cli kernel images/4096x40        0   393320   393359   394580 
 6846 codespace ./cli kernel images/4096x40        0   393324   393367   394632 
%CPU %MEM ARGS Sat Sep 26 20:02:55 UTC 2026
 0.0  0.0 grep --color=auto ./cli       0  2180
20.5  4.8 ./cli kernel images/4096x40   1 394632
20.9  4.8 ./cli kernel images/4096x40   0 394580
21.0  4.8 ./cli kernel images/4096x40   1 394612
21.1  4.8 ./cli kernel images/4096x40   1 394592
21.4  4.8 ./cli kernel images/4096x40   1 394572
  PID User     Command                         Swap      USS      PSS      RSS 
10227 codespace /usr/bin/python3 /usr/bin/s        0    12088    12296    14592 
 6842 codespace ./cli kernel images/4096x40        0   393320   393359   394572 
 6844 codespace ./cli kernel images/4096x40        0   393320   393359   394580 
 6848 codespace ./cli kernel images/4096x40        0   393320   393362   394612 
 6839 codespace ./cli kernel images/4096x40        0   393324   393363   394592 
 6846 codespace ./cli kernel images/4096x40        0   393324   393367   394632 
%CPU %MEM ARGS Sat Sep 26 20:02:57 UTC 2026
 0.0  0.0 grep --color=auto ./cli       0  2300
20.5  4.8 ./cli kernel images/4096x40   1 394632
20.9  4.8 ./cli kernel images/4096x40   1 394612
20.9  4.8 ./cli kernel images/4096x40   1 394580
21.1  4.8 ./cli kernel images/4096x40   1 394592
21.3  4.8 ./cli kernel images/4096x40   0 394572
  PID User     Command                         Swap      USS      PSS      RSS 
10234 codespace /usr/bin/python3 /usr/bin/s        0    12072    12286    14592 
 6842 codespace ./cli kernel images/4096x40        0   393320   393359   394572 
 6844 codespace ./cli kernel images/4096x40        0   393320   393359   394580 
 6848 codespace ./cli kernel images/4096x40        0   393320   393362   394612 
 6839 codespace ./cli kernel images/4096x40        0   393324   393363   394592 
 6846 codespace ./cli kernel images/4096x40        0   393324   393367   394632 
%CPU %MEM ARGS Sat Sep 26 20:02:58 UTC 2026
 0.0  0.0 grep --color=auto ./cli       0  2344
20.4  4.8 ./cli kernel images/4096x40   1 394632
20.9  4.8 ./cli kernel images/4096x40   1 394612
20.9  4.8 ./cli kernel images/4096x40   0 394580
21.1  4.8 ./cli kernel images/4096x40   1 394592
21.3  4.8 ./cli kernel images/4096x40   1 394572
  PID User     Command                         Swap      USS      PSS      RSS 
10240 codespace /usr/bin/python3 /usr/bin/s        0    12060    12211    14476 
 6848 codespace ./cli kernel images/4096x40        0   393320   393355   394612 
 6842 codespace ./cli kernel images/4096x40        0   393320   393359   394572 
 6844 codespace ./cli kernel images/4096x40        0   393320   393359   394580 
 6839 codespace ./cli kernel images/4096x40        0   393324   393363   394592 
 6846 codespace ./cli kernel images/4096x40        0   393324   393366   394632 
%CPU %MEM ARGS Sat Sep 26 20:02:59 UTC 2026
 0.0  0.0 grep --color=auto ./cli       1  2304
20.4  4.8 ./cli kernel images/4096x40   1 394632
20.9  4.8 ./cli kernel images/4096x40   0 394612
20.9  4.8 ./cli kernel images/4096x40   0 394580
21.0  4.8 ./cli kernel images/4096x40   0 394592
21.3  4.8 ./cli kernel images/4096x40   0 394572
  PID User     Command                         Swap      USS      PSS      RSS 
10268 codespace /usr/bin/python3 /usr/bin/s        0    12072    12259    14508 
 6842 codespace ./cli kernel images/4096x40        0   393320   393355   394572 
 6844 codespace ./cli kernel images/4096x40        0   393320   393359   394580 
 6848 codespace ./cli kernel images/4096x40        0   393320   393361   394612 
 6839 codespace ./cli kernel images/4096x40        0   393324   393363   394592 
 6846 codespace ./cli kernel images/4096x40        0   393324   393367   394632 
%CPU %MEM ARGS Sat Sep 26 20:03:00 UTC 2026
 0.0  0.0 grep --color=auto ./cli       1  2196
20.4  4.8 ./cli kernel images/4096x40   0 394632
20.8  4.8 ./cli kernel images/4096x40   1 394580
20.8  4.8 ./cli kernel images/4096x40   0 394612
21.0  4.8 ./cli kernel images/4096x40   0 394592
21.2  4.8 ./cli kernel images/4096x40   1 394572
  PID User     Command                         Swap      USS      PSS      RSS 
10289 codespace /usr/bin/python3 /usr/bin/s        0    12060    12249    14540 
 6842 codespace ./cli kernel images/4096x40        0   393320   393359   394572 
 6844 codespace ./cli kernel images/4096x40        0   393320   393359   394580 
 6848 codespace ./cli kernel images/4096x40        0   393320   393360   394612 
 6839 codespace ./cli kernel images/4096x40        0   393324   393363   394592 
 6846 codespace ./cli kernel images/4096x40        0   393324   393366   394632 
%CPU %MEM ARGS Sat Sep 26 20:03:02 UTC 2026
 0.0  0.0 grep --color=auto ./cli       0  2296
20.4  4.8 ./cli kernel images/4096x40   1 394632
20.8  4.8 ./cli kernel images/4096x40   0 394580
20.8  4.8 ./cli kernel images/4096x40   1 394612
21.0  4.8 ./cli kernel images/4096x40   1 394592
21.2  4.8 ./cli kernel images/4096x40   1 394572
  PID User     Command                         Swap      USS      PSS      RSS 
10299 codespace /usr/bin/python3 /usr/bin/s        0    12060    12248    14476 
 6842 codespace ./cli kernel images/4096x40        0   393320   393359   394572 
 6844 codespace ./cli kernel images/4096x40        0   393320   393359   394580 
 6848 codespace ./cli kernel images/4096x40        0   393320   393362   394612 
 6839 codespace ./cli kernel images/4096x40        0   393324   393363   394592 
 6846 codespace ./cli kernel images/4096x40        0   393324   393367   394632 
%CPU %MEM ARGS Sat Sep 26 20:03:03 UTC 2026
 0.0  0.0 grep --color=auto ./cli       1  2176
20.3  4.8 ./cli kernel images/4096x40   1 394632
20.8  4.8 ./cli kernel images/4096x40   1 394612
20.8  4.8 ./cli kernel images/4096x40   1 394580
20.9  4.8 ./cli kernel images/4096x40   1 394592
21.2  4.8 ./cli kernel images/4096x40   0 394572
  PID User     Command                         Swap      USS      PSS      RSS 
10305 codespace /usr/bin/python3 /usr/bin/s        0    12064    12253    14540 
 6842 codespace ./cli kernel images/4096x40        0   393320   393359   394572 
 6844 codespace ./cli kernel images/4096x40        0   393320   393359   394580 
 6848 codespace ./cli kernel images/4096x40        0   393320   393362   394612 
 6839 codespace ./cli kernel images/4096x40        0   393324   393364   394592 
 6846 codespace ./cli kernel images/4096x40        0   393324   393367   394632 
%CPU %MEM ARGS Sat Sep 26 20:03:04 UTC 2026
 0.0  0.0 grep --color=auto ./cli       1  2252
20.3  4.8 ./cli kernel images/4096x40   1 394632
20.8  4.8 ./cli kernel images/4096x40   1 394612
20.8  4.8 ./cli kernel images/4096x40   0 394580
20.9  4.8 ./cli kernel images/4096x40   1 394592
21.1  4.8 ./cli kernel images/4096x40   0 394572
  PID User     Command                         Swap      USS      PSS      RSS 
10317 codespace /usr/bin/python3 /usr/bin/s        0    12060    12247    14540 
 6842 codespace ./cli kernel images/4096x40        0   393320   393359   394572 
 6844 codespace ./cli kernel images/4096x40        0   393320   393359   394580 
 6848 codespace ./cli kernel images/4096x40        0   393320   393362   394612 
 6839 codespace ./cli kernel images/4096x40        0   393324   393363   394592 
 6846 codespace ./cli kernel images/4096x40        0   393324   393366   394632 
%CPU %MEM ARGS Sat Sep 26 20:03:06 UTC 2026
 0.0  0.0 grep --color=auto ./cli       1  2176
20.3  4.8 ./cli kernel images/4096x40   1 394632
20.7  4.8 ./cli kernel images/4096x40   0 394612
20.8  4.8 ./cli kernel images/4096x40   0 394580
20.9  4.8 ./cli kernel images/4096x40   0 394592
21.1  4.8 ./cli kernel images/4096x40   1 394572
  PID User     Command                         Swap      USS      PSS      RSS 
10330 codespace /usr/bin/python3 /usr/bin/s        0    12060    12244    14476 
 6842 codespace ./cli kernel images/4096x40        0   393320   393359   394572 
 6844 codespace ./cli kernel images/4096x40        0   393320   393359   394580 
 6848 codespace ./cli kernel images/4096x40        0   393320   393362   394612 
 6839 codespace ./cli kernel images/4096x40        0   393324   393363   394592 
 6846 codespace ./cli kernel images/4096x40        0   393324   393366   394632 
%CPU %MEM ARGS Sat Sep 26 20:03:07 UTC 2026
 0.0  0.0 grep --color=auto ./cli       1  2260
20.3  4.8 ./cli kernel images/4096x40   1 394632
20.7  4.8 ./cli kernel images/4096x40   0 394612
20.8  4.8 ./cli kernel images/4096x40   0 394580
20.9  4.8 ./cli kernel images/4096x40   1 394592
21.1  4.8 ./cli kernel images/4096x40   0 394572
  PID User     Command                         Swap      USS      PSS      RSS 
10346 codespace /usr/bin/python3 /usr/bin/s        0    12084    12280    14624 
 6842 codespace ./cli kernel images/4096x40        0   393320   393359   394572 
 6844 codespace ./cli kernel images/4096x40        0   393320   393359   394580 
 6848 codespace ./cli kernel images/4096x40        0   393320   393362   394612 
 6839 codespace ./cli kernel images/4096x40        0   393324   393363   394592 
 6846 codespace ./cli kernel images/4096x40        0   393324   393367   394632 
%CPU %MEM ARGS Sat Sep 26 20:03:08 UTC 2026
 0.0  0.0 grep --color=auto ./cli       1  2172
20.2  4.8 ./cli kernel images/4096x40   0 394632
20.7  4.8 ./cli kernel images/4096x40   0 394612
20.7  4.8 ./cli kernel images/4096x40   1 394580
20.9  4.8 ./cli kernel images/4096x40   0 394592
21.1  4.8 ./cli kernel images/4096x40   1 394572
  PID User     Command                         Swap      USS      PSS      RSS 
10355 codespace /usr/bin/python3 /usr/bin/s        0    12060    12250    14544 
 6842 codespace ./cli kernel images/4096x40        0   393320   393359   394572 
 6844 codespace ./cli kernel images/4096x40        0   393320   393359   394580 
 6848 codespace ./cli kernel images/4096x40        0   393320   393362   394612 
 6839 codespace ./cli kernel images/4096x40        0   393324   393363   394592 
 6846 codespace ./cli kernel images/4096x40        0   393324   393367   394632 
%CPU %MEM ARGS Sat Sep 26 20:03:09 UTC 2026
 0.0  0.0 grep --color=auto ./cli       1  2152
20.2  4.8 ./cli kernel images/4096x40   1 394632
20.6  4.8 ./cli kernel images/4096x40   1 394612
20.7  4.8 ./cli kernel images/4096x40   1 394580
20.8  4.8 ./cli kernel images/4096x40   1 394592
21.0  4.8 ./cli kernel images/4096x40   1 394572
  PID User     Command                         Swap      USS      PSS      RSS 
10380 codespace /usr/bin/python3 /usr/bin/s        0    12060    12256    14524 
 6842 codespace ./cli kernel images/4096x40        0   393320   393359   394572 
 6844 codespace ./cli kernel images/4096x40        0   393320   393359   394580 
 6848 codespace ./cli kernel images/4096x40        0   393320   393362   394612 
 6839 codespace ./cli kernel images/4096x40        0   393324   393363   394592 
 6846 codespace ./cli kernel images/4096x40        0   393324   393367   394632 
%CPU %MEM ARGS Sat Sep 26 20:03:11 UTC 2026
 0.0  0.0 grep --color=auto ./cli       1  2192
20.2  4.8 ./cli kernel images/4096x40   0 394632
20.6  4.8 ./cli kernel images/4096x40   1 394612
20.7  4.8 ./cli kernel images/4096x40   1 394580
20.8  4.8 ./cli kernel images/4096x40   0 394592
21.0  4.8 ./cli kernel images/4096x40   1 394572
  PID User     Command                         Swap      USS      PSS      RSS 
10395 codespace /usr/bin/python3 /usr/bin/s        0    12060    12234    14524 
 6844 codespace ./cli kernel images/4096x40        0   393320   393358   394580 
 6842 codespace ./cli kernel images/4096x40        0   393320   393359   394572 
 6848 codespace ./cli kernel images/4096x40        0   393320   393360   394612 
 6839 codespace ./cli kernel images/4096x40        0   393324   393364   394592 
 6846 codespace ./cli kernel images/4096x40        0   393324   393365   394632 
%CPU %MEM ARGS Sat Sep 26 20:03:12 UTC 2026
 0.0  0.0 grep --color=auto ./cli       0  2248
20.2  4.8 ./cli kernel images/4096x40   1 394632
20.6  4.8 ./cli kernel images/4096x40   1 394612
20.7  4.8 ./cli kernel images/4096x40   0 394580
20.8  4.8 ./cli kernel images/4096x40   1 394592
21.0  4.8 ./cli kernel images/4096x40   1 394572
  PID User     Command                         Swap      USS      PSS      RSS 
10407 codespace /usr/bin/python3 /usr/bin/s        0    12064    12248    14480 
 6842 codespace ./cli kernel images/4096x40        0   393320   393353   394572 
 6844 codespace ./cli kernel images/4096x40        0   393320   393357   394580 
 6848 codespace ./cli kernel images/4096x40        0   393320   393362   394612 
 6839 codespace ./cli kernel images/4096x40        0   393324   393363   394592 
 6846 codespace ./cli kernel images/4096x40        0   393324   393366   394632 
%CPU %MEM ARGS Sat Sep 26 20:03:13 UTC 2026
 0.0  0.0 grep --color=auto ./cli       0  2128
20.1  4.8 ./cli kernel images/4096x40   1 394632
20.6  4.8 ./cli kernel images/4096x40   1 394612
20.7  4.8 ./cli kernel images/4096x40   0 394580
20.8  4.8 ./cli kernel images/4096x40   1 394592
20.9  4.8 ./cli kernel images/4096x40   1 394572
  PID User     Command                         Swap      USS      PSS      RSS 
10423 codespace /usr/bin/python3 /usr/bin/s        0    12052    12242    14516 
 6842 codespace ./cli kernel images/4096x40        0   393320   393359   394572 
 6844 codespace ./cli kernel images/4096x40        0   393320   393359   394580 
 6848 codespace ./cli kernel images/4096x40        0   393320   393362   394612 
 6839 codespace ./cli kernel images/4096x40        0   393324   393364   394592 
 6846 codespace ./cli kernel images/4096x40        0   393324   393367   394632 
%CPU %MEM ARGS Sat Sep 26 20:03:14 UTC 2026
 0.0  0.0 grep --color=auto ./cli       0  2172
20.1  4.8 ./cli kernel images/4096x40   1 394632
20.5  4.8 ./cli kernel images/4096x40   0 394612
20.7  4.8 ./cli kernel images/4096x40   1 394580
20.8  4.8 ./cli kernel images/4096x40   0 394592
20.9  4.8 ./cli kernel images/4096x40   1 394572
  PID User     Command                         Swap      USS      PSS      RSS 
10429 codespace /usr/bin/python3 /usr/bin/s        0    12052    12242    14480 
 6839 codespace ./cli kernel images/4096x40        0   393324   393359   394592 
 6842 codespace ./cli kernel images/4096x40        0   393320   393359   394572 
 6844 codespace ./cli kernel images/4096x40        0   393320   393359   394580 
 6848 codespace ./cli kernel images/4096x40        0   393320   393362   394612 
 6846 codespace ./cli kernel images/4096x40        0   393324   393367   394632 
%CPU %MEM ARGS Sat Sep 26 20:03:16 UTC 2026
 0.0  0.0 grep --color=auto ./cli       0  2152
20.1  4.8 ./cli kernel images/4096x40   1 394632
20.5  4.8 ./cli kernel images/4096x40   0 394612
20.6  4.8 ./cli kernel images/4096x40   0 394580
20.7  4.8 ./cli kernel images/4096x40   0 394592
20.9  4.8 ./cli kernel images/4096x40   1 394572
  PID User     Command                         Swap      USS      PSS      RSS 
10442 codespace /usr/bin/python3 /usr/bin/s        0    12060    12240    14456 
 6842 codespace ./cli kernel images/4096x40        0   393320   393359   394572 
 6844 codespace ./cli kernel images/4096x40        0   393320   393359   394580 
 6848 codespace ./cli kernel images/4096x40        0   393320   393362   394612 
 6839 codespace ./cli kernel images/4096x40        0   393324   393363   394592 
 6846 codespace ./cli kernel images/4096x40        0   393324   393367   394632 
%CPU %MEM ARGS Sat Sep 26 20:03:16 UTC 2026
 0.0  0.0 grep --color=auto ./cli       0  2156
20.1  4.8 ./cli kernel images/4096x40   0 394632
20.5  4.8 ./cli kernel images/4096x40   0 394612
20.6  4.8 ./cli kernel images/4096x40   0 394580
20.7  4.8 ./cli kernel images/4096x40   0 394592
20.9  4.8 ./cli kernel images/4096x40   1 394572
  PID User     Command                         Swap      USS      PSS      RSS 
10447 codespace /usr/bin/python3 /usr/bin/s        0    12060    12204    14504 
 6844 codespace ./cli kernel images/4096x40        0   393320   393357   394580 
 6848 codespace ./cli kernel images/4096x40        0   393320   393358   394612 
 6842 codespace ./cli kernel images/4096x40        0   393320   393359   394572 
 6839 codespace ./cli kernel images/4096x40        0   393324   393363   394592 
 6846 codespace ./cli kernel images/4096x40        0   393324   393365   394632 
%CPU %MEM ARGS Sat Sep 26 20:03:18 UTC 2026
 0.0  0.0 grep --color=auto ./cli       1  2180
20.0  4.8 ./cli kernel images/4096x40   1 394632
20.5  4.8 ./cli kernel images/4096x40   0 394612
20.6  4.8 ./cli kernel images/4096x40   1 394580
20.7  4.8 ./cli kernel images/4096x40   0 394592
20.8  4.8 ./cli kernel images/4096x40   1 394572
  PID User     Command                         Swap      USS      PSS      RSS 
10463 codespace /usr/bin/python3 /usr/bin/s        0    12052    12245    14480 
 6842 codespace ./cli kernel images/4096x40        0   393320   393359   394572 
 6844 codespace ./cli kernel images/4096x40        0   393320   393359   394580 
 6848 codespace ./cli kernel images/4096x40        0   393320   393362   394612 
 6839 codespace ./cli kernel images/4096x40        0   393324   393363   394592 
 6846 codespace ./cli kernel images/4096x40        0   393324   393367   394632 
%CPU %MEM ARGS Sat Sep 26 20:03:19 UTC 2026
 0.0  0.0 grep --color=auto ./cli       0  2212
20.0  4.8 ./cli kernel images/4096x40   1 394632
20.4  4.8 ./cli kernel images/4096x40   0 394612
20.6  4.8 ./cli kernel images/4096x40   1 394580
20.6  4.8 ./cli kernel images/4096x40   0 394592
20.8  4.8 ./cli kernel images/4096x40   0 394572
  PID User     Command                         Swap      USS      PSS      RSS 
10476 codespace /usr/bin/python3 /usr/bin/s        0    12052    12242    14480 
 6842 codespace ./cli kernel images/4096x40        0   393320   393357   394572 
 6839 codespace ./cli kernel images/4096x40        0   393324   393359   394592 
 6844 codespace ./cli kernel images/4096x40        0   393320   393359   394580 
 6848 codespace ./cli kernel images/4096x40        0   393320   393362   394612 
 6846 codespace ./cli kernel images/4096x40        0   393324   393367   394632 
%CPU %MEM ARGS Sat Sep 26 20:03:21 UTC 2026
 0.0  0.0 grep --color=auto ./cli       1  2172
20.0  4.8 ./cli kernel images/4096x40   1 394632
20.4  4.8 ./cli kernel images/4096x40   0 394612
20.5  4.8 ./cli kernel images/4096x40   1 394580
20.6  4.8 ./cli kernel images/4096x40   1 394592
20.8  4.8 ./cli kernel images/4096x40   1 394572
  PID User     Command                         Swap      USS      PSS      RSS 
10507 codespace /usr/bin/python3 /usr/bin/s        0    12060    12247    14516 
 6842 codespace ./cli kernel images/4096x40        0   393320   393359   394572 
 6844 codespace ./cli kernel images/4096x40        0   393320   393359   394580 
 6848 codespace ./cli kernel images/4096x40        0   393320   393362   394612 
 6839 codespace ./cli kernel images/4096x40        0   393324   393364   394592 
 6846 codespace ./cli kernel images/4096x40        0   393324   393367   394632 
%CPU %MEM ARGS Sat Sep 26 20:03:22 UTC 2026
 0.0  0.0 grep --color=auto ./cli       1  2180
20.0  4.8 ./cli kernel images/4096x40   1 394632
20.4  4.8 ./cli kernel images/4096x40   1 394612
20.6  4.8 ./cli kernel images/4096x40   1 394592
20.6  4.8 ./cli kernel images/4096x40   0 394580
20.8  4.8 ./cli kernel images/4096x40   1 394572
  PID User     Command                         Swap      USS      PSS      RSS 
10513 codespace /usr/bin/python3 /usr/bin/s        0    12060    12250    14544 
 6842 codespace ./cli kernel images/4096x40        0   393320   393357   394572 
 6844 codespace ./cli kernel images/4096x40        0   393320   393357   394580 
 6848 codespace ./cli kernel images/4096x40        0   393320   393362   394612 
 6839 codespace ./cli kernel images/4096x40        0   393324   393363   394592 
 6846 codespace ./cli kernel images/4096x40        0   393324   393367   394632 
%CPU %MEM ARGS Sat Sep 26 20:03:24 UTC 2026
 0.0  0.0 grep --color=auto ./cli       0  2212
19.9  4.8 ./cli kernel images/4096x40   0 394632
20.3  4.8 ./cli kernel images/4096x40   1 394612
20.5  4.8 ./cli kernel images/4096x40   1 394592
20.5  4.8 ./cli kernel images/4096x40   1 394580
20.8  4.8 ./cli kernel images/4096x40   1 394572
  PID User     Command                         Swap      USS      PSS      RSS 
10533 codespace /usr/bin/python3 /usr/bin/s        0    12088    12296    14592 
 6842 codespace ./cli kernel images/4096x40        0   393320   393359   394572 
 6844 codespace ./cli kernel images/4096x40        0   393320   393359   394580 
 6848 codespace ./cli kernel images/4096x40        0   393320   393362   394612 
 6839 codespace ./cli kernel images/4096x40        0   393324   393363   394592 
 6846 codespace ./cli kernel images/4096x40        0   393324   393367   394632 
%CPU %MEM ARGS Sat Sep 26 20:03:25 UTC 2026
 0.0  0.0 grep --color=auto ./cli       0  2252
19.9  4.8 ./cli kernel images/4096x40   0 394632
20.3  4.8 ./cli kernel images/4096x40   1 394612
20.5  4.8 ./cli kernel images/4096x40   0 394592
20.5  4.8 ./cli kernel images/4096x40   0 394580
20.7  4.8 ./cli kernel images/4096x40   1 394572
  PID User     Command                         Swap      USS      PSS      RSS 
10545 codespace /usr/bin/python3 /usr/bin/s        0    12072    12259    14508 
 6842 codespace ./cli kernel images/4096x40        0   393320   393359   394572 
 6844 codespace ./cli kernel images/4096x40        0   393320   393359   394580 
 6848 codespace ./cli kernel images/4096x40        0   393320   393362   394612 
 6839 codespace ./cli kernel images/4096x40        0   393324   393363   394592 
 6846 codespace ./cli kernel images/4096x40        0   393324   393367   394632 
%CPU %MEM ARGS Sat Sep 26 20:03:26 UTC 2026
 0.0  0.0 grep --color=auto ./cli       0  2160
20.0  4.8 ./cli kernel images/4096x40   1 394632
20.3  4.8 ./cli kernel images/4096x40   0 394612
20.5  4.8 ./cli kernel images/4096x40   1 394592
20.5  4.8 ./cli kernel images/4096x40   1 394580
20.7  4.8 ./cli kernel images/4096x40   0 394572
  PID User     Command                         Swap      USS      PSS      RSS 
10554 codespace /usr/bin/python3 /usr/bin/s        0    12028    12224    14528 
 6844 codespace ./cli kernel images/4096x40        0   393320   393355   394580 
 6842 codespace ./cli kernel images/4096x40        0   393320   393358   394572 
 6848 codespace ./cli kernel images/4096x40        0   393320   393362   394612 
 6839 codespace ./cli kernel images/4096x40        0   393324   393364   394592 
 6846 codespace ./cli kernel images/4096x40        0   393324   393367   394632 
%CPU %MEM ARGS Sat Sep 26 20:03:28 UTC 2026
 0.0  0.0 grep --color=auto ./cli       0  2248
20.0  4.8 ./cli kernel images/4096x40   1 394632
20.3  4.8 ./cli kernel images/4096x40   1 394612
20.5  4.8 ./cli kernel images/4096x40   0 394592
20.5  4.8 ./cli kernel images/4096x40   1 394580
20.7  4.8 ./cli kernel images/4096x40   0 394572
  PID User     Command                         Swap      USS      PSS      RSS 
10567 codespace /usr/bin/python3 /usr/bin/s        0    12056    12232    14516 
 6842 codespace ./cli kernel images/4096x40        0   393320   393359   394572 
 6844 codespace ./cli kernel images/4096x40        0   393320   393359   394580 
 6848 codespace ./cli kernel images/4096x40        0   393320   393362   394612 
 6839 codespace ./cli kernel images/4096x40        0   393324   393363   394592 
 6846 codespace ./cli kernel images/4096x40        0   393324   393367   394632 
%CPU %MEM ARGS Sat Sep 26 20:03:29 UTC 2026
 0.0  0.0 grep --color=auto ./cli       1  2176
19.9  4.8 ./cli kernel images/4096x40   1 394632
20.2  4.8 ./cli kernel images/4096x40   0 394612
20.4  4.8 ./cli kernel images/4096x40   0 394592
20.4  4.8 ./cli kernel images/4096x40   0 394580
20.6  4.8 ./cli kernel images/4096x40   0 394572
  PID User     Command                         Swap      USS      PSS      RSS 
10579 codespace /usr/bin/python3 /usr/bin/s        0    12064    12247    14480 
 6844 codespace ./cli kernel images/4096x40        0   393320   393357   394580 
 6842 codespace ./cli kernel images/4096x40        0   393320   393358   394572 
 6848 codespace ./cli kernel images/4096x40        0   393320   393361   394612 
 6839 codespace ./cli kernel images/4096x40        0   393324   393363   394592 
 6846 codespace ./cli kernel images/4096x40        0   393324   393366   394632 
%CPU %MEM ARGS Sat Sep 26 20:03:30 UTC 2026
 0.0  0.0 grep --color=auto ./cli       0  2252
19.9  4.8 ./cli kernel images/4096x40   1 394632
20.2  4.8 ./cli kernel images/4096x40   1 394612
20.4  4.8 ./cli kernel images/4096x40   1 394592
20.4  4.8 ./cli kernel images/4096x40   0 394580
20.6  4.8 ./cli kernel images/4096x40   1 394572
  PID User     Command                         Swap      USS      PSS      RSS 
10592 codespace /usr/bin/python3 /usr/bin/s        0    12060    12265    14620 
 6842 codespace ./cli kernel images/4096x40        0   393320   393357   394572 
 6844 codespace ./cli kernel images/4096x40        0   393320   393359   394580 
 6848 codespace ./cli kernel images/4096x40        0   393320   393362   394612 
 6839 codespace ./cli kernel images/4096x40        0   393324   393363   394592 
 6846 codespace ./cli kernel images/4096x40        0   393324   393367   394632 
%CPU %MEM ARGS Sat Sep 26 20:03:31 UTC 2026
 0.0  0.0 grep --color=auto ./cli       0  2172
19.9  4.8 ./cli kernel images/4096x40   0 394632
20.2  4.8 ./cli kernel images/4096x40   1 394612
20.4  4.8 ./cli kernel images/4096x40   0 394592
20.4  4.8 ./cli kernel images/4096x40   1 394580
20.6  4.8 ./cli kernel images/4096x40   1 394572
  PID User     Command                         Swap      USS      PSS      RSS 
10616 codespace /usr/bin/python3 /usr/bin/s        0    12060    12244    14476 
 6844 codespace ./cli kernel images/4096x40        0   393320   393355   394580 
 6842 codespace ./cli kernel images/4096x40        0   393320   393358   394572 
 6848 codespace ./cli kernel images/4096x40        0   393320   393362   394612 
 6839 codespace ./cli kernel images/4096x40        0   393324   393363   394592 
 6846 codespace ./cli kernel images/4096x40        0   393324   393367   394632 
%CPU %MEM ARGS Sat Sep 26 20:03:33 UTC 2026
 0.0  0.0 grep --color=auto ./cli       1  2176
19.9  4.8 ./cli kernel images/4096x40   0 394632
20.2  4.8 ./cli kernel images/4096x40   0 394612
20.4  4.8 ./cli kernel images/4096x40   0 394592
20.4  4.8 ./cli kernel images/4096x40   0 394580
20.5  4.8 ./cli kernel images/4096x40   0 394572
  PID User     Command                         Swap      USS      PSS      RSS 
10628 codespace /usr/bin/python3 /usr/bin/s        0    12076    12270    14568 
 6842 codespace ./cli kernel images/4096x40        0   393320   393359   394572 
 6844 codespace ./cli kernel images/4096x40        0   393320   393359   394580 
 6848 codespace ./cli kernel images/4096x40        0   393320   393362   394612 
 6839 codespace ./cli kernel images/4096x40        0   393324   393364   394592 
 6846 codespace ./cli kernel images/4096x40        0   393324   393367   394632 
%CPU %MEM ARGS Sat Sep 26 20:03:34 UTC 2026
 0.0  0.0 grep --color=auto ./cli       1  2292
19.9  4.8 ./cli kernel images/4096x40   0 394632
20.2  4.8 ./cli kernel images/4096x40   0 394612
20.4  4.8 ./cli kernel images/4096x40   1 394592
20.4  4.8 ./cli kernel images/4096x40   0 394580
20.5  4.8 ./cli kernel images/4096x40   0 394572
  PID User     Command                         Swap      USS      PSS      RSS 
10634 codespace /usr/bin/python3 /usr/bin/s        0    12060    12225    14540 
 6842 codespace ./cli kernel images/4096x40        0   393320   393359   394572 
 6844 codespace ./cli kernel images/4096x40        0   393320   393359   394580 
 6848 codespace ./cli kernel images/4096x40        0   393320   393360   394612 
 6839 codespace ./cli kernel images/4096x40        0   393324   393363   394592 
 6846 codespace ./cli kernel images/4096x40        0   393324   393367   394632 
%CPU %MEM ARGS Sat Sep 26 20:03:35 UTC 2026
 0.0  0.0 grep --color=auto ./cli       1  2252
19.9  4.8 ./cli kernel images/4096x40   0 394632
20.1  4.8 ./cli kernel images/4096x40   1 394612
20.3  4.8 ./cli kernel images/4096x40   0 394592
20.3  4.8 ./cli kernel images/4096x40   0 394580
20.5  4.8 ./cli kernel images/4096x40   0 394572
  PID User     Command                         Swap      USS      PSS      RSS 
10645 codespace /usr/bin/python3 /usr/bin/s        0    12056    12242    14512 
 6842 codespace ./cli kernel images/4096x40        0   393320   393355   394572 
 6844 codespace ./cli kernel images/4096x40        0   393320   393359   394580 
 6848 codespace ./cli kernel images/4096x40        0   393320   393361   394612 
 6839 codespace ./cli kernel images/4096x40        0   393324   393363   394592 
 6846 codespace ./cli kernel images/4096x40        0   393324   393367   394632 
%CPU %MEM ARGS Sat Sep 26 20:03:36 UTC 2026
 0.0  0.0 grep --color=auto ./cli       0  2252
19.9  4.8 ./cli kernel images/4096x40   0 394632
20.1  4.8 ./cli kernel images/4096x40   0 394612
20.3  4.8 ./cli kernel images/4096x40   1 394580
20.3  4.8 ./cli kernel images/4096x40   1 394592
20.5  4.8 ./cli kernel images/4096x40   1 394572
  PID User     Command                         Swap      USS      PSS      RSS 
10662 codespace /usr/bin/python3 /usr/bin/s        0    12060    12252    14544 
 6842 codespace ./cli kernel images/4096x40        0   393320   393355   394572 
 6844 codespace ./cli kernel images/4096x40        0   393320   393359   394580 
 6848 codespace ./cli kernel images/4096x40        0   393320   393362   394612 
 6839 codespace ./cli kernel images/4096x40        0   393324   393363   394592 
 6846 codespace ./cli kernel images/4096x40        0   393324   393367   394632 
%CPU %MEM ARGS Sat Sep 26 20:03:38 UTC 2026
 0.0  0.0 grep --color=auto ./cli       0  2332
19.9  4.8 ./cli kernel images/4096x40   1 394632
20.1  4.8 ./cli kernel images/4096x40   0 394612
20.3  4.8 ./cli kernel images/4096x40   0 394580
20.3  4.8 ./cli kernel images/4096x40   0 394592
20.5  4.8 ./cli kernel images/4096x40   1 394572
  PID User     Command                         Swap      USS      PSS      RSS 
10674 codespace /usr/bin/python3 /usr/bin/s        0    12060    12247    14476 
 6842 codespace ./cli kernel images/4096x40        0   393320   393359   394572 
 6844 codespace ./cli kernel images/4096x40        0   393320   393359   394580 
 6848 codespace ./cli kernel images/4096x40        0   393320   393362   394612 
 6839 codespace ./cli kernel images/4096x40        0   393324   393363   394592 
 6846 codespace ./cli kernel images/4096x40        0   393324   393366   394632 
%CPU %MEM ARGS Sat Sep 26 20:03:39 UTC 2026
 0.0  0.0 grep --color=auto ./cli       1  2208
19.9  4.8 ./cli kernel images/4096x40   1 394632
20.1  4.8 ./cli kernel images/4096x40   1 394612
20.3  4.8 ./cli kernel images/4096x40   1 394580
20.3  4.8 ./cli kernel images/4096x40   1 394592
20.5  4.8 ./cli kernel images/4096x40   0 394572
  PID User     Command                         Swap      USS      PSS      RSS 
10680 codespace /usr/bin/python3 /usr/bin/s        0    12064    12247    14480 
 6842 codespace ./cli kernel images/4096x40        0   393320   393359   394572 
 6844 codespace ./cli kernel images/4096x40        0   393320   393359   394580 
 6848 codespace ./cli kernel images/4096x40        0   393320   393362   394612 
 6839 codespace ./cli kernel images/4096x40        0   393324   393363   394592 
 6846 codespace ./cli kernel images/4096x40        0   393324   393367   394632 
%CPU %MEM ARGS Sat Sep 26 20:03:40 UTC 2026
 0.0  0.0 grep --color=auto ./cli       0  2160
19.9  4.8 ./cli kernel images/4096x40   1 394632
20.0  4.8 ./cli kernel images/4096x40   0 394612
20.2  4.8 ./cli kernel images/4096x40   1 394580
20.3  4.8 ./cli kernel images/4096x40   1 394592
20.4  4.8 ./cli kernel images/4096x40   1 394572
  PID User     Command                         Swap      USS      PSS      RSS 
10693 codespace /usr/bin/python3 /usr/bin/s        0    11988    12217    14520 
 6842 codespace ./cli kernel images/4096x40        0   393320   393358   394572 
 6839 codespace ./cli kernel images/4096x40        0   393324   393359   394592 
 6844 codespace ./cli kernel images/4096x40        0   393320   393359   394580 
 6848 codespace ./cli kernel images/4096x40        0   393320   393360   394612 
 6846 codespace ./cli kernel images/4096x40        0   393324   393367   394632 
%CPU %MEM ARGS Sat Sep 26 20:03:42 UTC 2026
 0.0  0.0 grep --color=auto ./cli       0  2248
19.8  4.8 ./cli kernel images/4096x40   0 394632
20.0  4.8 ./cli kernel images/4096x40   1 394612
20.2  4.8 ./cli kernel images/4096x40   1 394580
20.2  4.8 ./cli kernel images/4096x40   1 394592
20.4  4.8 ./cli kernel images/4096x40   1 394572
  PID User     Command                         Swap      USS      PSS      RSS 
10727 codespace /usr/bin/python3 /usr/bin/s        0    12064    12266    14592 
 6842 codespace ./cli kernel images/4096x40        0   393320   393359   394572 
 6844 codespace ./cli kernel images/4096x40        0   393320   393359   394580 
 6848 codespace ./cli kernel images/4096x40        0   393320   393362   394612 
 6839 codespace ./cli kernel images/4096x40        0   393324   393363   394592 
 6846 codespace ./cli kernel images/4096x40        0   393324   393367   394632 
%CPU %MEM ARGS Sat Sep 26 20:03:43 UTC 2026
 0.0  0.0 grep --color=auto ./cli       1  2156
19.9  4.8 ./cli kernel images/4096x40   1 394632
20.0  4.8 ./cli kernel images/4096x40   1 394612
20.2  4.8 ./cli kernel images/4096x40   1 394580
20.2  4.8 ./cli kernel images/4096x40   1 394592
20.4  4.8 ./cli kernel images/4096x40   1 394572
  PID User     Command                         Swap      USS      PSS      RSS 
10740 codespace /usr/bin/python3 /usr/bin/s        0    12068    12252    14484 
 6842 codespace ./cli kernel images/4096x40        0   393320   393359   394572 
 6844 codespace ./cli kernel images/4096x40        0   393320   393359   394580 
 6848 codespace ./cli kernel images/4096x40        0   393320   393362   394612 
 6839 codespace ./cli kernel images/4096x40        0   393324   393363   394592 
 6846 codespace ./cli kernel images/4096x40        0   393324   393366   394632 
%CPU %MEM ARGS Sat Sep 26 20:03:44 UTC 2026
 0.0  0.0 grep --color=auto ./cli       1  2164
19.9  4.8 ./cli kernel images/4096x40   0 394632
20.0  4.8 ./cli kernel images/4096x40   1 394612
20.2  4.8 ./cli kernel images/4096x40   0 394580
20.2  4.8 ./cli kernel images/4096x40   1 394592
20.3  4.8 ./cli kernel images/4096x40   1 394572
  PID User     Command                         Swap      USS      PSS      RSS 
10746 codespace /usr/bin/python3 /usr/bin/s        0    12052    12245    14480 
 6842 codespace ./cli kernel images/4096x40        0   393320   393359   394572 
 6844 codespace ./cli kernel images/4096x40        0   393320   393359   394580 
 6848 codespace ./cli kernel images/4096x40        0   393320   393362   394612 
 6839 codespace ./cli kernel images/4096x40        0   393324   393363   394592 
 6846 codespace ./cli kernel images/4096x40        0   393324   393367   394632 
%CPU %MEM ARGS Sat Sep 26 20:03:46 UTC 2026
 0.0  0.0 grep --color=auto ./cli       0  2208
19.8  4.8 ./cli kernel images/4096x40   1 394632
19.9  4.8 ./cli kernel images/4096x40   1 394612
20.2  4.8 ./cli kernel images/4096x40   1 394592
20.2  4.8 ./cli kernel images/4096x40   1 394580
20.3  4.8 ./cli kernel images/4096x40   0 394572
  PID User     Command                         Swap      USS      PSS      RSS 
10752 codespace /usr/bin/python3 /usr/bin/s        0    12084    12280    14624 
 6842 codespace ./cli kernel images/4096x40        0   393320   393358   394572 
 6844 codespace ./cli kernel images/4096x40        0   393320   393359   394580 
 6846 codespace ./cli kernel images/4096x40        0   393324   393362   394632 
 6848 codespace ./cli kernel images/4096x40        0   393320   393362   394612 
 6839 codespace ./cli kernel images/4096x40        0   393324   393363   394592 
%CPU %MEM ARGS Sat Sep 26 20:03:47 UTC 2026
 0.0  0.0 grep --color=auto ./cli       1  2212
19.8  4.8 ./cli kernel images/4096x40   0 394632
19.9  4.8 ./cli kernel images/4096x40   0 394612
20.1  4.8 ./cli kernel images/4096x40   1 394592
20.2  4.8 ./cli kernel images/4096x40   0 394580
20.3  4.8 ./cli kernel images/4096x40   0 394572
  PID User     Command                         Swap      USS      PSS      RSS 
10773 codespace /usr/bin/python3 /usr/bin/s        0    12060    12256    14524 
 6842 codespace ./cli kernel images/4096x40        0   393320   393354   394572 
 6844 codespace ./cli kernel images/4096x40        0   393320   393359   394580 
 6848 codespace ./cli kernel images/4096x40        0   393320   393362   394612 
 6839 codespace ./cli kernel images/4096x40        0   393324   393363   394592 
 6846 codespace ./cli kernel images/4096x40        0   393324   393367   394632 
%CPU %MEM ARGS Sat Sep 26 20:03:48 UTC 2026
 0.0  0.0 grep --color=auto ./cli       1  2180
19.8  4.8 ./cli kernel images/4096x40   0 394632
19.9  4.8 ./cli kernel images/4096x40   1 394612
20.1  4.8 ./cli kernel images/4096x40   1 394592
20.1  4.8 ./cli kernel images/4096x40   0 394580
20.3  4.8 ./cli kernel images/4096x40   1 394572
  PID User     Command                         Swap      USS      PSS      RSS 
10787 codespace /usr/bin/python3 /usr/bin/s        0    12080    12291    14592 
 6842 codespace ./cli kernel images/4096x40        0   393320   393359   394572 
 6844 codespace ./cli kernel images/4096x40        0   393320   393359   394580 
 6848 codespace ./cli kernel images/4096x40        0   393320   393362   394612 
 6839 codespace ./cli kernel images/4096x40        0   393324   393363   394592 
 6846 codespace ./cli kernel images/4096x40        0   393324   393367   394632 
%CPU %MEM ARGS Sat Sep 26 20:03:50 UTC 2026
 0.0  0.0 grep --color=auto ./cli       1  2180
19.8  4.8 ./cli kernel images/4096x40   1 394632
19.9  4.8 ./cli kernel images/4096x40   1 394612
20.1  4.8 ./cli kernel images/4096x40   1 394592
20.1  4.8 ./cli kernel images/4096x40   0 394580
20.3  4.8 ./cli kernel images/4096x40   1 394572
  PID User     Command                         Swap      USS      PSS      RSS 
10793 codespace /usr/bin/python3 /usr/bin/s        0    12060    12243    14476 
 6842 codespace ./cli kernel images/4096x40        0   393320   393359   394572 
 6844 codespace ./cli kernel images/4096x40        0   393320   393359   394580 
 6848 codespace ./cli kernel images/4096x40        0   393320   393362   394612 
 6839 codespace ./cli kernel images/4096x40        0   393324   393363   394592 
 6846 codespace ./cli kernel images/4096x40        0   393324   393367   394632 
%CPU %MEM ARGS Sat Sep 26 20:03:51 UTC 2026
 0.0  0.0 grep --color=auto ./cli       1  2176
19.8  4.8 ./cli kernel images/4096x40   0 394632
19.9  4.8 ./cli kernel images/4096x40   0 394612
20.1  4.8 ./cli kernel images/4096x40   1 394592
20.1  4.8 ./cli kernel images/4096x40   0 394580
20.2  4.8 ./cli kernel images/4096x40   0 394572
  PID User     Command                         Swap      USS      PSS      RSS 
10802 codespace /usr/bin/python3 /usr/bin/s        0    12064    12253    14508 
 6842 codespace ./cli kernel images/4096x40        0   393320   393359   394572 
 6844 codespace ./cli kernel images/4096x40        0   393320   393359   394580 
 6848 codespace ./cli kernel images/4096x40        0   393320   393362   394612 
 6839 codespace ./cli kernel images/4096x40        0   393324   393364   394592 
 6846 codespace ./cli kernel images/4096x40        0   393324   393367   394632 
%CPU %MEM ARGS Sat Sep 26 20:03:52 UTC 2026
 0.0  0.0 grep --color=auto ./cli       1  2168
19.7  4.8 ./cli kernel images/4096x40   0 394632
19.9  4.8 ./cli kernel images/4096x40   0 394612
20.1  4.8 ./cli kernel images/4096x40   1 394592
20.1  4.8 ./cli kernel images/4096x40   0 394580
20.2  4.8 ./cli kernel images/4096x40   0 394572
  PID User     Command                         Swap      USS      PSS      RSS 
10818 codespace /usr/bin/python3 /usr/bin/s        0    11980    12203    14516 
 6842 codespace ./cli kernel images/4096x40        0   393320   393357   394572 
 6844 codespace ./cli kernel images/4096x40        0   393320   393357   394580 
 6848 codespace ./cli kernel images/4096x40        0   393320   393361   394612 
 6839 codespace ./cli kernel images/4096x40        0   393324   393363   394592 
 6846 codespace ./cli kernel images/4096x40        0   393324   393367   394632 
%CPU %MEM ARGS Sat Sep 26 20:03:53 UTC 2026
 0.0  0.0 grep --color=auto ./cli       1  2164
19.7  4.8 ./cli kernel images/4096x40   1 394632
19.8  4.8 ./cli kernel images/4096x40   1 394612
20.1  4.8 ./cli kernel images/4096x40   0 394592
20.1  4.8 ./cli kernel images/4096x40   1 394580
20.2  4.8 ./cli kernel images/4096x40   1 394572
  PID User     Command                         Swap      USS      PSS      RSS 
10853 codespace /usr/bin/python3 /usr/bin/s        0    12060    12264    14592 
 6842 codespace ./cli kernel images/4096x40        0   393320   393359   394572 
 6844 codespace ./cli kernel images/4096x40        0   393320   393359   394580 
 6848 codespace ./cli kernel images/4096x40        0   393320   393362   394612 
 6839 codespace ./cli kernel images/4096x40        0   393324   393363   394592 
 6846 codespace ./cli kernel images/4096x40        0   393324   393367   394632 
%CPU %MEM ARGS Sat Sep 26 20:03:55 UTC 2026
 0.0  0.0 grep --color=auto ./cli       0  2308
19.7  4.8 ./cli kernel images/4096x40   1 394632
19.8  4.8 ./cli kernel images/4096x40   0 394612
20.1  4.8 ./cli kernel images/4096x40   0 394592
20.1  4.8 ./cli kernel images/4096x40   0 394580
20.2  4.8 ./cli kernel images/4096x40   1 394572
  PID User     Command                         Swap      USS      PSS      RSS 
10865 codespace /usr/bin/python3 /usr/bin/s        0    12060    12244    14476 
 6842 codespace ./cli kernel images/4096x40        0   393320   393359   394572 
 6844 codespace ./cli kernel images/4096x40        0   393320   393359   394580 
 6848 codespace ./cli kernel images/4096x40        0   393320   393362   394612 
 6839 codespace ./cli kernel images/4096x40        0   393324   393363   394592 
 6846 codespace ./cli kernel images/4096x40        0   393324   393367   394632 
%CPU %MEM ARGS Sat Sep 26 20:03:56 UTC 2026
 0.0  0.0 grep --color=auto ./cli       1  2248
19.7  4.8 ./cli kernel images/4096x40   1 394632
19.8  4.8 ./cli kernel images/4096x40   1 394612
20.0  4.8 ./cli kernel images/4096x40   1 394592
20.0  4.8 ./cli kernel images/4096x40   1 394580
20.1  4.8 ./cli kernel images/4096x40   1 394572
  PID User     Command                         Swap      USS      PSS      RSS 
10871 codespace /usr/bin/python3 /usr/bin/s        0    12084    12277    14592 
 6842 codespace ./cli kernel images/4096x40        0   393320   393359   394572 
 6844 codespace ./cli kernel images/4096x40        0   393320   393359   394580 
 6848 codespace ./cli kernel images/4096x40        0   393320   393362   394612 
 6839 codespace ./cli kernel images/4096x40        0   393324   393363   394592 
 6846 codespace ./cli kernel images/4096x40        0   393324   393367   394632 
%CPU %MEM ARGS Sat Sep 26 20:03:57 UTC 2026
 0.0  0.0 grep --color=auto ./cli       0  2204
19.7  4.8 ./cli kernel images/4096x40   1 394632
19.8  4.8 ./cli kernel images/4096x40   1 394612
20.0  4.8 ./cli kernel images/4096x40   0 394592
20.0  4.8 ./cli kernel images/4096x40   1 394580
20.1  4.8 ./cli kernel images/4096x40   1 394572
  PID User     Command                         Swap      USS      PSS      RSS 
10883 codespace /usr/bin/python3 /usr/bin/s        0    12072    12259    14508 
 6842 codespace ./cli kernel images/4096x40        0   393320   393359   394572 
 6844 codespace ./cli kernel images/4096x40        0   393320   393359   394580 
 6848 codespace ./cli kernel images/4096x40        0   393320   393362   394612 
 6839 codespace ./cli kernel images/4096x40        0   393324   393363   394592 
 6846 codespace ./cli kernel images/4096x40        0   393324   393367   394632 
%CPU %MEM ARGS Sat Sep 26 20:03:59 UTC 2026
 0.0  0.0 grep --color=auto ./cli       1  2292
19.6  4.8 ./cli kernel images/4096x40   1 394632
19.8  4.8 ./cli kernel images/4096x40   1 394612
20.0  4.8 ./cli kernel images/4096x40   1 394592
20.0  4.8 ./cli kernel images/4096x40   1 394580
20.1  4.8 ./cli kernel images/4096x40   1 394572
  PID User     Command                         Swap      USS      PSS      RSS 
10896 codespace /usr/bin/python3 /usr/bin/s        0    12068    12279    14580 
 6842 codespace ./cli kernel images/4096x40        0   393320   393357   394572 
 6844 codespace ./cli kernel images/4096x40        0   393320   393359   394580 
 6839 codespace ./cli kernel images/4096x40        0   393324   393360   394592 
 6848 codespace ./cli kernel images/4096x40        0   393320   393362   394612 
 6846 codespace ./cli kernel images/4096x40        0   393324   393363   394632 
%CPU %MEM ARGS Sat Sep 26 20:04:00 UTC 2026
 0.0  0.0 grep --color=auto ./cli       1  2248
19.6  4.8 ./cli kernel images/4096x40   0 394632
19.7  4.8 ./cli kernel images/4096x40   0 394612
20.0  4.8 ./cli kernel images/4096x40   1 394592
20.0  4.8 ./cli kernel images/4096x40   0 394580
20.1  4.8 ./cli kernel images/4096x40   0 394572
  PID User     Command                         Swap      USS      PSS      RSS 
10912 codespace /usr/bin/python3 /usr/bin/s        0    12060    12256    14520 
 6842 codespace ./cli kernel images/4096x40        0   393320   393359   394572 
 6844 codespace ./cli kernel images/4096x40        0   393320   393359   394580 
 6848 codespace ./cli kernel images/4096x40        0   393320   393362   394612 
 6839 codespace ./cli kernel images/4096x40        0   393324   393363   394592 
 6846 codespace ./cli kernel images/4096x40        0   393324   393367   394632 
%CPU %MEM ARGS Sat Sep 26 20:04:01 UTC 2026
 0.0  0.0 grep --color=auto ./cli       0  2212
19.6  4.8 ./cli kernel images/4096x40   1 394632
19.7  4.8 ./cli kernel images/4096x40   0 394612
20.0  4.8 ./cli kernel images/4096x40   0 394592
20.0  4.8 ./cli kernel images/4096x40   0 394580
20.0  4.8 ./cli kernel images/4096x40   1 394572
  PID User     Command                         Swap      USS      PSS      RSS 
10918 codespace /usr/bin/python3 /usr/bin/s        0    12056    12248    14484 
 6842 codespace ./cli kernel images/4096x40        0   393320   393359   394572 
 6844 codespace ./cli kernel images/4096x40        0   393320   393359   394580 
 6848 codespace ./cli kernel images/4096x40        0   393320   393362   394612 
 6839 codespace ./cli kernel images/4096x40        0   393324   393364   394592 
 6846 codespace ./cli kernel images/4096x40        0   393324   393366   394632 
%CPU %MEM ARGS Sat Sep 26 20:04:02 UTC 2026
 0.0  0.0 grep --color=auto ./cli       0  2196
19.6  4.8 ./cli kernel images/4096x40   1 394632
19.7  4.8 ./cli kernel images/4096x40   1 394612
19.9  4.8 ./cli kernel images/4096x40   1 394592
20.0  4.8 ./cli kernel images/4096x40   0 394580
20.0  4.8 ./cli kernel images/4096x40   1 394572
  PID User     Command                         Swap      USS      PSS      RSS 
10924 codespace /usr/bin/python3 /usr/bin/s        0    12048    12238    14476 
 6842 codespace ./cli kernel images/4096x40        0   393320   393359   394572 
 6844 codespace ./cli kernel images/4096x40        0   393320   393359   394580 
 6848 codespace ./cli kernel images/4096x40        0   393320   393362   394612 
 6839 codespace ./cli kernel images/4096x40        0   393324   393363   394592 
 6846 codespace ./cli kernel images/4096x40        0   393324   393367   394632 
%CPU %MEM ARGS Sat Sep 26 20:04:03 UTC 2026
 0.0  0.0 grep --color=auto ./cli       1  2204
19.6  4.8 ./cli kernel images/4096x40   0 394632
19.7  4.8 ./cli kernel images/4096x40   0 394612
19.9  4.8 ./cli kernel images/4096x40   0 394592
19.9  4.8 ./cli kernel images/4096x40   0 394580
20.0  4.8 ./cli kernel images/4096x40   0 394572
  PID User     Command                         Swap      USS      PSS      RSS 
10954 codespace /usr/bin/python3 /usr/bin/s        0    12076    12270    14568 
 6842 codespace ./cli kernel images/4096x40        0   393320   393359   394572 
 6844 codespace ./cli kernel images/4096x40        0   393320   393359   394580 
 6848 codespace ./cli kernel images/4096x40        0   393320   393362   394612 
 6839 codespace ./cli kernel images/4096x40        0   393324   393363   394592 
 6846 codespace ./cli kernel images/4096x40        0   393324   393367   394632 
%CPU %MEM ARGS Sat Sep 26 20:04:05 UTC 2026
 0.0  0.0 grep --color=auto ./cli       1  2200
19.6  4.8 ./cli kernel images/4096x40   1 394632
19.7  4.8 ./cli kernel images/4096x40   0 394612
19.9  4.8 ./cli kernel images/4096x40   1 394592
19.9  4.8 ./cli kernel images/4096x40   0 394580
20.0  4.8 ./cli kernel images/4096x40   1 394572
  PID User     Command                         Swap      USS      PSS      RSS 
10967 codespace /usr/bin/python3 /usr/bin/s        0    11964    12203    14524 
 6844 codespace ./cli kernel images/4096x40        0   393320   393357   394580 
 6842 codespace ./cli kernel images/4096x40        0   393320   393358   394572 
 6848 codespace ./cli kernel images/4096x40        0   393320   393360   394612 
 6839 codespace ./cli kernel images/4096x40        0   393324   393363   394592 
 6846 codespace ./cli kernel images/4096x40        0   393324   393365   394632 
%CPU %MEM ARGS Sat Sep 26 20:04:06 UTC 2026
 0.0  0.0 grep --color=auto ./cli       0  2200
19.6  4.8 ./cli kernel images/4096x40   0 394632
19.6  4.8 ./cli kernel images/4096x40   1 394612
19.9  4.8 ./cli kernel images/4096x40   0 394592
19.9  4.8 ./cli kernel images/4096x40   0 394580
20.0  4.8 ./cli kernel images/4096x40   1 394572
  PID User     Command                         Swap      USS      PSS      RSS 
10980 codespace /usr/bin/python3 /usr/bin/s        0    12060    12249    14540 
 6842 codespace ./cli kernel images/4096x40        0   393320   393359   394572 
 6844 codespace ./cli kernel images/4096x40        0   393320   393359   394580 
 6846 codespace ./cli kernel images/4096x40        0   393324   393362   394632 
 6848 codespace ./cli kernel images/4096x40        0   393320   393362   394612 
 6839 codespace ./cli kernel images/4096x40        0   393324   393363   394592 
%CPU %MEM ARGS Sat Sep 26 20:04:07 UTC 2026
 0.0  0.0 grep --color=auto ./cli       1  2152
19.6  4.8 ./cli kernel images/4096x40   0 394632
19.6  4.8 ./cli kernel images/4096x40   0 394612
19.9  4.8 ./cli kernel images/4096x40   1 394592
19.9  4.8 ./cli kernel images/4096x40   0 394580
20.0  4.8 ./cli kernel images/4096x40   0 394572
  PID User     Command                         Swap      USS      PSS      RSS 
10995 codespace /usr/bin/python3 /usr/bin/s        0    12064    12248    14480 
 6842 codespace ./cli kernel images/4096x40        0   393320   393359   394572 
 6844 codespace ./cli kernel images/4096x40        0   393320   393359   394580 
 6848 codespace ./cli kernel images/4096x40        0   393320   393362   394612 
 6839 codespace ./cli kernel images/4096x40        0   393324   393363   394592 
 6846 codespace ./cli kernel images/4096x40        0   393324   393367   394632 
%CPU %MEM ARGS Sat Sep 26 20:04:09 UTC 2026
 0.0  0.0 grep --color=auto ./cli       1  2176
19.6  4.8 ./cli kernel images/4096x40   0 394632
19.6  4.8 ./cli kernel images/4096x40   1 394612
19.8  4.8 ./cli kernel images/4096x40   0 394592
19.9  4.8 ./cli kernel images/4096x40   0 394580
19.9  4.8 ./cli kernel images/4096x40   1 394572
  PID User     Command                         Swap      USS      PSS      RSS 
11002 codespace /usr/bin/python3 /usr/bin/s        0    12052    12242    14516 
 6842 codespace ./cli kernel images/4096x40        0   393320   393359   394572 
 6844 codespace ./cli kernel images/4096x40        0   393320   393359   394580 
 6848 codespace ./cli kernel images/4096x40        0   393320   393362   394612 
 6839 codespace ./cli kernel images/4096x40        0   393324   393363   394592 
 6846 codespace ./cli kernel images/4096x40        0   393324   393367   394632 
%CPU %MEM ARGS Sat Sep 26 20:04:10 UTC 2026
 0.0  0.0 grep --color=auto ./cli       0  2164
19.5  4.8 ./cli kernel images/4096x40   1 394632
19.6  4.8 ./cli kernel images/4096x40   0 394612
19.8  4.8 ./cli kernel images/4096x40   1 394592
19.8  4.8 ./cli kernel images/4096x40   1 394580
19.9  4.8 ./cli kernel images/4096x40   1 394572
  PID User     Command                         Swap      USS      PSS      RSS 
11014 codespace /usr/bin/python3 /usr/bin/s        0    12088    12295    14592 
 6844 codespace ./cli kernel images/4096x40        0   393320   393358   394580 
 6842 codespace ./cli kernel images/4096x40        0   393320   393359   394572 
 6848 codespace ./cli kernel images/4096x40        0   393320   393362   394612 
 6839 codespace ./cli kernel images/4096x40        0   393324   393363   394592 
 6846 codespace ./cli kernel images/4096x40        0   393324   393367   394632 
%CPU %MEM ARGS Sat Sep 26 20:04:11 UTC 2026
 0.0  0.0 grep --color=auto ./cli       0  2212
19.5  4.8 ./cli kernel images/4096x40   1 394632
19.6  4.8 ./cli kernel images/4096x40   1 394612
19.8  4.8 ./cli kernel images/4096x40   1 394592
19.8  4.8 ./cli kernel images/4096x40   0 394580
19.9  4.8 ./cli kernel images/4096x40   0 394572
  PID User     Command                         Swap      USS      PSS      RSS 
11024 codespace /usr/bin/python3 /usr/bin/s        0    12080    12276    14620 
 6839 codespace ./cli kernel images/4096x40        0   393324   393359   394592 
 6842 codespace ./cli kernel images/4096x40        0   393320   393359   394572 
 6844 codespace ./cli kernel images/4096x40        0   393320   393359   394580 
 6848 codespace ./cli kernel images/4096x40        0   393320   393362   394612 
 6846 codespace ./cli kernel images/4096x40        0   393324   393367   394632 
%CPU %MEM ARGS Sat Sep 26 20:04:13 UTC 2026
 0.0  0.0 grep --color=auto ./cli       0  2180
19.5  4.8 ./cli kernel images/4096x40   0 394632
19.6  4.8 ./cli kernel images/4096x40   0 394612
19.8  4.8 ./cli kernel images/4096x40   1 394592
19.9  4.8 ./cli kernel images/4096x40   1 394572
19.9  4.8 ./cli kernel images/4096x40   0 394580
  PID User     Command                         Swap      USS      PSS      RSS 
11044 codespace /usr/bin/python3 /usr/bin/s        0    12060    12256    14520 
 6842 codespace ./cli kernel images/4096x40        0   393320   393359   394572 
 6844 codespace ./cli kernel images/4096x40        0   393320   393359   394580 
 6848 codespace ./cli kernel images/4096x40        0   393320   393362   394612 
 6839 codespace ./cli kernel images/4096x40        0   393324   393363   394592 
 6846 codespace ./cli kernel images/4096x40        0   393324   393367   394632 
%CPU %MEM ARGS Sat Sep 26 20:04:14 UTC 2026
 0.0  0.0 grep --color=auto ./cli       1  2376
19.5  4.8 ./cli kernel images/4096x40   0 394632
19.6  4.8 ./cli kernel images/4096x40   0 394612
19.7  4.8 ./cli kernel images/4096x40   0 394592
19.8  4.8 ./cli kernel images/4096x40   1 394572
19.8  4.8 ./cli kernel images/4096x40   0 394580
  PID User     Command                         Swap      USS      PSS      RSS 
11066 codespace /usr/bin/python3 /usr/bin/s        0    12064    12252    14480 
 6842 codespace ./cli kernel images/4096x40        0   393320   393357   394572 
 6844 codespace ./cli kernel images/4096x40        0   393320   393359   394580 
 6848 codespace ./cli kernel images/4096x40        0   393320   393362   394612 
 6839 codespace ./cli kernel images/4096x40        0   393324   393363   394592 
 6846 codespace ./cli kernel images/4096x40        0   393324   393367   394632 
%CPU %MEM ARGS Sat Sep 26 20:04:16 UTC 2026
 0.0  0.0 grep --color=auto ./cli       0  2340
19.5  4.8 ./cli kernel images/4096x40   0 394632
19.6  4.8 ./cli kernel images/4096x40   0 394612
19.7  4.8 ./cli kernel images/4096x40   0 394592
19.8  4.8 ./cli kernel images/4096x40   0 394572
19.8  4.8 ./cli kernel images/4096x40   0 394580
  PID User     Command                         Swap      USS      PSS      RSS 
11078 codespace /usr/bin/python3 /usr/bin/s        0    12060    12255    14520 
 6842 codespace ./cli kernel images/4096x40        0   393320   393359   394572 
 6844 codespace ./cli kernel images/4096x40        0   393320   393359   394580 
 6848 codespace ./cli kernel images/4096x40        0   393320   393362   394612 
 6839 codespace ./cli kernel images/4096x40        0   393324   393363   394592 
 6846 codespace ./cli kernel images/4096x40        0   393324   393366   394632 
%CPU %MEM ARGS Sat Sep 26 20:04:17 UTC 2026
 0.0  0.0 grep --color=auto ./cli       1  2252
19.5  4.8 ./cli kernel images/4096x40   0 394632
19.6  4.8 ./cli kernel images/4096x40   0 394612
19.7  4.8 ./cli kernel images/4096x40   1 394592
19.8  4.8 ./cli kernel images/4096x40   0 394572
19.8  4.8 ./cli kernel images/4096x40   1 394580
  PID User     Command                         Swap      USS      PSS      RSS 
11088 codespace /usr/bin/python3 /usr/bin/s        0    12080    12276    14620 
 6844 codespace ./cli kernel images/4096x40        0   393320   393355   394580 
 6842 codespace ./cli kernel images/4096x40        0   393320   393358   394572 
 6848 codespace ./cli kernel images/4096x40        0   393320   393362   394612 
 6839 codespace ./cli kernel images/4096x40        0   393324   393363   394592 
 6846 codespace ./cli kernel images/4096x40        0   393324   393367   394632 
%CPU %MEM ARGS Sat Sep 26 20:04:18 UTC 2026
 0.0  0.0 grep --color=auto ./cli       1  2180
19.4  4.8 ./cli kernel images/4096x40   0 394632
19.5  4.8 ./cli kernel images/4096x40   1 394612
19.7  4.8 ./cli kernel images/4096x40   0 394592
19.8  4.8 ./cli kernel images/4096x40   0 394572
19.8  4.8 ./cli kernel images/4096x40   0 394580
  PID User     Command                         Swap      USS      PSS      RSS 
11106 codespace /usr/bin/python3 /usr/bin/s        0    12040    12236    14580 
 6842 codespace ./cli kernel images/4096x40        0   393320   393359   394572 
 6844 codespace ./cli kernel images/4096x40        0   393320   393359   394580 
 6848 codespace ./cli kernel images/4096x40        0   393320   393362   394612 
 6839 codespace ./cli kernel images/4096x40        0   393324   393363   394592 
 6846 codespace ./cli kernel images/4096x40        0   393324   393367   394632 
%CPU %MEM ARGS Sat Sep 26 20:04:19 UTC 2026
 0.0  0.0 grep --color=auto ./cli       1  2296
19.4  4.8 ./cli kernel images/4096x40   0 394632
19.5  4.8 ./cli kernel images/4096x40   0 394612
19.7  4.8 ./cli kernel images/4096x40   1 394592
19.8  4.8 ./cli kernel images/4096x40   0 394572
19.8  4.8 ./cli kernel images/4096x40   0 394580
  PID User     Command                         Swap      USS      PSS      RSS 
11112 codespace /usr/bin/python3 /usr/bin/s        0    12088    12299    14592 
 6842 codespace ./cli kernel images/4096x40        0   393320   393359   394572 
 6844 codespace ./cli kernel images/4096x40        0   393320   393359   394580 
 6839 codespace ./cli kernel images/4096x40        0   393324   393363   394592 
 6848 codespace ./cli kernel images/4096x40        0   393320   393363   394612 
 6846 codespace ./cli kernel images/4096x40        0   393324   393367   394632 
%CPU %MEM ARGS Sat Sep 26 20:04:20 UTC 2026
 0.0  0.0 grep --color=auto ./cli       0  2192
19.4  4.8 ./cli kernel images/4096x40   1 394632
19.5  4.8 ./cli kernel images/4096x40   1 394612
19.7  4.8 ./cli kernel images/4096x40   1 394592
19.7  4.8 ./cli kernel images/4096x40   0 394572
19.8  4.8 ./cli kernel images/4096x40   0 394580
  PID User     Command                         Swap      USS      PSS      RSS 
11118 codespace /usr/bin/python3 /usr/bin/s        0    12060    12243    14476 
 6842 codespace ./cli kernel images/4096x40        0   393320   393357   394572 
 6844 codespace ./cli kernel images/4096x40        0   393320   393359   394580 
 6848 codespace ./cli kernel images/4096x40        0   393320   393362   394612 
 6839 codespace ./cli kernel images/4096x40        0   393324   393363   394592 
 6846 codespace ./cli kernel images/4096x40        0   393324   393367   394632 
%CPU %MEM ARGS Sat Sep 26 20:04:22 UTC 2026
 0.0  0.0 grep --color=auto ./cli       1  2160
19.4  4.8 ./cli kernel images/4096x40   1 394632
19.5  4.8 ./cli kernel images/4096x40   1 394612
19.7  4.8 ./cli kernel images/4096x40   0 394592
19.7  4.8 ./cli kernel images/4096x40   1 394572
19.8  4.8 ./cli kernel images/4096x40   1 394580
  PID User     Command                         Swap      USS      PSS      RSS 
11129 codespace /usr/bin/python3 /usr/bin/s        0    11988    12208    14540 
 6844 codespace ./cli kernel images/4096x40        0   393320   393355   394580 
 6848 codespace ./cli kernel images/4096x40        0   393320   393358   394612 
 6842 codespace ./cli kernel images/4096x40        0   393320   393359   394572 
 6839 codespace ./cli kernel images/4096x40        0   393324   393363   394592 
 6846 codespace ./cli kernel images/4096x40        0   393324   393364   394632 
%CPU %MEM ARGS Sat Sep 26 20:04:23 UTC 2026
 0.0  0.0 grep --color=auto ./cli       0  2292
19.4  4.8 ./cli kernel images/4096x40   0 394632
19.5  4.8 ./cli kernel images/4096x40   1 394612
19.6  4.8 ./cli kernel images/4096x40   1 394592
19.7  4.8 ./cli kernel images/4096x40   1 394572
19.7  4.8 ./cli kernel images/4096x40   0 394580
  PID User     Command                         Swap      USS      PSS      RSS 
11149 codespace /usr/bin/python3 /usr/bin/s        0    12052    12245    14480 
 6842 codespace ./cli kernel images/4096x40        0   393320   393357   394572 
 6844 codespace ./cli kernel images/4096x40        0   393320   393359   394580 
 6848 codespace ./cli kernel images/4096x40        0   393320   393362   394612 
 6839 codespace ./cli kernel images/4096x40        0   393324   393363   394592 
 6846 codespace ./cli kernel images/4096x40        0   393324   393367   394632 
%CPU %MEM ARGS Sat Sep 26 20:04:25 UTC 2026
 0.0  0.0 grep --color=auto ./cli       1  2252
19.4  4.8 ./cli kernel images/4096x40   0 394632
19.4  4.8 ./cli kernel images/4096x40   0 394612
19.6  4.8 ./cli kernel images/4096x40   0 394592
19.7  4.8 ./cli kernel images/4096x40   0 394572
19.7  4.8 ./cli kernel images/4096x40   0 394580
  PID User     Command                         Swap      USS      PSS      RSS 
11177 codespace /usr/bin/python3 /usr/bin/s        0    12052    12242    14480 
 6842 codespace ./cli kernel images/4096x40        0   393320   393359   394572 
 6844 codespace ./cli kernel images/4096x40        0   393320   393359   394580 
 6848 codespace ./cli kernel images/4096x40        0   393320   393362   394612 
 6839 codespace ./cli kernel images/4096x40        0   393324   393363   394592 
 6846 codespace ./cli kernel images/4096x40        0   393324   393367   394632 
%CPU %MEM ARGS Sat Sep 26 20:04:26 UTC 2026
 0.0  0.0 grep --color=auto ./cli       1  2344
19.4  4.8 ./cli kernel images/4096x40   0 394632
19.4  4.8 ./cli kernel images/4096x40   0 394612
19.6  4.8 ./cli kernel images/4096x40   1 394592
19.7  4.8 ./cli kernel images/4096x40   1 394572
19.7  4.8 ./cli kernel images/4096x40   1 394580
  PID User     Command                         Swap      USS      PSS      RSS 
11183 codespace /usr/bin/python3 /usr/bin/s        0    12068    12255    14484 
 6842 codespace ./cli kernel images/4096x40        0   393320   393357   394572 
 6844 codespace ./cli kernel images/4096x40        0   393320   393357   394580 
 6848 codespace ./cli kernel images/4096x40        0   393320   393362   394612 
 6839 codespace ./cli kernel images/4096x40        0   393324   393363   394592 
 6846 codespace ./cli kernel images/4096x40        0   393324   393366   394632 
%CPU %MEM ARGS Sat Sep 26 20:04:27 UTC 2026
 0.0  0.0 grep --color=auto ./cli       0  2236
19.4  4.8 ./cli kernel images/4096x40   0 394632
19.4  4.8 ./cli kernel images/4096x40   1 394612
19.6  4.8 ./cli kernel images/4096x40   1 394592
19.6  4.8 ./cli kernel images/4096x40   0 394572
19.7  4.8 ./cli kernel images/4096x40   1 394580
  PID User     Command                         Swap      USS      PSS      RSS 
11196 codespace /usr/bin/python3 /usr/bin/s        0    12064    12230    14492 
 6842 codespace ./cli kernel images/4096x40        0   393320   393359   394572 
 6844 codespace ./cli kernel images/4096x40        0   393320   393359   394580 
 6848 codespace ./cli kernel images/4096x40        0   393320   393362   394612 
 6839 codespace ./cli kernel images/4096x40        0   393324   393363   394592 
 6846 codespace ./cli kernel images/4096x40        0   393324   393366   394632 
%CPU %MEM ARGS Sat Sep 26 20:04:28 UTC 2026
 0.0  0.0 grep --color=auto ./cli       0  2168
19.4  4.8 ./cli kernel images/4096x40   1 394632
19.4  4.8 ./cli kernel images/4096x40   0 394612
19.6  4.8 ./cli kernel images/4096x40   0 394592
19.6  4.8 ./cli kernel images/4096x40   1 394572
19.7  4.8 ./cli kernel images/4096x40   1 394580
  PID User     Command                         Swap      USS      PSS      RSS 
11212 codespace /usr/bin/python3 /usr/bin/s        0    12060    12244    14476 
 6842 codespace ./cli kernel images/4096x40        0   393320   393355   394572 
 6844 codespace ./cli kernel images/4096x40        0   393320   393355   394580 
 6848 codespace ./cli kernel images/4096x40        0   393320   393362   394612 
 6839 codespace ./cli kernel images/4096x40        0   393324   393363   394592 
 6846 codespace ./cli kernel images/4096x40        0   393324   393366   394632 
%CPU %MEM ARGS Sat Sep 26 20:04:30 UTC 2026
 0.0  0.0 grep --color=auto ./cli       0  2164
19.3  4.8 ./cli kernel images/4096x40   0 394632
19.4  4.8 ./cli kernel images/4096x40   0 394612
19.5  4.8 ./cli kernel images/4096x40   0 394592
19.6  4.8 ./cli kernel images/4096x40   0 394572
19.6  4.8 ./cli kernel images/4096x40   1 394580
  PID User     Command                         Swap      USS      PSS      RSS 
11224 codespace /usr/bin/python3 /usr/bin/s        0    12088    12295    14592 
 6842 codespace ./cli kernel images/4096x40        0   393320   393359   394572 
 6844 codespace ./cli kernel images/4096x40        0   393320   393359   394580 
 6848 codespace ./cli kernel images/4096x40        0   393320   393362   394612 
 6839 codespace ./cli kernel images/4096x40        0   393324   393363   394592 
 6846 codespace ./cli kernel images/4096x40        0   393324   393367   394632 
%CPU %MEM ARGS Sat Sep 26 20:04:31 UTC 2026
 0.0  0.0 grep --color=auto ./cli       0  2288
19.3  4.8 ./cli kernel images/4096x40   1 394632
19.4  4.8 ./cli kernel images/4096x40   0 394612
19.5  4.8 ./cli kernel images/4096x40   0 394592
19.6  4.8 ./cli kernel images/4096x40   0 394572
19.6  4.8 ./cli kernel images/4096x40   1 394580
  PID User     Command                         Swap      USS      PSS      RSS 
11231 codespace /usr/bin/python3 /usr/bin/s        0    12060    12251    14508 
 6842 codespace ./cli kernel images/4096x40        0   393320   393359   394572 
 6844 codespace ./cli kernel images/4096x40        0   393320   393359   394580 
 6848 codespace ./cli kernel images/4096x40        0   393320   393362   394612 
 6839 codespace ./cli kernel images/4096x40        0   393324   393364   394592 
 6846 codespace ./cli kernel images/4096x40        0   393324   393367   394632 
%CPU %MEM ARGS Sat Sep 26 20:04:32 UTC 2026
 0.0  0.0 grep --color=auto ./cli       0  2208
19.3  4.8 ./cli kernel images/4096x40   1 394632
19.4  4.8 ./cli kernel images/4096x40   0 394612
19.5  4.8 ./cli kernel images/4096x40   1 394592
19.6  4.8 ./cli kernel images/4096x40   0 394572
19.6  4.8 ./cli kernel images/4096x40   0 394580
  PID User     Command                         Swap      USS      PSS      RSS 
11243 codespace /usr/bin/python3 /usr/bin/s        0    12056    12227    14500 
 6844 codespace ./cli kernel images/4096x40        0   393320   393355   394580 
 6842 codespace ./cli kernel images/4096x40        0   393320   393358   394572 
 6848 codespace ./cli kernel images/4096x40        0   393320   393362   394612 
 6839 codespace ./cli kernel images/4096x40        0   393324   393364   394592 
 6846 codespace ./cli kernel images/4096x40        0   393324   393367   394632 
%CPU %MEM ARGS Sat Sep 26 20:04:33 UTC 2026
 0.0  0.0 grep --color=auto ./cli       1  2200
19.3  4.8 ./cli kernel images/4096x40   0 394632
19.4  4.8 ./cli kernel images/4096x40   0 394612
19.5  4.8 ./cli kernel images/4096x40   0 394592
19.6  4.8 ./cli kernel images/4096x40   0 394572
19.6  4.8 ./cli kernel images/4096x40   1 394580
  PID User     Command                         Swap      USS      PSS      RSS 
11255 codespace /usr/bin/python3 /usr/bin/s        0    12056    12242    14564 
 6842 codespace ./cli kernel images/4096x40        0   393320   393355   394572 
 6844 codespace ./cli kernel images/4096x40        0   393320   393357   394580 
 6848 codespace ./cli kernel images/4096x40        0   393320   393358   394612 
 6839 codespace ./cli kernel images/4096x40        0   393324   393363   394592 
 6846 codespace ./cli kernel images/4096x40        0   393324   393366   394632 
%CPU %MEM ARGS Sat Sep 26 20:04:35 UTC 2026
 0.0  0.0 grep --color=auto ./cli       1  2184
19.3  4.8 ./cli kernel images/4096x40   1 394632
19.4  4.8 ./cli kernel images/4096x40   1 394612
19.5  4.8 ./cli kernel images/4096x40   1 394592
19.5  4.8 ./cli kernel images/4096x40   0 394572
19.6  4.8 ./cli kernel images/4096x40   0 394580
  PID User     Command                         Swap      USS      PSS      RSS 
11288 codespace /usr/bin/python3 /usr/bin/s        0    12076    12287    14588 
 6842 codespace ./cli kernel images/4096x40        0   393320   393359   394572 
 6844 codespace ./cli kernel images/4096x40        0   393320   393359   394580 
 6848 codespace ./cli kernel images/4096x40        0   393320   393362   394612 
 6839 codespace ./cli kernel images/4096x40        0   393324   393363   394592 
 6846 codespace ./cli kernel images/4096x40        0   393324   393367   394632 
%CPU %MEM ARGS Sat Sep 26 20:04:36 UTC 2026
 0.0  0.0 grep --color=auto ./cli       0  2252
19.3  4.8 ./cli kernel images/4096x40   0 394632
19.3  4.8 ./cli kernel images/4096x40   0 394612
19.5  4.8 ./cli kernel images/4096x40   0 394592
19.5  4.8 ./cli kernel images/4096x40   0 394572
19.6  4.8 ./cli kernel images/4096x40   1 394580
  PID User     Command                         Swap      USS      PSS      RSS 
11294 codespace /usr/bin/python3 /usr/bin/s        0    12052    12245    14480 
 6842 codespace ./cli kernel images/4096x40        0   393320   393359   394572 
 6844 codespace ./cli kernel images/4096x40        0   393320   393359   394580 
 6848 codespace ./cli kernel images/4096x40        0   393320   393362   394612 
 6839 codespace ./cli kernel images/4096x40        0   393324   393363   394592 
 6846 codespace ./cli kernel images/4096x40        0   393324   393367   394632 
%CPU %MEM ARGS Sat Sep 26 20:04:37 UTC 2026
 0.0  0.0 grep --color=auto ./cli       0  2164
19.3  4.8 ./cli kernel images/4096x40   1 394632
19.3  4.8 ./cli kernel images/4096x40   0 394612
19.4  4.8 ./cli kernel images/4096x40   0 394592
19.5  4.8 ./cli kernel images/4096x40   1 394572
19.6  4.8 ./cli kernel images/4096x40   0 394580
  PID User     Command                         Swap      USS      PSS      RSS 
11301 codespace /usr/bin/python3 /usr/bin/s        0    12016    12205    14496 
 6842 codespace ./cli kernel images/4096x40        0   393320   393355   394572 
 6844 codespace ./cli kernel images/4096x40        0   393320   393359   394580 
 6848 codespace ./cli kernel images/4096x40        0   393320   393362   394612 
 6839 codespace ./cli kernel images/4096x40        0   393324   393363   394592 
 6846 codespace ./cli kernel images/4096x40        0   393324   393367   394632 
%CPU %MEM ARGS Sat Sep 26 20:04:39 UTC 2026
 0.0  0.0 grep --color=auto ./cli       1  2304
19.2  4.8 ./cli kernel images/4096x40   0 394632
19.3  4.8 ./cli kernel images/4096x40   0 394612
19.4  4.8 ./cli kernel images/4096x40   0 394592
19.5  4.8 ./cli kernel images/4096x40   0 394572
19.6  4.8 ./cli kernel images/4096x40   1 394580
  PID User     Command                         Swap      USS      PSS      RSS 
11319 codespace /usr/bin/python3 /usr/bin/s        0    12060    12243    14476 
 6842 codespace ./cli kernel images/4096x40        0   393320   393359   394572 
 6844 codespace ./cli kernel images/4096x40        0   393320   393359   394580 
 6848 codespace ./cli kernel images/4096x40        0   393320   393361   394612 
 6839 codespace ./cli kernel images/4096x40        0   393324   393363   394592 
 6846 codespace ./cli kernel images/4096x40        0   393324   393366   394632 
%CPU %MEM ARGS Sat Sep 26 20:04:40 UTC 2026
 0.0  0.0 grep --color=auto ./cli       1  2200
19.2  4.8 ./cli kernel images/4096x40   1 394632
19.3  4.8 ./cli kernel images/4096x40   1 394612
19.4  4.8 ./cli kernel images/4096x40   1 394592
19.5  4.8 ./cli kernel images/4096x40   1 394572
19.6  4.8 ./cli kernel images/4096x40   1 394580
  PID User     Command                         Swap      USS      PSS      RSS 
11330 codespace /usr/bin/python3 /usr/bin/s        0    12056    12248    14540 
 6842 codespace ./cli kernel images/4096x40        0   393320   393359   394572 
 6844 codespace ./cli kernel images/4096x40        0   393320   393359   394580 
 6848 codespace ./cli kernel images/4096x40        0   393320   393362   394612 
 6839 codespace ./cli kernel images/4096x40        0   393324   393363   394592 
 6846 codespace ./cli kernel images/4096x40        0   393324   393367   394632 
%CPU %MEM ARGS Sat Sep 26 20:04:41 UTC 2026
 0.0  0.0 grep --color=auto ./cli       0  2296
19.2  4.8 ./cli kernel images/4096x40   0 394632
19.3  4.8 ./cli kernel images/4096x40   0 394612
19.4  4.8 ./cli kernel images/4096x40   0 394592
19.5  4.8 ./cli kernel images/4096x40   0 394572
19.5  4.8 ./cli kernel images/4096x40   0 394580
  PID User     Command                         Swap      USS      PSS      RSS 
11342 codespace /usr/bin/python3 /usr/bin/s        0    12064    12250    14480 
 6842 codespace ./cli kernel images/4096x40        0   393320   393359   394572 
 6844 codespace ./cli kernel images/4096x40        0   393320   393359   394580 
 6848 codespace ./cli kernel images/4096x40        0   393320   393362   394612 
 6839 codespace ./cli kernel images/4096x40        0   393324   393363   394592 
 6846 codespace ./cli kernel images/4096x40        0   393324   393367   394632 
%CPU %MEM ARGS Sat Sep 26 20:04:43 UTC 2026
 0.0  0.0 grep --color=auto ./cli       1  2160
19.2  4.8 ./cli kernel images/4096x40   0 394632
19.3  4.8 ./cli kernel images/4096x40   0 394612
19.4  4.8 ./cli kernel images/4096x40   1 394592
19.5  4.8 ./cli kernel images/4096x40   1 394572
19.5  4.8 ./cli kernel images/4096x40   1 394580
  PID User     Command                         Swap      USS      PSS      RSS 
11348 codespace /usr/bin/python3 /usr/bin/s        0    12060    12241    14620 
 6844 codespace ./cli kernel images/4096x40        0   393320   393355   394580 
 6842 codespace ./cli kernel images/4096x40        0   393320   393358   394572 
 6848 codespace ./cli kernel images/4096x40        0   393320   393360   394612 
 6839 codespace ./cli kernel images/4096x40        0   393324   393363   394592 
 6846 codespace ./cli kernel images/4096x40        0   393324   393365   394632 
%CPU %MEM ARGS Sat Sep 26 20:04:44 UTC 2026
 0.0  0.0 grep --color=auto ./cli       0  2180
19.2  4.8 ./cli kernel images/4096x40   1 394632
19.3  4.8 ./cli kernel images/4096x40   0 394612
19.4  4.8 ./cli kernel images/4096x40   1 394592
19.5  4.8 ./cli kernel images/4096x40   0 394572
19.5  4.8 ./cli kernel images/4096x40   1 394580
  PID User     Command                         Swap      USS      PSS      RSS 
11366 codespace /usr/bin/python3 /usr/bin/s        0    12072    12260    14508 
 6842 codespace ./cli kernel images/4096x40        0   393320   393359   394572 
 6844 codespace ./cli kernel images/4096x40        0   393320   393359   394580 
 6848 codespace ./cli kernel images/4096x40        0   393320   393362   394612 
 6839 codespace ./cli kernel images/4096x40        0   393324   393363   394592 
 6846 codespace ./cli kernel images/4096x40        0   393324   393367   394632 
%CPU %MEM ARGS Sat Sep 26 20:04:45 UTC 2026
 0.0  0.0 grep --color=auto ./cli       0  2180
19.2  4.8 ./cli kernel images/4096x40   0 394632
19.3  4.8 ./cli kernel images/4096x40   0 394612
19.4  4.8 ./cli kernel images/4096x40   0 394592
19.5  4.8 ./cli kernel images/4096x40   0 394572
19.5  4.8 ./cli kernel images/4096x40   1 394580
  PID User     Command                         Swap      USS      PSS      RSS 
11389 codespace /usr/bin/python3 /usr/bin/s        0    12068    12253    14484 
 6842 codespace ./cli kernel images/4096x40        0   393320   393355   394572 
 6844 codespace ./cli kernel images/4096x40        0   393320   393360   394580 
 6848 codespace ./cli kernel images/4096x40        0   393320   393362   394612 
 6839 codespace ./cli kernel images/4096x40        0   393324   393363   394592 
 6846 codespace ./cli kernel images/4096x40        0   393324   393366   394632 
%CPU %MEM ARGS Sat Sep 26 20:04:47 UTC 2026
 0.0  0.0 grep --color=auto ./cli       0  2156
19.2  4.8 ./cli kernel images/4096x40   0 394632
19.2  4.8 ./cli kernel images/4096x40   0 394612
19.3  4.8 ./cli kernel images/4096x40   0 394592
19.4  4.8 ./cli kernel images/4096x40   0 394572
19.5  4.8 ./cli kernel images/4096x40   1 394580
  PID User     Command                         Swap      USS      PSS      RSS 
11406 codespace /usr/bin/python3 /usr/bin/s        0    12060    12244    14476 
 6842 codespace ./cli kernel images/4096x40        0   393320   393359   394572 
 6844 codespace ./cli kernel images/4096x40        0   393320   393359   394580 
 6848 codespace ./cli kernel images/4096x40        0   393320   393362   394612 
 6839 codespace ./cli kernel images/4096x40        0   393324   393363   394592 
 6846 codespace ./cli kernel images/4096x40        0   393324   393367   394632 
%CPU %MEM ARGS Sat Sep 26 20:04:48 UTC 2026
 0.0  0.0 grep --color=auto ./cli       0  2168
19.2  4.8 ./cli kernel images/4096x40   0 394632
19.3  4.8 ./cli kernel images/4096x40   0 394612
19.3  4.8 ./cli kernel images/4096x40   0 394592
19.4  4.8 ./cli kernel images/4096x40   1 394572
19.5  4.8 ./cli kernel images/4096x40   0 394580
  PID User     Command                         Swap      USS      PSS      RSS 
11412 codespace /usr/bin/python3 /usr/bin/s        0    12076    12250    14620 
 6842 codespace ./cli kernel images/4096x40        0   393320   393359   394572 
 6844 codespace ./cli kernel images/4096x40        0   393320   393359   394580 
 6848 codespace ./cli kernel images/4096x40        0   393320   393361   394612 
 6839 codespace ./cli kernel images/4096x40        0   393324   393363   394592 
 6846 codespace ./cli kernel images/4096x40        0   393324   393367   394632 
%CPU %MEM ARGS Sat Sep 26 20:04:50 UTC 2026
 0.0  0.0 grep --color=auto ./cli       1  2252
19.1  4.8 ./cli kernel images/4096x40   0 394632
19.2  4.8 ./cli kernel images/4096x40   1 394612
19.3  4.8 ./cli kernel images/4096x40   0 394592
19.4  4.8 ./cli kernel images/4096x40   0 394580
19.5  4.8 ./cli kernel images/4096x40   0 394572
  PID User     Command                         Swap      USS      PSS      RSS 
11431 codespace /usr/bin/python3 /usr/bin/s        0    12068    12270    14596 
 6842 codespace ./cli kernel images/4096x40        0   393320   393359   394572 
 6844 codespace ./cli kernel images/4096x40        0   393320   393359   394580 
 6848 codespace ./cli kernel images/4096x40        0   393320   393362   394612 
 6839 codespace ./cli kernel images/4096x40        0   393324   393363   394592 
 6846 codespace ./cli kernel images/4096x40        0   393324   393367   394632 
%CPU %MEM ARGS Sat Sep 26 20:04:51 UTC 2026
 0.0  0.0 grep --color=auto ./cli       0  2336
19.1  4.8 ./cli kernel images/4096x40   0 394632
19.2  4.8 ./cli kernel images/4096x40   0 394612
19.3  4.8 ./cli kernel images/4096x40   1 394592
19.4  4.8 ./cli kernel images/4096x40   0 394580
19.4  4.8 ./cli kernel images/4096x40   0 394572
  PID User     Command                         Swap      USS      PSS      RSS 
11437 codespace /usr/bin/python3 /usr/bin/s        0    12060    12235    14524 
 6842 codespace ./cli kernel images/4096x40        0   393320   393357   394572 
 6844 codespace ./cli kernel images/4096x40        0   393320   393359   394580 
 6848 codespace ./cli kernel images/4096x40        0   393320   393359   394612 
 6839 codespace ./cli kernel images/4096x40        0   393324   393362   394592 
 6846 codespace ./cli kernel images/4096x40        0   393324   393367   394632 
%CPU %MEM ARGS Sat Sep 26 20:04:53 UTC 2026
 0.0  0.0 grep --color=auto ./cli       1  2164
19.1  4.8 ./cli kernel images/4096x40   0 394632
19.2  4.8 ./cli kernel images/4096x40   0 394612
19.3  4.8 ./cli kernel images/4096x40   0 394592
19.4  4.8 ./cli kernel images/4096x40   0 394580
19.4  4.8 ./cli kernel images/4096x40   0 394572
  PID User     Command                         Swap      USS      PSS      RSS 
11452 codespace /usr/bin/python3 /usr/bin/s        0    12060    12242    14508 
 6842 codespace ./cli kernel images/4096x40        0   393320   393359   394572 
 6844 codespace ./cli kernel images/4096x40        0   393320   393359   394580 
 6848 codespace ./cli kernel images/4096x40        0   393320   393362   394612 
 6839 codespace ./cli kernel images/4096x40        0   393324   393363   394592 
 6846 codespace ./cli kernel images/4096x40        0   393324   393367   394632 
%CPU %MEM ARGS Sat Sep 26 20:04:54 UTC 2026
 0.0  0.0 grep --color=auto ./cli       0  2248
19.1  4.8 ./cli kernel images/4096x40   1 394632
19.2  4.8 ./cli kernel images/4096x40   1 394612
19.3  4.8 ./cli kernel images/4096x40   0 394592
19.4  4.8 ./cli kernel images/4096x40   1 394580
19.4  4.8 ./cli kernel images/4096x40   0 394572
  PID User     Command                         Swap      USS      PSS      RSS 
11460 codespace /usr/bin/python3 /usr/bin/s        0    12060    12251    14508 
 6842 codespace ./cli kernel images/4096x40        0   393320   393355   394572 
 6844 codespace ./cli kernel images/4096x40        0   393320   393355   394580 
 6839 codespace ./cli kernel images/4096x40        0   393324   393360   394592 
 6848 codespace ./cli kernel images/4096x40        0   393320   393362   394612 
 6846 codespace ./cli kernel images/4096x40        0   393324   393367   394632 
%CPU %MEM ARGS Sat Sep 26 20:04:55 UTC 2026
 0.0  0.0 grep --color=auto ./cli       1  2204
19.1  4.8 ./cli kernel images/4096x40   0 394632
19.2  4.8 ./cli kernel images/4096x40   1 394612
19.2  4.8 ./cli kernel images/4096x40   1 394592
19.4  4.8 ./cli kernel images/4096x40   0 394580
19.4  4.8 ./cli kernel images/4096x40   0 394572
  PID User     Command                         Swap      USS      PSS      RSS 
11472 codespace /usr/bin/python3 /usr/bin/s        0    12080    12269    14592 
 6844 codespace ./cli kernel images/4096x40        0   393320   393357   394580 
 6842 codespace ./cli kernel images/4096x40        0   393320   393359   394572 
 6848 codespace ./cli kernel images/4096x40        0   393320   393362   394612 
 6839 codespace ./cli kernel images/4096x40        0   393324   393363   394592 
 6846 codespace ./cli kernel images/4096x40        0   393324   393367   394632 
%CPU %MEM ARGS Sat Sep 26 20:04:56 UTC 2026
 0.0  0.0 grep --color=auto ./cli       0  2252
19.1  4.8 ./cli kernel images/4096x40   1 394632
19.2  4.8 ./cli kernel images/4096x40   1 394612
19.2  4.8 ./cli kernel images/4096x40   1 394592
19.4  4.8 ./cli kernel images/4096x40   1 394580
19.4  4.8 ./cli kernel images/4096x40   1 394572
  PID User     Command                         Swap      USS      PSS      RSS 
11503 codespace /usr/bin/python3 /usr/bin/s        0    12044    12239    14504 
 6842 codespace ./cli kernel images/4096x40        0   393320   393359   394572 
 6844 codespace ./cli kernel images/4096x40        0   393320   393359   394580 
 6848 codespace ./cli kernel images/4096x40        0   393320   393362   394612 
 6839 codespace ./cli kernel images/4096x40        0   393324   393363   394592 
 6846 codespace ./cli kernel images/4096x40        0   393324   393367   394632 
%CPU %MEM ARGS Sat Sep 26 20:04:58 UTC 2026
 0.0  0.0 grep --color=auto ./cli       0  2340
19.0  4.8 ./cli kernel images/4096x40   1 394632
19.2  4.8 ./cli kernel images/4096x40   1 394612
19.2  4.8 ./cli kernel images/4096x40   0 394592
19.3  4.8 ./cli kernel images/4096x40   1 394580
19.4  4.8 ./cli kernel images/4096x40   1 394572
  PID User     Command                         Swap      USS      PSS      RSS 
11513 codespace /usr/bin/python3 /usr/bin/s        0    12068    12284    14592 
 6842 codespace ./cli kernel images/4096x40        0   393320   393355   394572 
 6844 codespace ./cli kernel images/4096x40        0   393320   393356   394580 
 6839 codespace ./cli kernel images/4096x40        0   393324   393359   394592 
 6848 codespace ./cli kernel images/4096x40        0   393320   393362   394612 
 6846 codespace ./cli kernel images/4096x40        0   393324   393365   394632 
%CPU %MEM ARGS Sat Sep 26 20:04:59 UTC 2026
 0.0  0.0 grep --color=auto ./cli       0  2292
19.0  4.8 ./cli kernel images/4096x40   0 394632
19.1  4.8 ./cli kernel images/4096x40   1 394612
19.2  4.8 ./cli kernel images/4096x40   0 394592
19.3  4.8 ./cli kernel images/4096x40   1 394580
19.4  4.8 ./cli kernel images/4096x40   1 394572
  PID User     Command                         Swap      USS      PSS      RSS 
11526 codespace /usr/bin/python3 /usr/bin/s        0    12060    12246    14516 
 6842 codespace ./cli kernel images/4096x40        0   393320   393359   394572 
 6844 codespace ./cli kernel images/4096x40        0   393320   393359   394580 
 6848 codespace ./cli kernel images/4096x40        0   393320   393362   394612 
 6839 codespace ./cli kernel images/4096x40        0   393324   393364   394592 
 6846 codespace ./cli kernel images/4096x40        0   393324   393368   394632 
%CPU %MEM ARGS Sat Sep 26 20:05:00 UTC 2026
 0.0  0.0 grep --color=auto ./cli       0  2204
19.0  4.8 ./cli kernel images/4096x40   1 394632
19.1  4.8 ./cli kernel images/4096x40   1 394612
19.2  4.8 ./cli kernel images/4096x40   0 394592
19.3  4.8 ./cli kernel images/4096x40   1 394580
19.4  4.8 ./cli kernel images/4096x40   1 394572
  PID User     Command                         Swap      USS      PSS      RSS 
11538 codespace /usr/bin/python3 /usr/bin/s        0    12060    12227    14544 
 6842 codespace ./cli kernel images/4096x40        0   393320   393359   394572 
 6844 codespace ./cli kernel images/4096x40        0   393320   393359   394580 
 6848 codespace ./cli kernel images/4096x40        0   393320   393360   394612 
 6839 codespace ./cli kernel images/4096x40        0   393324   393363   394592 
 6846 codespace ./cli kernel images/4096x40        0   393324   393365   394632 
%CPU %MEM ARGS Sat Sep 26 20:05:01 UTC 2026
 0.0  0.0 grep --color=auto ./cli       1  2184
19.0  4.8 ./cli kernel images/4096x40   1 394632
19.1  4.8 ./cli kernel images/4096x40   1 394612
19.2  4.8 ./cli kernel images/4096x40   1 394592
19.3  4.8 ./cli kernel images/4096x40   1 394580
19.4  4.8 ./cli kernel images/4096x40   1 394572
  PID User     Command                         Swap      USS      PSS      RSS 
11549 codespace /usr/bin/python3 /usr/bin/s        0    12072    12285    14588 
 6842 codespace ./cli kernel images/4096x40        0   393320   393359   394572 
 6844 codespace ./cli kernel images/4096x40        0   393320   393359   394580 
 6848 codespace ./cli kernel images/4096x40        0   393320   393362   394612 
 6839 codespace ./cli kernel images/4096x40        0   393324   393363   394592 
 6846 codespace ./cli kernel images/4096x40        0   393324   393367   394632 
%CPU %MEM ARGS Sat Sep 26 20:05:03 UTC 2026
 0.0  0.0 grep --color=auto ./cli       0  2160
19.0  4.8 ./cli kernel images/4096x40   1 394632
19.1  4.8 ./cli kernel images/4096x40   1 394612
19.2  4.8 ./cli kernel images/4096x40   1 394592
19.3  4.8 ./cli kernel images/4096x40   1 394580
19.4  4.8 ./cli kernel images/4096x40   0 394572
  PID User     Command                         Swap      USS      PSS      RSS 
11556 codespace /usr/bin/python3 /usr/bin/s        0    12060    12243    14476 
 6842 codespace ./cli kernel images/4096x40        0   393320   393359   394572 
 6844 codespace ./cli kernel images/4096x40        0   393320   393360   394580 
 6848 codespace ./cli kernel images/4096x40        0   393320   393362   394612 
 6839 codespace ./cli kernel images/4096x40        0   393324   393363   394592 
 6846 codespace ./cli kernel images/4096x40        0   393324   393367   394632 
%CPU %MEM ARGS Sat Sep 26 20:05:04 UTC 2026
 0.0  0.0 grep --color=auto ./cli       0  2292
19.0  4.8 ./cli kernel images/4096x40   0 394632
19.1  4.8 ./cli kernel images/4096x40   0 394612
19.2  4.8 ./cli kernel images/4096x40   1 394592
19.3  4.8 ./cli kernel images/4096x40   0 394580
19.4  4.8 ./cli kernel images/4096x40   0 394572
  PID User     Command                         Swap      USS      PSS      RSS 
11569 codespace /usr/bin/python3 /usr/bin/s        0    12060    12263    14620 
 6842 codespace ./cli kernel images/4096x40        0   393320   393359   394572 
 6844 codespace ./cli kernel images/4096x40        0   393320   393359   394580 
 6848 codespace ./cli kernel images/4096x40        0   393320   393362   394612 
 6839 codespace ./cli kernel images/4096x40        0   393324   393363   394592 
 6846 codespace ./cli kernel images/4096x40        0   393324   393366   394632 
%CPU %MEM ARGS Sat Sep 26 20:05:06 UTC 2026
 0.0  0.0 grep --color=auto ./cli       0  2172
18.9  4.8 ./cli kernel images/4096x40   1 394632
19.0  4.8 ./cli kernel images/4096x40   1 394612
19.1  4.8 ./cli kernel images/4096x40   0 394592
19.2  4.8 ./cli kernel images/4096x40   1 394580
19.4  4.8 ./cli kernel images/4096x40   0 394572
  PID User     Command                         Swap      USS      PSS      RSS 
11584 codespace /usr/bin/python3 /usr/bin/s        0    12060    12226    14536 
 6844 codespace ./cli kernel images/4096x40        0   393320   393357   394580 
 6842 codespace ./cli kernel images/4096x40        0   393320   393359   394572 
 6848 codespace ./cli kernel images/4096x40        0   393320   393360   394612 
 6839 codespace ./cli kernel images/4096x40        0   393324   393363   394592 
 6846 codespace ./cli kernel images/4096x40        0   393324   393367   394632 
%CPU %MEM ARGS Sat Sep 26 20:05:07 UTC 2026
 0.0  0.0 grep --color=auto ./cli       1  2248
18.9  4.8 ./cli kernel images/4096x40   1 394632
19.0  4.8 ./cli kernel images/4096x40   1 394612
19.1  4.8 ./cli kernel images/4096x40   1 394592
19.2  4.8 ./cli kernel images/4096x40   0 394580
19.3  4.8 ./cli kernel images/4096x40   1 394572
  PID User     Command                         Swap      USS      PSS      RSS 
11617 codespace /usr/bin/python3 /usr/bin/s        0    12056    12244    14472 
 6842 codespace ./cli kernel images/4096x40        0   393320   393359   394572 
 6844 codespace ./cli kernel images/4096x40        0   393320   393359   394580 
 6848 codespace ./cli kernel images/4096x40        0   393320   393362   394612 
 6839 codespace ./cli kernel images/4096x40        0   393324   393363   394592 
 6846 codespace ./cli kernel images/4096x40        0   393324   393367   394632 
%CPU %MEM ARGS Sat Sep 26 20:05:08 UTC 2026
 0.0  0.0 grep --color=auto ./cli       1  2172
18.9  4.8 ./cli kernel images/4096x40   1 394632
19.0  4.8 ./cli kernel images/4096x40   0 394612
19.1  4.8 ./cli kernel images/4096x40   0 394592
19.2  4.8 ./cli kernel images/4096x40   1 394580
19.3  4.8 ./cli kernel images/4096x40   1 394572
  PID User     Command                         Swap      USS      PSS      RSS 
11623 codespace /usr/bin/python3 /usr/bin/s        0    12088    12295    14592 
 6842 codespace ./cli kernel images/4096x40        0   393320   393359   394572 
 6844 codespace ./cli kernel images/4096x40        0   393320   393359   394580 
 6848 codespace ./cli kernel images/4096x40        0   393320   393362   394612 
 6839 codespace ./cli kernel images/4096x40        0   393324   393363   394592 
 6846 codespace ./cli kernel images/4096x40        0   393324   393367   394632 
%CPU %MEM ARGS Sat Sep 26 20:05:10 UTC 2026
 0.0  0.0 grep --color=auto ./cli       1  2304
18.9  4.8 ./cli kernel images/4096x40   1 394632
19.0  4.8 ./cli kernel images/4096x40   0 394612
19.1  4.8 ./cli kernel images/4096x40   1 394592
19.2  4.8 ./cli kernel images/4096x40   1 394580
19.3  4.8 ./cli kernel images/4096x40   1 394572
  PID User     Command                         Swap      USS      PSS      RSS 
11633 codespace /usr/bin/python3 /usr/bin/s        0    12060    12248    14536 
 6842 codespace ./cli kernel images/4096x40        0   393320   393359   394572 
 6844 codespace ./cli kernel images/4096x40        0   393320   393359   394580 
 6848 codespace ./cli kernel images/4096x40        0   393320   393362   394612 
 6839 codespace ./cli kernel images/4096x40        0   393324   393364   394592 
 6846 codespace ./cli kernel images/4096x40        0   393324   393367   394632 
%CPU %MEM ARGS Sat Sep 26 20:05:11 UTC 2026
 0.0  0.0 grep --color=auto ./cli       1  2300
18.9  4.8 ./cli kernel images/4096x40   1 394632
19.0  4.8 ./cli kernel images/4096x40   1 394612
19.1  4.8 ./cli kernel images/4096x40   1 394592
19.2  4.8 ./cli kernel images/4096x40   0 394580
19.3  4.8 ./cli kernel images/4096x40   1 394572
  PID User     Command                         Swap      USS      PSS      RSS 
11647 codespace /usr/bin/python3 /usr/bin/s        0    12060    12252    14508 
 6842 codespace ./cli kernel images/4096x40        0   393320   393359   394572 
 6844 codespace ./cli kernel images/4096x40        0   393320   393359   394580 
 6848 codespace ./cli kernel images/4096x40        0   393320   393362   394612 
 6839 codespace ./cli kernel images/4096x40        0   393324   393363   394592 
 6846 codespace ./cli kernel images/4096x40        0   393324   393367   394632 
%CPU %MEM ARGS Sat Sep 26 20:05:12 UTC 2026
 0.0  0.0 grep --color=auto ./cli       1  2248
18.9  4.8 ./cli kernel images/4096x40   1 394632
19.0  4.8 ./cli kernel images/4096x40   1 394612
19.1  4.8 ./cli kernel images/4096x40   1 394592
19.2  4.8 ./cli kernel images/4096x40   1 394580
19.3  4.8 ./cli kernel images/4096x40   1 394572
  PID User     Command                         Swap      USS      PSS      RSS 
11658 codespace /usr/bin/python3 /usr/bin/s        0    12084    12279    14592 
 6842 codespace ./cli kernel images/4096x40        0   393320   393359   394572 
 6844 codespace ./cli kernel images/4096x40        0   393320   393359   394580 
 6848 codespace ./cli kernel images/4096x40        0   393320   393362   394612 
 6839 codespace ./cli kernel images/4096x40        0   393324   393363   394592 
 6846 codespace ./cli kernel images/4096x40        0   393324   393367   394632 
%CPU %MEM ARGS Sat Sep 26 20:05:13 UTC 2026
 0.0  0.0 grep --color=auto ./cli       0  2208
18.9  4.8 ./cli kernel images/4096x40   1 394632
19.0  4.8 ./cli kernel images/4096x40   1 394612
19.1  4.8 ./cli kernel images/4096x40   0 394592
19.2  4.8 ./cli kernel images/4096x40   1 394580
19.3  4.8 ./cli kernel images/4096x40   1 394572
  PID User     Command                         Swap      USS      PSS      RSS 
11670 codespace /usr/bin/python3 /usr/bin/s        0    12064    12257    14516 
 6842 codespace ./cli kernel images/4096x40        0   393320   393359   394572 
 6844 codespace ./cli kernel images/4096x40        0   393320   393359   394580 
 6848 codespace ./cli kernel images/4096x40        0   393320   393362   394612 
 6839 codespace ./cli kernel images/4096x40        0   393324   393363   394592 
 6846 codespace ./cli kernel images/4096x40        0   393324   393367   394632 
%CPU %MEM ARGS Sat Sep 26 20:05:15 UTC 2026
 0.0  0.0 grep --color=auto ./cli       0  2168
18.9  4.8 ./cli kernel images/4096x40   1 394632
19.0  4.8 ./cli kernel images/4096x40   1 394612
19.1  4.8 ./cli kernel images/4096x40   1 394592
19.2  4.8 ./cli kernel images/4096x40   0 394580
19.3  4.8 ./cli kernel images/4096x40   1 394572
  PID User     Command                         Swap      USS      PSS      RSS 
11680 codespace /usr/bin/python3 /usr/bin/s        0    12060    12244    14476 
 6839 codespace ./cli kernel images/4096x40        0   393324   393359   394592 
 6842 codespace ./cli kernel images/4096x40        0   393320   393359   394572 
 6844 codespace ./cli kernel images/4096x40        0   393320   393359   394580 
 6848 codespace ./cli kernel images/4096x40        0   393320   393362   394612 
 6846 codespace ./cli kernel images/4096x40        0   393324   393366   394632 
%CPU %MEM ARGS Sat Sep 26 20:05:16 UTC 2026
 0.0  0.0 grep --color=auto ./cli       1  2212
18.8  4.8 ./cli kernel images/4096x40   0 394632
18.9  4.8 ./cli kernel images/4096x40   1 394612
19.0  4.8 ./cli kernel images/4096x40   1 394592
19.2  4.8 ./cli kernel images/4096x40   1 394580
19.2  4.8 ./cli kernel images/4096x40   1 394572
  PID User     Command                         Swap      USS      PSS      RSS 
11693 codespace /usr/bin/python3 /usr/bin/s        0    12068    12256    14540 
 6842 codespace ./cli kernel images/4096x40        0   393320   393359   394572 
 6844 codespace ./cli kernel images/4096x40        0   393320   393359   394580 
 6848 codespace ./cli kernel images/4096x40        0   393320   393362   394612 
 6839 codespace ./cli kernel images/4096x40        0   393324   393363   394592 
 6846 codespace ./cli kernel images/4096x40        0   393324   393365   394632 
%CPU %MEM ARGS Sat Sep 26 20:05:17 UTC 2026
 0.0  0.0 grep --color=auto ./cli       1  2212
18.8  4.8 ./cli kernel images/4096x40   0 394632
18.9  4.8 ./cli kernel images/4096x40   0 394612
19.0  4.8 ./cli kernel images/4096x40   1 394592
19.2  4.8 ./cli kernel images/4096x40   0 394580
19.2  4.8 ./cli kernel images/4096x40   0 394572
  PID User     Command                         Swap      USS      PSS      RSS 
11723 codespace /usr/bin/python3 /usr/bin/s        0    12064    12253    14544 
 6842 codespace ./cli kernel images/4096x40        0   393320   393357   394572 
 6844 codespace ./cli kernel images/4096x40        0   393320   393357   394580 
 6848 codespace ./cli kernel images/4096x40        0   393320   393362   394612 
 6839 codespace ./cli kernel images/4096x40        0   393324   393363   394592 
 6846 codespace ./cli kernel images/4096x40        0   393324   393367   394632 
%CPU %MEM ARGS Sat Sep 26 20:05:19 UTC 2026
 0.0  0.0 grep --color=auto ./cli       0  2176
18.8  4.8 ./cli kernel images/4096x40   1 394632
18.9  4.8 ./cli kernel images/4096x40   1 394612
19.1  4.8 ./cli kernel images/4096x40   1 394592
19.2  4.8 ./cli kernel images/4096x40   0 394580
19.2  4.8 ./cli kernel images/4096x40   0 394572
  PID User     Command                         Swap      USS      PSS      RSS 
11735 codespace /usr/bin/python3 /usr/bin/s        0    11980    12203    14480 
 6844 codespace ./cli kernel images/4096x40        0   393320   393358   394580 
 6842 codespace ./cli kernel images/4096x40        0   393320   393359   394572 
 6848 codespace ./cli kernel images/4096x40        0   393320   393362   394612 
 6839 codespace ./cli kernel images/4096x40        0   393324   393363   394592 
 6846 codespace ./cli kernel images/4096x40        0   393324   393367   394632 
%CPU %MEM ARGS Sat Sep 26 20:05:20 UTC 2026
 0.0  0.0 grep --color=auto ./cli       1  2184
18.8  4.8 ./cli kernel images/4096x40   0 394632
18.9  4.8 ./cli kernel images/4096x40   0 394612
19.0  4.8 ./cli kernel images/4096x40   1 394592
19.2  4.8 ./cli kernel images/4096x40   1 394580
19.2  4.8 ./cli kernel images/4096x40   1 394572
  PID User     Command                         Swap      USS      PSS      RSS 
11746 codespace /usr/bin/python3 /usr/bin/s        0    12060    12255    14524 
 6842 codespace ./cli kernel images/4096x40        0   393320   393359   394572 
 6844 codespace ./cli kernel images/4096x40        0   393320   393359   394580 
 6848 codespace ./cli kernel images/4096x40        0   393320   393362   394612 
 6839 codespace ./cli kernel images/4096x40        0   393324   393363   394592 
 6846 codespace ./cli kernel images/4096x40        0   393324   393367   394632 
%CPU %MEM ARGS Sat Sep 26 20:05:22 UTC 2026
 0.0  0.0 grep --color=auto ./cli       1  2308
18.8  4.8 ./cli kernel images/4096x40   0 394632
18.9  4.8 ./cli kernel images/4096x40   1 394612
19.0  4.8 ./cli kernel images/4096x40   0 394592
19.1  4.8 ./cli kernel images/4096x40   0 394580
19.2  4.8 ./cli kernel images/4096x40   0 394572
  PID User     Command                         Swap      USS      PSS      RSS 
11758 codespace /usr/bin/python3 /usr/bin/s        0    12060    12245    14476 
 6842 codespace ./cli kernel images/4096x40        0   393320   393359   394572 
 6844 codespace ./cli kernel images/4096x40        0   393320   393359   394580 
 6848 codespace ./cli kernel images/4096x40        0   393320   393362   394612 
 6839 codespace ./cli kernel images/4096x40        0   393324   393363   394592 
 6846 codespace ./cli kernel images/4096x40        0   393324   393366   394632 
%CPU %MEM ARGS Sat Sep 26 20:05:23 UTC 2026
 0.0  0.0 grep --color=auto ./cli       0  2248
18.8  4.8 ./cli kernel images/4096x40   1 394632
18.9  4.8 ./cli kernel images/4096x40   0 394612
19.0  4.8 ./cli kernel images/4096x40   1 394592
19.1  4.8 ./cli kernel images/4096x40   0 394580
19.2  4.8 ./cli kernel images/4096x40   0 394572
  PID User     Command                         Swap      USS      PSS      RSS 
11767 codespace /usr/bin/python3 /usr/bin/s        0    12052    12220    14516 
 6842 codespace ./cli kernel images/4096x40        0   393320   393359   394572 
 6844 codespace ./cli kernel images/4096x40        0   393320   393359   394580 
 6848 codespace ./cli kernel images/4096x40        0   393320   393360   394612 
 6839 codespace ./cli kernel images/4096x40        0   393324   393363   394592 
 6846 codespace ./cli kernel images/4096x40        0   393324   393365   394632 
%CPU %MEM ARGS Sat Sep 26 20:05:24 UTC 2026
 0.0  0.0 grep --color=auto ./cli       0  2248
18.8  4.8 ./cli kernel images/4096x40   0 394632
18.9  4.8 ./cli kernel images/4096x40   1 394612
19.0  4.8 ./cli kernel images/4096x40   0 394592
19.1  4.8 ./cli kernel images/4096x40   1 394580
19.2  4.8 ./cli kernel images/4096x40   0 394572
  PID User     Command                         Swap      USS      PSS      RSS 
11784 codespace /usr/bin/python3 /usr/bin/s        0    12052    12243    14480 
 6842 codespace ./cli kernel images/4096x40        0   393320   393359   394572 
 6844 codespace ./cli kernel images/4096x40        0   393320   393359   394580 
 6848 codespace ./cli kernel images/4096x40        0   393320   393362   394612 
 6839 codespace ./cli kernel images/4096x40        0   393324   393363   394592 
 6846 codespace ./cli kernel images/4096x40        0   393324   393367   394632 
%CPU %MEM ARGS Sat Sep 26 20:05:25 UTC 2026
 0.0  0.0 grep --color=auto ./cli       0  2180
18.7  4.8 ./cli kernel images/4096x40   1 394632
18.8  4.8 ./cli kernel images/4096x40   0 394612
19.0  4.8 ./cli kernel images/4096x40   0 394592
19.1  4.8 ./cli kernel images/4096x40   1 394580
19.2  4.8 ./cli kernel images/4096x40   1 394572
  PID User     Command                         Swap      USS      PSS      RSS 
11791 codespace /usr/bin/python3 /usr/bin/s        0    12076    12272    14616 
 6842 codespace ./cli kernel images/4096x40        0   393320   393358   394572 
 6844 codespace ./cli kernel images/4096x40        0   393320   393359   394580 
 6848 codespace ./cli kernel images/4096x40        0   393320   393362   394612 
 6839 codespace ./cli kernel images/4096x40        0   393324   393363   394592 
 6846 codespace ./cli kernel images/4096x40        0   393324   393367   394632 
%CPU %MEM ARGS Sat Sep 26 20:05:27 UTC 2026
 0.0  0.0 grep --color=auto ./cli       0  2248
18.7  4.8 ./cli kernel images/4096x40   1 394632
18.8  4.8 ./cli kernel images/4096x40   0 394612
19.0  4.8 ./cli kernel images/4096x40   1 394592
19.1  4.8 ./cli kernel images/4096x40   1 394580
19.1  4.8 ./cli kernel images/4096x40   1 394572
  PID User     Command                         Swap      USS      PSS      RSS 
11806 codespace /usr/bin/python3 /usr/bin/s        0    12060    12256    14524 
 6844 codespace ./cli kernel images/4096x40        0   393320   393357   394580 
 6842 codespace ./cli kernel images/4096x40        0   393320   393359   394572 
 6848 codespace ./cli kernel images/4096x40        0   393320   393362   394612 
 6839 codespace ./cli kernel images/4096x40        0   393324   393363   394592 
 6846 codespace ./cli kernel images/4096x40        0   393324   393367   394632 
%CPU %MEM ARGS Sat Sep 26 20:05:28 UTC 2026
 0.0  0.0 grep --color=auto ./cli       1  2192
18.7  4.8 ./cli kernel images/4096x40   0 394632
18.8  4.8 ./cli kernel images/4096x40   0 394612
19.0  4.8 ./cli kernel images/4096x40   1 394592
19.1  4.8 ./cli kernel images/4096x40   0 394580
19.1  4.8 ./cli kernel images/4096x40   1 394572
  PID User     Command                         Swap      USS      PSS      RSS 
11830 codespace /usr/bin/python3 /usr/bin/s        0    12060    12249    14540 
 6844 codespace ./cli kernel images/4096x40        0   393320   393355   394580 
 6842 codespace ./cli kernel images/4096x40        0   393320   393358   394572 
 6848 codespace ./cli kernel images/4096x40        0   393320   393362   394612 
 6839 codespace ./cli kernel images/4096x40        0   393324   393364   394592 
 6846 codespace ./cli kernel images/4096x40        0   393324   393367   394632 
%CPU %MEM ARGS Sat Sep 26 20:05:30 UTC 2026
 0.0  0.0 grep --color=auto ./cli       1  2164
18.7  4.8 ./cli kernel images/4096x40   1 394632
18.8  4.8 ./cli kernel images/4096x40   0 394612
19.0  4.8 ./cli kernel images/4096x40   1 394592
19.1  4.8 ./cli kernel images/4096x40   1 394580
19.1  4.8 ./cli kernel images/4096x40   1 394572
  PID User     Command                         Swap      USS      PSS      RSS 
11848 codespace /usr/bin/python3 /usr/bin/s        0    12064    12260    14564 
 6842 codespace ./cli kernel images/4096x40        0   393320   393359   394572 
 6844 codespace ./cli kernel images/4096x40        0   393320   393359   394580 
 6848 codespace ./cli kernel images/4096x40        0   393320   393362   394612 
 6839 codespace ./cli kernel images/4096x40        0   393324   393364   394592 
 6846 codespace ./cli kernel images/4096x40        0   393324   393367   394632 
%CPU %MEM ARGS Sat Sep 26 20:05:31 UTC 2026
 0.0  0.0 grep --color=auto ./cli       0  2344
18.7  4.8 ./cli kernel images/4096x40   1 394632
18.8  4.8 ./cli kernel images/4096x40   1 394612
18.9  4.8 ./cli kernel images/4096x40   0 394592
19.0  4.8 ./cli kernel images/4096x40   1 394580
19.1  4.8 ./cli kernel images/4096x40   1 394572
  PID User     Command                         Swap      USS      PSS      RSS 
11854 codespace /usr/bin/python3 /usr/bin/s        0    12088    12266    14592 
 6839 codespace ./cli kernel images/4096x40        0   393324   393358   394592 
 6848 codespace ./cli kernel images/4096x40        0   393320   393358   394612 
 6842 codespace ./cli kernel images/4096x40        0   393320   393359   394572 
 6844 codespace ./cli kernel images/4096x40        0   393320   393359   394580 
 6846 codespace ./cli kernel images/4096x40        0   393324   393367   394632 
%CPU %MEM ARGS Sat Sep 26 20:05:32 UTC 2026
 0.0  0.0 grep --color=auto ./cli       1  2184
18.7  4.8 ./cli kernel images/4096x40   1 394632
18.8  4.8 ./cli kernel images/4096x40   1 394612
18.9  4.8 ./cli kernel images/4096x40   1 394592
19.0  4.8 ./cli kernel images/4096x40   1 394580
19.1  4.8 ./cli kernel images/4096x40   1 394572
  PID User     Command                         Swap      USS      PSS      RSS 
11871 codespace /usr/bin/python3 /usr/bin/s        0    12024    12214    14488 
 6842 codespace ./cli kernel images/4096x40        0   393320   393359   394572 
 6844 codespace ./cli kernel images/4096x40        0   393320   393359   394580 
 6848 codespace ./cli kernel images/4096x40        0   393320   393362   394612 
 6839 codespace ./cli kernel images/4096x40        0   393324   393364   394592 
 6846 codespace ./cli kernel images/4096x40        0   393324   393367   394632 
%CPU %MEM ARGS Sat Sep 26 20:05:34 UTC 2026
 0.0  0.0 grep --color=auto ./cli       0  2184
18.7  4.8 ./cli kernel images/4096x40   0 394632
18.8  4.8 ./cli kernel images/4096x40   1 394612
18.9  4.8 ./cli kernel images/4096x40   1 394592
19.0  4.8 ./cli kernel images/4096x40   0 394580
19.1  4.8 ./cli kernel images/4096x40   1 394572
  PID User     Command                         Swap      USS      PSS      RSS 
11877 codespace /usr/bin/python3 /usr/bin/s        0    12060    12249    14536 
 6842 codespace ./cli kernel images/4096x40        0   393320   393359   394572 
 6844 codespace ./cli kernel images/4096x40        0   393320   393359   394580 
 6848 codespace ./cli kernel images/4096x40        0   393320   393362   394612 
 6839 codespace ./cli kernel images/4096x40        0   393324   393363   394592 
 6846 codespace ./cli kernel images/4096x40        0   393324   393367   394632 
%CPU %MEM ARGS Sat Sep 26 20:05:35 UTC 2026
 0.0  0.0 grep --color=auto ./cli       1  2192
18.7  4.8 ./cli kernel images/4096x40   1 394632
18.8  4.8 ./cli kernel images/4096x40   0 394612
18.9  4.8 ./cli kernel images/4096x40   0 394592
19.0  4.8 ./cli kernel images/4096x40   1 394580
19.1  4.8 ./cli kernel images/4096x40   1 394572
  PID User     Command                         Swap      USS      PSS      RSS 
11883 codespace /usr/bin/python3 /usr/bin/s        0    12060    12265    14620 
 6842 codespace ./cli kernel images/4096x40        0   393320   393359   394572 
 6844 codespace ./cli kernel images/4096x40        0   393320   393359   394580 
 6848 codespace ./cli kernel images/4096x40        0   393320   393362   394612 
 6839 codespace ./cli kernel images/4096x40        0   393324   393363   394592 
 6846 codespace ./cli kernel images/4096x40        0   393324   393367   394632 
%CPU %MEM ARGS Sat Sep 26 20:05:36 UTC 2026
 0.0  0.0 grep --color=auto ./cli       0  2208
18.7  4.8 ./cli kernel images/4096x40   1 394632
18.7  4.8 ./cli kernel images/4096x40   1 394612
18.9  4.8 ./cli kernel images/4096x40   1 394592
19.0  4.8 ./cli kernel images/4096x40   1 394580
19.0  4.8 ./cli kernel images/4096x40   1 394572
  PID User     Command                         Swap      USS      PSS      RSS 
11902 codespace /usr/bin/python3 /usr/bin/s        0    12064    12240    14480 
 6842 codespace ./cli kernel images/4096x40        0   393320   393354   394572 
 6844 codespace ./cli kernel images/4096x40        0   393320   393357   394580 
 6848 codespace ./cli kernel images/4096x40        0   393320   393358   394612 
 6839 codespace ./cli kernel images/4096x40        0   393324   393363   394592 
 6846 codespace ./cli kernel images/4096x40        0   393324   393365   394632 
%CPU %MEM ARGS Sat Sep 26 20:05:38 UTC 2026
 0.0  0.0 grep --color=auto ./cli       1  2164
18.7  4.8 ./cli kernel images/4096x40   1 394632
18.7  4.8 ./cli kernel images/4096x40   1 394612
18.9  4.8 ./cli kernel images/4096x40   1 394592
19.0  4.8 ./cli kernel images/4096x40   1 394580
19.0  4.8 ./cli kernel images/4096x40   1 394572
  PID User     Command                         Swap      USS      PSS      RSS 
11918 codespace /usr/bin/python3 /usr/bin/s        0    12076    12287    14588 
 6842 codespace ./cli kernel images/4096x40        0   393320   393359   394572 
 6844 codespace ./cli kernel images/4096x40        0   393320   393359   394580 
 6848 codespace ./cli kernel images/4096x40        0   393320   393362   394612 
 6839 codespace ./cli kernel images/4096x40        0   393324   393363   394592 
 6846 codespace ./cli kernel images/4096x40        0   393324   393367   394632 
%CPU %MEM ARGS Sat Sep 26 20:05:39 UTC 2026
 0.0  0.0 grep --color=auto ./cli       1  2176
18.7  4.8 ./cli kernel images/4096x40   0 394632
18.7  4.8 ./cli kernel images/4096x40   1 394612
18.9  4.8 ./cli kernel images/4096x40   0 394592
19.0  4.8 ./cli kernel images/4096x40   1 394580
19.0  4.8 ./cli kernel images/4096x40   1 394572
  PID User     Command                         Swap      USS      PSS      RSS 
11943 codespace /usr/bin/python3 /usr/bin/s        0    12048    12240    14476 
 6842 codespace ./cli kernel images/4096x40        0   393320   393359   394572 
 6844 codespace ./cli kernel images/4096x40        0   393320   393359   394580 
 6848 codespace ./cli kernel images/4096x40        0   393320   393362   394612 
 6839 codespace ./cli kernel images/4096x40        0   393324   393363   394592 
 6846 codespace ./cli kernel images/4096x40        0   393324   393367   394632 
%CPU %MEM ARGS Sat Sep 26 20:05:41 UTC 2026
 0.0  0.0 grep --color=auto ./cli       0  2156
18.7  4.8 ./cli kernel images/4096x40   0 394612
18.7  4.8 ./cli kernel images/4096x40   1 394632
18.9  4.8 ./cli kernel images/4096x40   0 394592
18.9  4.8 ./cli kernel images/4096x40   1 394580
19.0  4.8 ./cli kernel images/4096x40   0 394572
  PID User     Command                         Swap      USS      PSS      RSS 
11949 codespace /usr/bin/python3 /usr/bin/s        0    12052    12244    14480 
 6842 codespace ./cli kernel images/4096x40        0   393320   393359   394572 
 6844 codespace ./cli kernel images/4096x40        0   393320   393359   394580 
 6848 codespace ./cli kernel images/4096x40        0   393320   393362   394612 
 6839 codespace ./cli kernel images/4096x40        0   393324   393363   394592 
 6846 codespace ./cli kernel images/4096x40        0   393324   393367   394632 
%CPU %MEM ARGS Sat Sep 26 20:05:42 UTC 2026
 0.0  0.0 grep --color=auto ./cli       1  2176
18.7  4.8 ./cli kernel images/4096x40   1 394632
18.7  4.8 ./cli kernel images/4096x40   0 394612
18.8  4.8 ./cli kernel images/4096x40   0 394592
18.9  4.8 ./cli kernel images/4096x40   1 394580
19.0  4.8 ./cli kernel images/4096x40   0 394572
  PID User     Command                         Swap      USS      PSS      RSS 
11967 codespace /usr/bin/python3 /usr/bin/s        0    11988    12211    14544 
 6842 codespace ./cli kernel images/4096x40        0   393320   393359   394572 
 6844 codespace ./cli kernel images/4096x40        0   393320   393359   394580 
 6839 codespace ./cli kernel images/4096x40        0   393324   393360   394592 
 6848 codespace ./cli kernel images/4096x40        0   393320   393360   394612 
 6846 codespace ./cli kernel images/4096x40        0   393324   393366   394632 
%CPU %MEM ARGS Sat Sep 26 20:05:43 UTC 2026
 0.0  0.0 grep --color=auto ./cli       0  2248
18.7  4.8 ./cli kernel images/4096x40   1 394632
18.7  4.8 ./cli kernel images/4096x40   0 394612
18.8  4.8 ./cli kernel images/4096x40   0 394592
18.9  4.8 ./cli kernel images/4096x40   0 394580
19.0  4.8 ./cli kernel images/4096x40   0 394572
  PID User     Command                         Swap      USS      PSS      RSS 
11983 codespace /usr/bin/python3 /usr/bin/s        0    12076    12269    14584 
 6842 codespace ./cli kernel images/4096x40        0   393320   393359   394572 
 6844 codespace ./cli kernel images/4096x40        0   393320   393359   394580 
 6848 codespace ./cli kernel images/4096x40        0   393320   393362   394612 
 6839 codespace ./cli kernel images/4096x40        0   393324   393363   394592 
 6846 codespace ./cli kernel images/4096x40        0   393324   393367   394632 
%CPU %MEM ARGS Sat Sep 26 20:05:45 UTC 2026
 0.0  0.0 grep --color=auto ./cli       1  2340
18.7  4.8 ./cli kernel images/4096x40   0 394632
18.7  4.8 ./cli kernel images/4096x40   0 394612
18.8  4.8 ./cli kernel images/4096x40   0 394592
18.9  4.8 ./cli kernel images/4096x40   1 394580
19.0  4.8 ./cli kernel images/4096x40   0 394572
  PID User     Command                         Swap      USS      PSS      RSS 
11990 codespace /usr/bin/python3 /usr/bin/s        0    12076    12242    14504 
 6842 codespace ./cli kernel images/4096x40        0   393320   393359   394572 
 6844 codespace ./cli kernel images/4096x40        0   393320   393359   394580 
 6848 codespace ./cli kernel images/4096x40        0   393320   393362   394612 
 6839 codespace ./cli kernel images/4096x40        0   393324   393363   394592 
 6846 codespace ./cli kernel images/4096x40        0   393324   393367   394632 
%CPU %MEM ARGS Sat Sep 26 20:05:46 UTC 2026
 0.0  0.0 grep --color=auto ./cli       0  2300
18.6  4.8 ./cli kernel images/4096x40   1 394632
18.7  4.8 ./cli kernel images/4096x40   0 394612
18.8  4.8 ./cli kernel images/4096x40   0 394592
18.9  4.8 ./cli kernel images/4096x40   1 394580
19.0  4.8 ./cli kernel images/4096x40   0 394572
  PID User     Command                         Swap      USS      PSS      RSS 
11996 codespace /usr/bin/python3 /usr/bin/s        0    12060    12245    14476 
 6842 codespace ./cli kernel images/4096x40        0   393320   393359   394572 
 6844 codespace ./cli kernel images/4096x40        0   393320   393359   394580 
 6848 codespace ./cli kernel images/4096x40        0   393320   393362   394612 
 6839 codespace ./cli kernel images/4096x40        0   393324   393363   394592 
 6846 codespace ./cli kernel images/4096x40        0   393324   393367   394632 
%CPU %MEM ARGS Sat Sep 26 20:05:47 UTC 2026
 0.0  0.0 grep --color=auto ./cli       0  2252
18.7  4.8 ./cli kernel images/4096x40   0 394632
18.7  4.8 ./cli kernel images/4096x40   0 394612
18.8  4.8 ./cli kernel images/4096x40   0 394592
18.9  4.8 ./cli kernel images/4096x40   0 394580
19.0  4.8 ./cli kernel images/4096x40   0 394572
  PID User     Command                         Swap      USS      PSS      RSS 
12008 codespace /usr/bin/python3 /usr/bin/s        0    12060    12249    14544 
 6842 codespace ./cli kernel images/4096x40        0   393320   393355   394572 
 6844 codespace ./cli kernel images/4096x40        0   393320   393359   394580 
 6839 codespace ./cli kernel images/4096x40        0   393324   393360   394592 
 6848 codespace ./cli kernel images/4096x40        0   393320   393362   394612 
 6846 codespace ./cli kernel images/4096x40        0   393324   393367   394632 
%CPU %MEM ARGS Sat Sep 26 20:05:48 UTC 2026
 0.0  0.0 grep --color=auto ./cli       1  2160
18.6  4.8 ./cli kernel images/4096x40   1 394632
18.6  4.8 ./cli kernel images/4096x40   0 394612
18.8  4.8 ./cli kernel images/4096x40   0 394592
18.9  4.8 ./cli kernel images/4096x40   0 394580
18.9  4.8 ./cli kernel images/4096x40   0 394572
  PID User     Command                         Swap      USS      PSS      RSS 
12024 codespace /usr/bin/python3 /usr/bin/s        0    12056    12245    14540 
 6842 codespace ./cli kernel images/4096x40        0   393320   393359   394572 
 6844 codespace ./cli kernel images/4096x40        0   393320   393359   394580 
 6848 codespace ./cli kernel images/4096x40        0   393320   393362   394612 
 6839 codespace ./cli kernel images/4096x40        0   393324   393363   394592 
 6846 codespace ./cli kernel images/4096x40        0   393324   393367   394632 
%CPU %MEM ARGS Sat Sep 26 20:05:50 UTC 2026
 0.0  0.0 grep --color=auto ./cli       1  2288
18.6  4.8 ./cli kernel images/4096x40   0 394612
18.6  4.8 ./cli kernel images/4096x40   1 394632
18.8  4.8 ./cli kernel images/4096x40   1 394592
18.9  4.8 ./cli kernel images/4096x40   1 394580
18.9  4.8 ./cli kernel images/4096x40   1 394572
  PID User     Command                         Swap      USS      PSS      RSS 
12055 codespace /usr/bin/python3 /usr/bin/s        0    12060    12255    14520 
 6842 codespace ./cli kernel images/4096x40        0   393320   393359   394572 
 6844 codespace ./cli kernel images/4096x40        0   393320   393359   394580 
 6848 codespace ./cli kernel images/4096x40        0   393320   393362   394612 
 6839 codespace ./cli kernel images/4096x40        0   393324   393363   394592 
 6846 codespace ./cli kernel images/4096x40        0   393324   393367   394632 
%CPU %MEM ARGS Sat Sep 26 20:05:51 UTC 2026
 0.0  0.0 grep --color=auto ./cli       0  2184
18.6  4.8 ./cli kernel images/4096x40   0 394612
18.6  4.8 ./cli kernel images/4096x40   0 394632
18.8  4.8 ./cli kernel images/4096x40   0 394592
18.8  4.8 ./cli kernel images/4096x40   0 394580
18.9  4.8 ./cli kernel images/4096x40   0 394572
  PID User     Command                         Swap      USS      PSS      RSS 
12061 codespace /usr/bin/python3 /usr/bin/s        0    12072    12256    14488 
 6842 codespace ./cli kernel images/4096x40        0   393320   393359   394572 
 6844 codespace ./cli kernel images/4096x40        0   393320   393359   394580 
 6848 codespace ./cli kernel images/4096x40        0   393320   393362   394612 
 6839 codespace ./cli kernel images/4096x40        0   393324   393363   394592 
 6846 codespace ./cli kernel images/4096x40        0   393324   393366   394632 
%CPU %MEM ARGS Sat Sep 26 20:05:52 UTC 2026
 0.0  0.0 grep --color=auto ./cli       0  2292
18.6  4.8 ./cli kernel images/4096x40   0 394612
18.6  4.8 ./cli kernel images/4096x40   0 394632
18.8  4.8 ./cli kernel images/4096x40   1 394592
18.8  4.8 ./cli kernel images/4096x40   0 394580
18.9  4.8 ./cli kernel images/4096x40   0 394572
  PID User     Command                         Swap      USS      PSS      RSS 
12067 codespace /usr/bin/python3 /usr/bin/s        0    12044    12239    14508 
 6842 codespace ./cli kernel images/4096x40        0   393320   393359   394572 
 6844 codespace ./cli kernel images/4096x40        0   393320   393359   394580 
 6848 codespace ./cli kernel images/4096x40        0   393320   393362   394612 
 6839 codespace ./cli kernel images/4096x40        0   393324   393363   394592 
 6846 codespace ./cli kernel images/4096x40        0   393324   393367   394632 
%CPU %MEM ARGS Sat Sep 26 20:05:54 UTC 2026
 0.0  0.0 grep --color=auto ./cli       0  2184
18.6  4.8 ./cli kernel images/4096x40   0 394632
18.6  4.8 ./cli kernel images/4096x40   1 394612
18.8  4.8 ./cli kernel images/4096x40   0 394592
18.9  4.8 ./cli kernel images/4096x40   0 394580
18.9  4.8 ./cli kernel images/4096x40   0 394572
  PID User     Command                         Swap      USS      PSS      RSS 
12079 codespace /usr/bin/python3 /usr/bin/s        0    11988    12215    14544 
 6842 codespace ./cli kernel images/4096x40        0   393320   393359   394572 
 6844 codespace ./cli kernel images/4096x40        0   393320   393359   394580 
 6848 codespace ./cli kernel images/4096x40        0   393320   393360   394612 
 6839 codespace ./cli kernel images/4096x40        0   393324   393363   394592 
 6846 codespace ./cli kernel images/4096x40        0   393324   393364   394632 
%CPU %MEM ARGS Sat Sep 26 20:05:55 UTC 2026
 0.0  0.0 grep --color=auto ./cli       0  2196
18.6  4.8 ./cli kernel images/4096x40   0 394612
18.6  4.8 ./cli kernel images/4096x40   0 394632
18.7  4.8 ./cli kernel images/4096x40   0 394592
18.8  4.8 ./cli kernel images/4096x40   0 394580
18.9  4.8 ./cli kernel images/4096x40   0 394572
  PID User     Command                         Swap      USS      PSS      RSS 
12102 codespace /usr/bin/python3 /usr/bin/s        0    12060    12248    14540 
 6842 codespace ./cli kernel images/4096x40        0   393320   393359   394572 
 6844 codespace ./cli kernel images/4096x40        0   393320   393359   394580 
 6848 codespace ./cli kernel images/4096x40        0   393320   393362   394612 
 6839 codespace ./cli kernel images/4096x40        0   393324   393363   394592 
 6846 codespace ./cli kernel images/4096x40        0   393324   393367   394632 
%CPU %MEM ARGS Sat Sep 26 20:05:56 UTC 2026
 0.0  0.0 grep --color=auto ./cli       0  2344
18.6  4.8 ./cli kernel images/4096x40   0 394612
18.6  4.8 ./cli kernel images/4096x40   1 394632
18.7  4.8 ./cli kernel images/4096x40   0 394592
18.9  4.8 ./cli kernel images/4096x40   0 394580
18.9  4.8 ./cli kernel images/4096x40   0 394572
  PID User     Command                         Swap      USS      PSS      RSS 
12108 codespace /usr/bin/python3 /usr/bin/s        0    12060    12243    14476 
 6842 codespace ./cli kernel images/4096x40        0   393320   393359   394572 
 6844 codespace ./cli kernel images/4096x40        0   393320   393359   394580 
 6848 codespace ./cli kernel images/4096x40        0   393320   393362   394612 
 6839 codespace ./cli kernel images/4096x40        0   393324   393363   394592 
 6846 codespace ./cli kernel images/4096x40        0   393324   393367   394632 
%CPU %MEM ARGS Sat Sep 26 20:05:57 UTC 2026
 0.0  0.0 grep --color=auto ./cli       0  2296
18.6  4.8 ./cli kernel images/4096x40   0 394612
18.6  4.8 ./cli kernel images/4096x40   0 394632
18.7  4.8 ./cli kernel images/4096x40   0 394592
18.8  4.8 ./cli kernel images/4096x40   0 394580
18.9  4.8 ./cli kernel images/4096x40   0 394572
  PID User     Command                         Swap      USS      PSS      RSS 
12114 codespace /usr/bin/python3 /usr/bin/s        0    12076    12273    14576 
 6842 codespace ./cli kernel images/4096x40        0   393320   393359   394572 
 6844 codespace ./cli kernel images/4096x40        0   393320   393359   394580 
 6848 codespace ./cli kernel images/4096x40        0   393320   393362   394612 
 6839 codespace ./cli kernel images/4096x40        0   393324   393363   394592 
 6846 codespace ./cli kernel images/4096x40        0   393324   393367   394632 
%CPU %MEM ARGS Sat Sep 26 20:05:59 UTC 2026
 0.0  0.0 grep --color=auto ./cli       0  2176
18.5  4.8 ./cli kernel images/4096x40   1 394612
18.6  4.8 ./cli kernel images/4096x40   1 394632
18.7  4.8 ./cli kernel images/4096x40   1 394592
18.8  4.8 ./cli kernel images/4096x40   1 394580
18.8  4.8 ./cli kernel images/4096x40   0 394572
  PID User     Command                         Swap      USS      PSS      RSS 
12126 codespace /usr/bin/python3 /usr/bin/s        0    12060    12249    14516 
 6842 codespace ./cli kernel images/4096x40        0   393320   393357   394572 
 6844 codespace ./cli kernel images/4096x40        0   393320   393359   394580 
 6848 codespace ./cli kernel images/4096x40        0   393320   393361   394612 
 6839 codespace ./cli kernel images/4096x40        0   393324   393364   394592 
 6846 codespace ./cli kernel images/4096x40        0   393324   393367   394632 
%CPU %MEM ARGS Sat Sep 26 20:06:00 UTC 2026
 0.0  0.0 grep --color=auto ./cli       0  2248
18.5  4.8 ./cli kernel images/4096x40   1 394632
18.5  4.8 ./cli kernel images/4096x40   0 394612
18.7  4.8 ./cli kernel images/4096x40   1 394592
18.8  4.8 ./cli kernel images/4096x40   1 394580
18.8  4.8 ./cli kernel images/4096x40   1 394572
  PID User     Command                         Swap      USS      PSS      RSS 
12159 codespace /usr/bin/python3 /usr/bin/s        0    12072    12257    14508 
 6842 codespace ./cli kernel images/4096x40        0   393320   393359   394572 
 6844 codespace ./cli kernel images/4096x40        0   393320   393359   394580 
 6848 codespace ./cli kernel images/4096x40        0   393320   393360   394612 
 6839 codespace ./cli kernel images/4096x40        0   393324   393363   394592 
 6846 codespace ./cli kernel images/4096x40        0   393324   393363   394632 
%CPU %MEM ARGS Sat Sep 26 20:06:02 UTC 2026
 0.0  0.0 grep --color=auto ./cli       1  2156
18.5  4.8 ./cli kernel images/4096x40   1 394632
18.5  4.8 ./cli kernel images/4096x40   1 394612
18.7  4.8 ./cli kernel images/4096x40   1 394592
18.8  4.8 ./cli kernel images/4096x40   1 394572
18.8  4.8 ./cli kernel images/4096x40   0 394580
  PID User     Command                         Swap      USS      PSS      RSS 
12172 codespace /usr/bin/python3 /usr/bin/s        0    12060    12247    14540 
 6842 codespace ./cli kernel images/4096x40        0   393320   393359   394572 
 6844 codespace ./cli kernel images/4096x40        0   393320   393359   394580 
 6848 codespace ./cli kernel images/4096x40        0   393320   393362   394612 
 6839 codespace ./cli kernel images/4096x40        0   393324   393363   394592 
 6846 codespace ./cli kernel images/4096x40        0   393324   393367   394632 
%CPU %MEM ARGS Sat Sep 26 20:06:03 UTC 2026
 0.0  0.0 grep --color=auto ./cli       1  2160
18.5  4.8 ./cli kernel images/4096x40   1 394632
18.5  4.8 ./cli kernel images/4096x40   1 394612
18.7  4.8 ./cli kernel images/4096x40   1 394592
18.8  4.8 ./cli kernel images/4096x40   0 394572
18.8  4.8 ./cli kernel images/4096x40   1 394580
  PID User     Command                         Swap      USS      PSS      RSS 
12178 codespace /usr/bin/python3 /usr/bin/s        0    12060    12250    14544 
 6842 codespace ./cli kernel images/4096x40        0   393320   393359   394572 
 6844 codespace ./cli kernel images/4096x40        0   393320   393359   394580 
 6848 codespace ./cli kernel images/4096x40        0   393320   393362   394612 
 6839 codespace ./cli kernel images/4096x40        0   393324   393363   394592 
 6846 codespace ./cli kernel images/4096x40        0   393324   393367   394632 
%CPU %MEM ARGS Sat Sep 26 20:06:04 UTC 2026
 0.0  0.0 grep --color=auto ./cli       1  2292
18.5  4.8 ./cli kernel images/4096x40   0 394632
18.5  4.8 ./cli kernel images/4096x40   0 394612
18.7  4.8 ./cli kernel images/4096x40   0 394592
18.8  4.8 ./cli kernel images/4096x40   0 394572
18.8  4.8 ./cli kernel images/4096x40   1 394580
  PID User     Command                         Swap      USS      PSS      RSS 
12184 codespace /usr/bin/python3 /usr/bin/s        0    12072    12258    14508 
 6842 codespace ./cli kernel images/4096x40        0   393320   393359   394572 
 6844 codespace ./cli kernel images/4096x40        0   393320   393359   394580 
 6848 codespace ./cli kernel images/4096x40        0   393320   393362   394612 
 6839 codespace ./cli kernel images/4096x40        0   393324   393363   394592 
 6846 codespace ./cli kernel images/4096x40        0   393324   393367   394632 
%CPU %MEM ARGS Sat Sep 26 20:06:05 UTC 2026
 0.0  0.0 grep --color=auto ./cli       0  2288
18.5  4.8 ./cli kernel images/4096x40   0 394632
18.5  4.8 ./cli kernel images/4096x40   0 394612
18.7  4.8 ./cli kernel images/4096x40   0 394592
18.8  4.8 ./cli kernel images/4096x40   0 394572
18.8  4.8 ./cli kernel images/4096x40   0 394580
  PID User     Command                         Swap      USS      PSS      RSS 
12200 codespace /usr/bin/python3 /usr/bin/s        0    12060    12254    14520 
 6842 codespace ./cli kernel images/4096x40        0   393320   393359   394572 
 6844 codespace ./cli kernel images/4096x40        0   393320   393359   394580 
 6848 codespace ./cli kernel images/4096x40        0   393320   393362   394612 
 6839 codespace ./cli kernel images/4096x40        0   393324   393363   394592 
 6846 codespace ./cli kernel images/4096x40        0   393324   393367   394632 
%CPU %MEM ARGS Sat Sep 26 20:06:07 UTC 2026
 0.0  0.0 grep --color=auto ./cli       1  2260
18.5  4.8 ./cli kernel images/4096x40   0 394632
18.5  4.8 ./cli kernel images/4096x40   0 394612
18.7  4.8 ./cli kernel images/4096x40   0 394592
18.8  4.8 ./cli kernel images/4096x40   0 394580
18.8  4.8 ./cli kernel images/4096x40   1 394572
  PID User     Command                         Swap      USS      PSS      RSS 
12213 codespace /usr/bin/python3 /usr/bin/s        0    12060    12244    14476 
 6842 codespace ./cli kernel images/4096x40        0   393320   393359   394572 
 6844 codespace ./cli kernel images/4096x40        0   393320   393359   394580 
 6846 codespace ./cli kernel images/4096x40        0   393324   393362   394632 
 6848 codespace ./cli kernel images/4096x40        0   393320   393362   394612 
 6839 codespace ./cli kernel images/4096x40        0   393324   393363   394592 
%CPU %MEM ARGS Sat Sep 26 20:06:08 UTC 2026
 0.0  0.0 grep --color=auto ./cli       0  2300
18.5  4.8 ./cli kernel images/4096x40   0 394632
18.5  4.8 ./cli kernel images/4096x40   1 394612
18.6  4.8 ./cli kernel images/4096x40   0 394592
18.8  4.8 ./cli kernel images/4096x40   0 394580
18.8  4.8 ./cli kernel images/4096x40   0 394572
  PID User     Command                         Swap      USS      PSS      RSS 
12225 codespace /usr/bin/python3 /usr/bin/s        0    12060    12249    14540 
 6842 codespace ./cli kernel images/4096x40        0   393320   393359   394572 
 6844 codespace ./cli kernel images/4096x40        0   393320   393359   394580 
 6848 codespace ./cli kernel images/4096x40        0   393320   393362   394612 
 6839 codespace ./cli kernel images/4096x40        0   393324   393363   394592 
 6846 codespace ./cli kernel images/4096x40        0   393324   393367   394632 
%CPU %MEM ARGS Sat Sep 26 20:06:09 UTC 2026
 0.0  0.0 grep --color=auto ./cli       1  2176
18.5  4.8 ./cli kernel images/4096x40   0 394632
18.5  4.8 ./cli kernel images/4096x40   1 394612
18.6  4.8 ./cli kernel images/4096x40   1 394592
18.8  4.8 ./cli kernel images/4096x40   1 394580
18.8  4.8 ./cli kernel images/4096x40   0 394572
  PID User     Command                         Swap      USS      PSS      RSS 
12231 codespace /usr/bin/python3 /usr/bin/s        0    12064    12251    14480 
 6842 codespace ./cli kernel images/4096x40        0   393320   393359   394572 
 6844 codespace ./cli kernel images/4096x40        0   393320   393359   394580 
 6848 codespace ./cli kernel images/4096x40        0   393320   393362   394612 
 6839 codespace ./cli kernel images/4096x40        0   393324   393363   394592 
 6846 codespace ./cli kernel images/4096x40        0   393324   393366   394632 
%CPU %MEM ARGS Sat Sep 26 20:06:10 UTC 2026
 0.0  0.0 grep --color=auto ./cli       0  2176
18.5  4.8 ./cli kernel images/4096x40   0 394632
18.5  4.8 ./cli kernel images/4096x40   0 394612
18.6  4.8 ./cli kernel images/4096x40   0 394592
18.7  4.8 ./cli kernel images/4096x40   0 394580
18.8  4.8 ./cli kernel images/4096x40   0 394572
  PID User     Command                         Swap      USS      PSS      RSS 
12256 codespace /usr/bin/python3 /usr/bin/s        0    12060    12210    14504 
 6848 codespace ./cli kernel images/4096x40        0   393320   393356   394612 
 6842 codespace ./cli kernel images/4096x40        0   393320   393359   394572 
 6844 codespace ./cli kernel images/4096x40        0   393320   393359   394580 
 6839 codespace ./cli kernel images/4096x40        0   393324   393364   394592 
 6846 codespace ./cli kernel images/4096x40        0   393324   393366   394632 
%CPU %MEM ARGS Sat Sep 26 20:06:12 UTC 2026
 0.0  0.0 grep --color=auto ./cli       0  2292
18.4  4.8 ./cli kernel images/4096x40   0 394632
18.4  4.8 ./cli kernel images/4096x40   1 394612
18.6  4.8 ./cli kernel images/4096x40   1 394592
18.7  4.8 ./cli kernel images/4096x40   0 394572
18.7  4.8 ./cli kernel images/4096x40   1 394580
  PID User     Command                         Swap      USS      PSS      RSS 
12277 codespace /usr/bin/python3 /usr/bin/s        0    12060    12248    14516 
 6842 codespace ./cli kernel images/4096x40        0   393320   393359   394572 
 6844 codespace ./cli kernel images/4096x40        0   393320   393359   394580 
 6848 codespace ./cli kernel images/4096x40        0   393320   393362   394612 
 6839 codespace ./cli kernel images/4096x40        0   393324   393364   394592 
 6846 codespace ./cli kernel images/4096x40        0   393324   393367   394632 
%CPU %MEM ARGS Sat Sep 26 20:06:13 UTC 2026
 0.0  0.0 grep --color=auto ./cli       0  2288
18.4  4.8 ./cli kernel images/4096x40   0 394632
18.4  4.8 ./cli kernel images/4096x40   1 394612
18.6  4.8 ./cli kernel images/4096x40   0 394592
18.7  4.8 ./cli kernel images/4096x40   0 394580
18.7  4.8 ./cli kernel images/4096x40   1 394572
  PID User     Command                         Swap      USS      PSS      RSS 
12284 codespace /usr/bin/python3 /usr/bin/s        0    12048    12240    14476 
 6842 codespace ./cli kernel images/4096x40        0   393320   393355   394572 
 6844 codespace ./cli kernel images/4096x40        0   393320   393355   394580 
 6846 codespace ./cli kernel images/4096x40        0   393324   393362   394632 
 6848 codespace ./cli kernel images/4096x40        0   393320   393362   394612 
 6839 codespace ./cli kernel images/4096x40        0   393324   393363   394592 
%CPU %MEM ARGS Sat Sep 26 20:06:14 UTC 2026
 0.0  0.0 grep --color=auto ./cli       1  2344
18.4  4.8 ./cli kernel images/4096x40   0 394632
18.4  4.8 ./cli kernel images/4096x40   1 394612
18.6  4.8 ./cli kernel images/4096x40   1 394592
18.7  4.8 ./cli kernel images/4096x40   1 394580
18.7  4.8 ./cli kernel images/4096x40   1 394572
  PID User     Command                         Swap      USS      PSS      RSS 
12296 codespace /usr/bin/python3 /usr/bin/s        0    12060    12254    14520 
 6842 codespace ./cli kernel images/4096x40        0   393320   393359   394572 
 6844 codespace ./cli kernel images/4096x40        0   393320   393359   394580 
 6848 codespace ./cli kernel images/4096x40        0   393320   393362   394612 
 6839 codespace ./cli kernel images/4096x40        0   393324   393363   394592 
 6846 codespace ./cli kernel images/4096x40        0   393324   393367   394632 
%CPU %MEM ARGS Sat Sep 26 20:06:15 UTC 2026
 0.0  0.0 grep --color=auto ./cli       0  2344
18.4  4.8 ./cli kernel images/4096x40   1 394612
18.4  4.8 ./cli kernel images/4096x40   1 394632
18.6  4.8 ./cli kernel images/4096x40   1 394592
18.7  4.8 ./cli kernel images/4096x40   1 394580
18.7  4.8 ./cli kernel images/4096x40   1 394572
  PID User     Command                         Swap      USS      PSS      RSS 
12303 codespace /usr/bin/python3 /usr/bin/s        0    12060    12239    14524 
 6848 codespace ./cli kernel images/4096x40        0   393320   393358   394612 
 6842 codespace ./cli kernel images/4096x40        0   393320   393359   394572 
 6844 codespace ./cli kernel images/4096x40        0   393320   393359   394580 
 6839 codespace ./cli kernel images/4096x40        0   393324   393363   394592 
 6846 codespace ./cli kernel images/4096x40        0   393324   393367   394632 
%CPU %MEM ARGS Sat Sep 26 20:06:17 UTC 2026
 0.0  0.0 grep --color=auto ./cli       0  2212
18.4  4.8 ./cli kernel images/4096x40   1 394632
18.4  4.8 ./cli kernel images/4096x40   0 394612
18.6  4.8 ./cli kernel images/4096x40   0 394592
18.7  4.8 ./cli kernel images/4096x40   0 394580
18.7  4.8 ./cli kernel images/4096x40   0 394572
  PID User     Command                         Swap      USS      PSS      RSS 
12322 codespace /usr/bin/python3 /usr/bin/s        0    12092    12299    14596 
 6842 codespace ./cli kernel images/4096x40        0   393320   393359   394572 
 6844 codespace ./cli kernel images/4096x40        0   393320   393359   394580 
 6848 codespace ./cli kernel images/4096x40        0   393320   393362   394612 
 6839 codespace ./cli kernel images/4096x40        0   393324   393363   394592 
 6846 codespace ./cli kernel images/4096x40        0   393324   393367   394632 
%CPU %MEM ARGS Sat Sep 26 20:06:18 UTC 2026
 0.0  0.0 grep --color=auto ./cli       0  2208
18.4  4.8 ./cli kernel images/4096x40   0 394612
18.4  4.8 ./cli kernel images/4096x40   0 394632
18.6  4.8 ./cli kernel images/4096x40   0 394592
18.7  4.8 ./cli kernel images/4096x40   0 394580
18.7  4.8 ./cli kernel images/4096x40   1 394572
  PID User     Command                         Swap      USS      PSS      RSS 
12332 codespace /usr/bin/python3 /usr/bin/s        0    12068    12251    14484 
 6842 codespace ./cli kernel images/4096x40        0   393320   393359   394572 
 6844 codespace ./cli kernel images/4096x40        0   393320   393359   394580 
 6848 codespace ./cli kernel images/4096x40        0   393320   393362   394612 
 6839 codespace ./cli kernel images/4096x40        0   393324   393363   394592 
 6846 codespace ./cli kernel images/4096x40        0   393324   393366   394632 
%CPU %MEM ARGS Sat Sep 26 20:06:20 UTC 2026
 0.0  0.0 grep --color=auto ./cli       0  2180
18.4  4.8 ./cli kernel images/4096x40   0 394632
18.4  4.8 ./cli kernel images/4096x40   1 394612
18.6  4.8 ./cli kernel images/4096x40   0 394592
18.7  4.8 ./cli kernel images/4096x40   0 394580
18.7  4.8 ./cli kernel images/4096x40   1 394572
  PID User     Command                         Swap      USS      PSS      RSS 
12338 codespace /usr/bin/python3 /usr/bin/s        0    12052    12241    14508 
 6842 codespace ./cli kernel images/4096x40        0   393320   393359   394572 
 6844 codespace ./cli kernel images/4096x40        0   393320   393359   394580 
 6848 codespace ./cli kernel images/4096x40        0   393320   393362   394612 
 6839 codespace ./cli kernel images/4096x40        0   393324   393364   394592 
 6846 codespace ./cli kernel images/4096x40        0   393324   393367   394632 
%CPU %MEM ARGS Sat Sep 26 20:06:21 UTC 2026
 0.0  0.0 grep --color=auto ./cli       1  2288
18.4  4.8 ./cli kernel images/4096x40   1 394632
18.4  4.8 ./cli kernel images/4096x40   0 394612
18.6  4.8 ./cli kernel images/4096x40   0 394592
18.6  4.8 ./cli kernel images/4096x40   1 394580
18.7  4.8 ./cli kernel images/4096x40   1 394572
  PID User     Command                         Swap      USS      PSS      RSS 
12350 codespace /usr/bin/python3 /usr/bin/s        0    12056    12246    14520 
 6842 codespace ./cli kernel images/4096x40        0   393320   393357   394572 
 6844 codespace ./cli kernel images/4096x40        0   393320   393357   394580 
 6848 codespace ./cli kernel images/4096x40        0   393320   393362   394612 
 6839 codespace ./cli kernel images/4096x40        0   393324   393363   394592 
 6846 codespace ./cli kernel images/4096x40        0   393324   393365   394632 
%CPU %MEM ARGS Sat Sep 26 20:06:22 UTC 2026
 0.0  0.0 grep --color=auto ./cli       0  2296
18.4  4.8 ./cli kernel images/4096x40   0 394612
18.4  4.8 ./cli kernel images/4096x40   0 394632
18.6  4.8 ./cli kernel images/4096x40   0 394592
18.6  4.8 ./cli kernel images/4096x40   0 394580
18.7  4.8 ./cli kernel images/4096x40   0 394572
  PID User     Command                         Swap      USS      PSS      RSS 
12383 codespace /usr/bin/python3 /usr/bin/s        0    12060    12247    14540 
 6842 codespace ./cli kernel images/4096x40        0   393320   393359   394572 
 6844 codespace ./cli kernel images/4096x40        0   393320   393359   394580 
 6848 codespace ./cli kernel images/4096x40        0   393320   393362   394612 
 6839 codespace ./cli kernel images/4096x40        0   393324   393363   394592 
 6846 codespace ./cli kernel images/4096x40        0   393324   393366   394632 
%CPU %MEM ARGS Sat Sep 26 20:06:24 UTC 2026
 0.0  0.0 grep --color=auto ./cli       1  2200
18.3  4.8 ./cli kernel images/4096x40   0 394632
18.4  4.8 ./cli kernel images/4096x40   1 394612
18.5  4.8 ./cli kernel images/4096x40   1 394592
18.6  4.8 ./cli kernel images/4096x40   0 394580
18.6  4.8 ./cli kernel images/4096x40   0 394572
  PID User     Command                         Swap      USS      PSS      RSS 
12396 codespace /usr/bin/python3 /usr/bin/s        0    12060    12251    14508 
 6842 codespace ./cli kernel images/4096x40        0   393320   393359   394572 
 6844 codespace ./cli kernel images/4096x40        0   393320   393359   394580 
 6848 codespace ./cli kernel images/4096x40        0   393320   393362   394612 
 6839 codespace ./cli kernel images/4096x40        0   393324   393364   394592 
 6846 codespace ./cli kernel images/4096x40        0   393324   393367   394632 
%CPU %MEM ARGS Sat Sep 26 20:06:25 UTC 2026
 0.0  0.0 grep --color=auto ./cli       0  2192
18.3  4.8 ./cli kernel images/4096x40   0 394612
18.3  4.8 ./cli kernel images/4096x40   0 394632
18.5  4.8 ./cli kernel images/4096x40   1 394592
18.6  4.8 ./cli kernel images/4096x40   0 394580
18.6  4.8 ./cli kernel images/4096x40   0 394572
  PID User     Command                         Swap      USS      PSS      RSS 
12402 codespace /usr/bin/python3 /usr/bin/s        0    12052    12213    14480 
 6848 codespace ./cli kernel images/4096x40        0   393320   393358   394612 
 6839 codespace ./cli kernel images/4096x40        0   393324   393359   394592 
 6842 codespace ./cli kernel images/4096x40        0   393320   393359   394572 
 6844 codespace ./cli kernel images/4096x40        0   393320   393359   394580 
 6846 codespace ./cli kernel images/4096x40        0   393324   393366   394632 
%CPU %MEM ARGS Sat Sep 26 20:06:27 UTC 2026
 0.0  0.0 grep --color=auto ./cli       1  2304
18.3  4.8 ./cli kernel images/4096x40   0 394632
18.3  4.8 ./cli kernel images/4096x40   0 394612
18.5  4.8 ./cli kernel images/4096x40   0 394592
18.6  4.8 ./cli kernel images/4096x40   0 394580
18.6  4.8 ./cli kernel images/4096x40   1 394572
  PID User     Command                         Swap      USS      PSS      RSS 
12415 codespace /usr/bin/python3 /usr/bin/s        0    12072    12249    14620 
 6844 codespace ./cli kernel images/4096x40        0   393320   393357   394580 
 6842 codespace ./cli kernel images/4096x40        0   393320   393359   394572 
 6848 codespace ./cli kernel images/4096x40        0   393320   393360   394612 
 6839 codespace ./cli kernel images/4096x40        0   393324   393363   394592 
 6846 codespace ./cli kernel images/4096x40        0   393324   393365   394632 
%CPU %MEM ARGS Sat Sep 26 20:06:28 UTC 2026
 0.0  0.0 grep --color=auto ./cli       1  2200
18.3  4.8 ./cli kernel images/4096x40   0 394632
18.3  4.8 ./cli kernel images/4096x40   1 394612
18.5  4.8 ./cli kernel images/4096x40   1 394592
18.6  4.8 ./cli kernel images/4096x40   0 394580
18.6  4.8 ./cli kernel images/4096x40   1 394572
  PID User     Command                         Swap      USS      PSS      RSS 
12427 codespace /usr/bin/python3 /usr/bin/s        0    12052    12244    14480 
 6844 codespace ./cli kernel images/4096x40        0   393320   393357   394580 
 6842 codespace ./cli kernel images/4096x40        0   393320   393358   394572 
 6848 codespace ./cli kernel images/4096x40        0   393320   393362   394612 
 6839 codespace ./cli kernel images/4096x40        0   393324   393363   394592 
 6846 codespace ./cli kernel images/4096x40        0   393324   393366   394632 
%CPU %MEM ARGS Sat Sep 26 20:06:29 UTC 2026
 0.0  0.0 grep --color=auto ./cli       0  2168
18.3  4.8 ./cli kernel images/4096x40   1 394632
18.3  4.8 ./cli kernel images/4096x40   0 394612
18.5  4.8 ./cli kernel images/4096x40   1 394592
18.6  4.8 ./cli kernel images/4096x40   0 394580
18.6  4.8 ./cli kernel images/4096x40   1 394572
  PID User     Command                         Swap      USS      PSS      RSS 
12443 codespace /usr/bin/python3 /usr/bin/s        0    12060    12254    14564 
 6842 codespace ./cli kernel images/4096x40        0   393320   393359   394572 
 6844 codespace ./cli kernel images/4096x40        0   393320   393359   394580 
 6848 codespace ./cli kernel images/4096x40        0   393320   393362   394612 
 6839 codespace ./cli kernel images/4096x40        0   393324   393363   394592 
 6846 codespace ./cli kernel images/4096x40        0   393324   393367   394632 
%CPU %MEM ARGS Sat Sep 26 20:06:31 UTC 2026
 0.0  0.0 grep --color=auto ./cli       0  2204
18.3  4.8 ./cli kernel images/4096x40   0 394632
18.3  4.8 ./cli kernel images/4096x40   0 394612
18.5  4.8 ./cli kernel images/4096x40   1 394592
18.6  4.8 ./cli kernel images/4096x40   0 394580
18.6  4.8 ./cli kernel images/4096x40   0 394572
  PID User     Command                         Swap      USS      PSS      RSS 
12450 codespace /usr/bin/python3 /usr/bin/s        0    12060    12248    14532 
 6842 codespace ./cli kernel images/4096x40        0   393320   393359   394572 
 6844 codespace ./cli kernel images/4096x40        0   393320   393359   394580 
 6848 codespace ./cli kernel images/4096x40        0   393320   393362   394612 
 6839 codespace ./cli kernel images/4096x40        0   393324   393363   394592 
 6846 codespace ./cli kernel images/4096x40        0   393324   393367   394632 
%CPU %MEM ARGS Sat Sep 26 20:06:32 UTC 2026
 0.0  0.0 grep --color=auto ./cli       0  2164
18.3  4.8 ./cli kernel images/4096x40   1 394632
18.3  4.8 ./cli kernel images/4096x40   1 394612
18.5  4.8 ./cli kernel images/4096x40   1 394592
18.5  4.8 ./cli kernel images/4096x40   0 394580
18.6  4.8 ./cli kernel images/4096x40   0 394572
  PID User     Command                         Swap      USS      PSS      RSS 
12469 codespace /usr/bin/python3 /usr/bin/s        0    12060    12222    14464 
 6842 codespace ./cli kernel images/4096x40        0   393320   393359   394572 
 6844 codespace ./cli kernel images/4096x40        0   393320   393359   394580 
 6848 codespace ./cli kernel images/4096x40        0   393320   393361   394612 
 6839 codespace ./cli kernel images/4096x40        0   393324   393363   394592 
 6846 codespace ./cli kernel images/4096x40        0   393324   393367   394632 
%CPU %MEM ARGS Sat Sep 26 20:06:33 UTC 2026
 0.0  0.0 grep --color=auto ./cli       0  2176
18.3  4.8 ./cli kernel images/4096x40   0 394632
18.3  4.8 ./cli kernel images/4096x40   0 394612
18.5  4.8 ./cli kernel images/4096x40   0 394592
18.5  4.8 ./cli kernel images/4096x40   0 394580
18.6  4.8 ./cli kernel images/4096x40   0 394572
  PID User     Command                         Swap      USS      PSS      RSS 
12495 codespace /usr/bin/python3 /usr/bin/s        0    12052    12244    14480 
 6842 codespace ./cli kernel images/4096x40        0   393320   393357   394572 
 6844 codespace ./cli kernel images/4096x40        0   393320   393358   394580 
 6848 codespace ./cli kernel images/4096x40        0   393320   393362   394612 
 6839 codespace ./cli kernel images/4096x40        0   393324   393363   394592 
 6846 codespace ./cli kernel images/4096x40        0   393324   393366   394632 
%CPU %MEM ARGS Sat Sep 26 20:06:35 UTC 2026
 0.0  0.0 grep --color=auto ./cli       1  2344
18.2  4.8 ./cli kernel images/4096x40   0 394632
18.3  4.8 ./cli kernel images/4096x40   0 394612
18.5  4.8 ./cli kernel images/4096x40   0 394592
18.5  4.8 ./cli kernel images/4096x40   0 394580
18.6  4.8 ./cli kernel images/4096x40   1 394572
  PID User     Command                         Swap      USS      PSS      RSS 
12514 codespace /usr/bin/python3 /usr/bin/s        0    12056    12243    14472 
 6844 codespace ./cli kernel images/4096x40        0   393320   393358   394580 
 6842 codespace ./cli kernel images/4096x40        0   393320   393359   394572 
 6848 codespace ./cli kernel images/4096x40        0   393320   393362   394612 
 6839 codespace ./cli kernel images/4096x40        0   393324   393363   394592 
 6846 codespace ./cli kernel images/4096x40        0   393324   393367   394632 
%CPU %MEM ARGS Sat Sep 26 20:06:36 UTC 2026
 0.0  0.0 grep --color=auto ./cli       0  2344
18.2  4.8 ./cli kernel images/4096x40   1 394632
18.3  4.8 ./cli kernel images/4096x40   1 394612
18.4  4.8 ./cli kernel images/4096x40   1 394592
18.5  4.8 ./cli kernel images/4096x40   1 394580
18.6  4.8 ./cli kernel images/4096x40   1 394572
  PID User     Command                         Swap      USS      PSS      RSS 
12521 codespace /usr/bin/python3 /usr/bin/s        0    12008    12196    14484 
 6842 codespace ./cli kernel images/4096x40        0   393320   393358   394572 
 6844 codespace ./cli kernel images/4096x40        0   393320   393359   394580 
 6848 codespace ./cli kernel images/4096x40        0   393320   393362   394612 
 6839 codespace ./cli kernel images/4096x40        0   393324   393363   394592 
 6846 codespace ./cli kernel images/4096x40        0   393324   393366   394632 
%CPU %MEM ARGS Sat Sep 26 20:06:38 UTC 2026
 0.0  0.0 grep --color=auto ./cli       1  2248
18.2  4.8 ./cli kernel images/4096x40   1 394632
18.2  4.8 ./cli kernel images/4096x40   1 394612
18.4  4.8 ./cli kernel images/4096x40   1 394592
18.5  4.8 ./cli kernel images/4096x40   1 394580
18.6  4.8 ./cli kernel images/4096x40   0 394572
  PID User     Command                         Swap      USS      PSS      RSS 
12529 codespace /usr/bin/python3 /usr/bin/s        0    12060    12247    14540 
 6842 codespace ./cli kernel images/4096x40        0   393320   393359   394572 
 6844 codespace ./cli kernel images/4096x40        0   393320   393359   394580 
 6848 codespace ./cli kernel images/4096x40        0   393320   393361   394612 
 6839 codespace ./cli kernel images/4096x40        0   393324   393363   394592 
 6846 codespace ./cli kernel images/4096x40        0   393324   393367   394632 
%CPU %MEM ARGS Sat Sep 26 20:06:39 UTC 2026
 0.0  0.0 grep --color=auto ./cli       0  2176
18.2  4.8 ./cli kernel images/4096x40   1 394632
18.2  4.8 ./cli kernel images/4096x40   0 394612
18.4  4.8 ./cli kernel images/4096x40   0 394592
18.5  4.8 ./cli kernel images/4096x40   0 394580
18.6  4.8 ./cli kernel images/4096x40   0 394572
  PID User     Command                         Swap      USS      PSS      RSS 
12548 codespace /usr/bin/python3 /usr/bin/s        0    12060    12241    14476 
 6842 codespace ./cli kernel images/4096x40        0   393320   393355   394572 
 6844 codespace ./cli kernel images/4096x40        0   393320   393357   394580 
 6848 codespace ./cli kernel images/4096x40        0   393320   393360   394612 
 6839 codespace ./cli kernel images/4096x40        0   393324   393363   394592 
 6846 codespace ./cli kernel images/4096x40        0   393324   393365   394632 
%CPU %MEM ARGS Sat Sep 26 20:06:41 UTC 2026
 0.0  0.0 grep --color=auto ./cli       1  2156
18.2  4.8 ./cli kernel images/4096x40   1 394632
18.2  4.8 ./cli kernel images/4096x40   0 394612
18.4  4.8 ./cli kernel images/4096x40   1 394592
18.5  4.8 ./cli kernel images/4096x40   0 394580
18.6  4.8 ./cli kernel images/4096x40   1 394572
  PID User     Command                         Swap      USS      PSS      RSS 
12566 codespace /usr/bin/python3 /usr/bin/s        0    12068    12251    14484 
 6842 codespace ./cli kernel images/4096x40        0   393320   393359   394572 
 6844 codespace ./cli kernel images/4096x40        0   393320   393359   394580 
 6848 codespace ./cli kernel images/4096x40        0   393320   393362   394612 
 6839 codespace ./cli kernel images/4096x40        0   393324   393363   394592 
 6846 codespace ./cli kernel images/4096x40        0   393324   393367   394632 
%CPU %MEM ARGS Sat Sep 26 20:06:42 UTC 2026
 0.0  0.0 grep --color=auto ./cli       0  2248
18.2  4.8 ./cli kernel images/4096x40   1 394632
18.2  4.8 ./cli kernel images/4096x40   1 394612
18.4  4.8 ./cli kernel images/4096x40   0 394592
18.5  4.8 ./cli kernel images/4096x40   1 394580
18.5  4.8 ./cli kernel images/4096x40   0 394572
  PID User     Command                         Swap      USS      PSS      RSS 
12574 codespace /usr/bin/python3 /usr/bin/s        0    12076    12260    14492 
 6842 codespace ./cli kernel images/4096x40        0   393320   393359   394572 
 6844 codespace ./cli kernel images/4096x40        0   393320   393359   394580 
 6848 codespace ./cli kernel images/4096x40        0   393320   393362   394612 
 6839 codespace ./cli kernel images/4096x40        0   393324   393363   394592 
 6846 codespace ./cli kernel images/4096x40        0   393324   393367   394632 
%CPU %MEM ARGS Sat Sep 26 20:06:43 UTC 2026
 0.0  0.0 grep --color=auto ./cli       0  2192
18.2  4.8 ./cli kernel images/4096x40   0 394632
18.2  4.8 ./cli kernel images/4096x40   0 394612
18.4  4.8 ./cli kernel images/4096x40   0 394592
18.5  4.8 ./cli kernel images/4096x40   0 394580
18.5  4.8 ./cli kernel images/4096x40   0 394572
  PID User     Command                         Swap      USS      PSS      RSS 
12599 codespace /usr/bin/python3 /usr/bin/s        0    12060    12230    14448 
 6842 codespace ./cli kernel images/4096x40        0   393320   393359   394572 
 6844 codespace ./cli kernel images/4096x40        0   393320   393359   394580 
 6848 codespace ./cli kernel images/4096x40        0   393320   393362   394612 
 6839 codespace ./cli kernel images/4096x40        0   393324   393363   394592 
 6846 codespace ./cli kernel images/4096x40        0   393324   393367   394632 
%CPU %MEM ARGS Sat Sep 26 20:06:45 UTC 2026
 0.0  0.0 grep --color=auto ./cli       1  2296
18.2  4.8 ./cli kernel images/4096x40   1 394632
18.2  4.8 ./cli kernel images/4096x40   0 394612
18.4  4.8 ./cli kernel images/4096x40   0 394592
18.5  4.8 ./cli kernel images/4096x40   0 394580
18.5  4.8 ./cli kernel images/4096x40   1 394572
  PID User     Command                         Swap      USS      PSS      RSS 
12607 codespace /usr/bin/python3 /usr/bin/s        0    12052    12242    14516 
 6842 codespace ./cli kernel images/4096x40        0   393320   393355   394572 
 6844 codespace ./cli kernel images/4096x40        0   393320   393359   394580 
 6848 codespace ./cli kernel images/4096x40        0   393320   393359   394612 
 6839 codespace ./cli kernel images/4096x40        0   393324   393363   394592 
 6846 codespace ./cli kernel images/4096x40        0   393324   393365   394632 
%CPU %MEM ARGS Sat Sep 26 20:06:46 UTC 2026
 0.0  0.0 grep --color=auto ./cli       1  2288
18.2  4.8 ./cli kernel images/4096x40   0 394612
18.2  4.8 ./cli kernel images/4096x40   1 394632
18.4  4.8 ./cli kernel images/4096x40   0 394592
18.4  4.8 ./cli kernel images/4096x40   0 394580
18.5  4.8 ./cli kernel images/4096x40   0 394572
  PID User     Command                         Swap      USS      PSS      RSS 
12637 codespace /usr/bin/python3 /usr/bin/s        0    12060    12247    14540 
 6842 codespace ./cli kernel images/4096x40        0   393320   393359   394572 
 6844 codespace ./cli kernel images/4096x40        0   393320   393359   394580 
 6848 codespace ./cli kernel images/4096x40        0   393320   393361   394612 
 6839 codespace ./cli kernel images/4096x40        0   393324   393363   394592 
 6846 codespace ./cli kernel images/4096x40        0   393324   393366   394632 
%CPU %MEM ARGS Sat Sep 26 20:06:48 UTC 2026
 0.0  0.0 grep --color=auto ./cli       0  2340
18.2  4.8 ./cli kernel images/4096x40   0 394612
18.2  4.8 ./cli kernel images/4096x40   0 394632
18.4  4.8 ./cli kernel images/4096x40   1 394592
18.4  4.8 ./cli kernel images/4096x40   0 394580
18.5  4.8 ./cli kernel images/4096x40   0 394572
  PID User     Command                         Swap      USS      PSS      RSS 
12645 codespace /usr/bin/python3 /usr/bin/s        0    12060    12249    14536 
 6842 codespace ./cli kernel images/4096x40        0   393320   393359   394572 
 6844 codespace ./cli kernel images/4096x40        0   393320   393359   394580 
 6848 codespace ./cli kernel images/4096x40        0   393320   393362   394612 
 6839 codespace ./cli kernel images/4096x40        0   393324   393364   394592 
 6846 codespace ./cli kernel images/4096x40        0   393324   393367   394632 
%CPU %MEM ARGS Sat Sep 26 20:06:49 UTC 2026
 0.0  0.0 grep --color=auto ./cli       0  2304
18.2  4.8 ./cli kernel images/4096x40   1 394612
18.2  4.8 ./cli kernel images/4096x40   0 394632
18.4  4.8 ./cli kernel images/4096x40   0 394592
18.4  4.8 ./cli kernel images/4096x40   0 394580
18.5  4.8 ./cli kernel images/4096x40   0 394572
  PID User     Command                         Swap      USS      PSS      RSS 
12653 codespace /usr/bin/python3 /usr/bin/s        0    12052    12242    14480 
 6842 codespace ./cli kernel images/4096x40        0   393320   393359   394572 
 6844 codespace ./cli kernel images/4096x40        0   393320   393359   394580 
 6848 codespace ./cli kernel images/4096x40        0   393320   393362   394612 
 6839 codespace ./cli kernel images/4096x40        0   393324   393363   394592 
 6846 codespace ./cli kernel images/4096x40        0   393324   393367   394632 
%CPU %MEM ARGS Sat Sep 26 20:06:50 UTC 2026
 0.0  0.0 grep --color=auto ./cli       0  2212
18.2  4.8 ./cli kernel images/4096x40   0 394612
18.2  4.8 ./cli kernel images/4096x40   0 394632
18.4  4.8 ./cli kernel images/4096x40   0 394592
18.4  4.8 ./cli kernel images/4096x40   1 394580
18.5  4.8 ./cli kernel images/4096x40   1 394572
  PID User     Command                         Swap      USS      PSS      RSS 
12660 codespace /usr/bin/python3 /usr/bin/s        0    12064    12248    14480 
 6844 codespace ./cli kernel images/4096x40        0   393320   393358   394580 
 6839 codespace ./cli kernel images/4096x40        0   393324   393359   394592 
 6842 codespace ./cli kernel images/4096x40        0   393320   393359   394572 
 6848 codespace ./cli kernel images/4096x40        0   393320   393362   394612 
 6846 codespace ./cli kernel images/4096x40        0   393324   393367   394632 
%CPU %MEM ARGS Sat Sep 26 20:06:52 UTC 2026
 0.0  0.0 grep --color=auto ./cli       0  2248
18.2  4.8 ./cli kernel images/4096x40   0 394612
18.2  4.8 ./cli kernel images/4096x40   0 394632
18.4  4.8 ./cli kernel images/4096x40   0 394592
18.4  4.8 ./cli kernel images/4096x40   0 394580
18.5  4.8 ./cli kernel images/4096x40   0 394572
  PID User     Command                         Swap      USS      PSS      RSS 
12684 codespace /usr/bin/python3 /usr/bin/s        0    12060    12244    14476 
 6842 codespace ./cli kernel images/4096x40        0   393320   393357   394572 
 6844 codespace ./cli kernel images/4096x40        0   393320   393360   394580 
 6848 codespace ./cli kernel images/4096x40        0   393320   393362   394612 
 6839 codespace ./cli kernel images/4096x40        0   393324   393363   394592 
 6846 codespace ./cli kernel images/4096x40        0   393324   393367   394632 
%CPU %MEM ARGS Sat Sep 26 20:06:53 UTC 2026
 0.0  0.0 grep --color=auto ./cli       1  2172
18.1  4.8 ./cli kernel images/4096x40   0 394612
18.2  4.8 ./cli kernel images/4096x40   0 394632
18.4  4.8 ./cli kernel images/4096x40   0 394592
18.4  4.8 ./cli kernel images/4096x40   1 394580
18.5  4.8 ./cli kernel images/4096x40   1 394572
  PID User     Command                         Swap      USS      PSS      RSS 
12710 codespace /usr/bin/python3 /usr/bin/s        0    12032    12218    14448 
 6842 codespace ./cli kernel images/4096x40        0   393320   393359   394572 
 6844 codespace ./cli kernel images/4096x40        0   393320   393359   394580 
 6848 codespace ./cli kernel images/4096x40        0   393320   393362   394612 
 6839 codespace ./cli kernel images/4096x40        0   393324   393363   394592 
 6846 codespace ./cli kernel images/4096x40        0   393324   393367   394632 
%CPU %MEM ARGS Sat Sep 26 20:06:55 UTC 2026
 0.0  0.0 grep --color=auto ./cli       0  2300
18.1  4.8 ./cli kernel images/4096x40   0 394612
18.1  4.8 ./cli kernel images/4096x40   1 394632
18.3  4.8 ./cli kernel images/4096x40   0 394592
18.4  4.8 ./cli kernel images/4096x40   0 394580
18.5  4.8 ./cli kernel images/4096x40   0 394572
  PID User     Command                         Swap      USS      PSS      RSS 
12724 codespace /usr/bin/python3 /usr/bin/s        0    12028    12225    14444 
 6842 codespace ./cli kernel images/4096x40        0   393320   393359   394572 
 6844 codespace ./cli kernel images/4096x40        0   393320   393359   394580 
 6848 codespace ./cli kernel images/4096x40        0   393320   393362   394612 
 6839 codespace ./cli kernel images/4096x40        0   393324   393363   394592 
 6846 codespace ./cli kernel images/4096x40        0   393324   393367   394632 
%CPU %MEM ARGS Sat Sep 26 20:06:56 UTC 2026
 0.0  0.0 grep --color=auto ./cli       1  2180
18.1  4.8 ./cli kernel images/4096x40   1 394612
18.1  4.8 ./cli kernel images/4096x40   1 394632
18.3  4.8 ./cli kernel images/4096x40   0 394592
18.4  4.8 ./cli kernel images/4096x40   1 394580
18.5  4.8 ./cli kernel images/4096x40   0 394572
  PID User     Command                         Swap      USS      PSS      RSS 
12731 codespace /usr/bin/python3 /usr/bin/s        0    12016    12246    14556 
 6842 codespace ./cli kernel images/4096x40        0   393320   393358   394572 
 6844 codespace ./cli kernel images/4096x40        0   393320   393358   394580 
 6839 codespace ./cli kernel images/4096x40        0   393324   393359   394592 
 6848 codespace ./cli kernel images/4096x40        0   393320   393360   394612 
 6846 codespace ./cli kernel images/4096x40        0   393324   393361   394632 
%CPU %MEM ARGS Sat Sep 26 20:06:58 UTC 2026
 0.0  0.0 grep --color=auto ./cli       0   476
18.1  4.8 ./cli kernel images/4096x40   0 394612
18.1  4.8 ./cli kernel images/4096x40   0 394632
18.3  4.8 ./cli kernel images/4096x40   0 394592
18.4  4.8 ./cli kernel images/4096x40   1 394580
18.5  4.8 ./cli kernel images/4096x40   0 394572
  PID User     Command                         Swap      USS      PSS      RSS 
12756 codespace /usr/bin/python3 /usr/bin/s        0    12064    12252    14520 
 6842 codespace ./cli kernel images/4096x40        0   393320   393359   394572 
 6844 codespace ./cli kernel images/4096x40        0   393320   393359   394580 
 6848 codespace ./cli kernel images/4096x40        0   393320   393362   394612 
 6839 codespace ./cli kernel images/4096x40        0   393324   393363   394592 
 6846 codespace ./cli kernel images/4096x40        0   393324   393366   394632 
%CPU %MEM ARGS Sat Sep 26 20:06:59 UTC 2026
 0.0  0.0 grep --color=auto ./cli       0  2184
18.1  4.8 ./cli kernel images/4096x40   0 394612
18.1  4.8 ./cli kernel images/4096x40   1 394632
18.3  4.8 ./cli kernel images/4096x40   1 394592
18.3  4.8 ./cli kernel images/4096x40   1 394580
18.5  4.8 ./cli kernel images/4096x40   0 394572
  PID User     Command                         Swap      USS      PSS      RSS 
12770 codespace /usr/bin/python3 /usr/bin/s        0    12060    12238    14448 
 6842 codespace ./cli kernel images/4096x40        0   393320   393359   394572 
 6844 codespace ./cli kernel images/4096x40        0   393320   393359   394580 
 6848 codespace ./cli kernel images/4096x40        0   393320   393362   394612 
 6839 codespace ./cli kernel images/4096x40        0   393324   393364   394592 
 6846 codespace ./cli kernel images/4096x40        0   393324   393367   394632 
%CPU %MEM ARGS Sat Sep 26 20:07:01 UTC 2026
 0.0  0.0 grep --color=auto ./cli       0  2192
18.1  4.8 ./cli kernel images/4096x40   1 394612
18.1  4.8 ./cli kernel images/4096x40   0 394632
18.3  4.8 ./cli kernel images/4096x40   0 394592
18.3  4.8 ./cli kernel images/4096x40   0 394580
18.5  4.8 ./cli kernel images/4096x40   0 394572
  PID User     Command                         Swap      USS      PSS      RSS 
12777 codespace /usr/bin/python3 /usr/bin/s        0    12076    12263    14492 
 6842 codespace ./cli kernel images/4096x40        0   393320   393359   394572 
 6844 codespace ./cli kernel images/4096x40        0   393320   393359   394580 
 6848 codespace ./cli kernel images/4096x40        0   393320   393361   394612 
 6839 codespace ./cli kernel images/4096x40        0   393324   393364   394592 
 6846 codespace ./cli kernel images/4096x40        0   393324   393367   394632 
%CPU %MEM ARGS Sat Sep 26 20:07:02 UTC 2026
 0.0  0.0 grep --color=auto ./cli       1  2176
18.1  4.8 ./cli kernel images/4096x40   1 394612
18.1  4.8 ./cli kernel images/4096x40   0 394632
18.3  4.8 ./cli kernel images/4096x40   1 394592
18.3  4.8 ./cli kernel images/4096x40   0 394580
18.4  4.8 ./cli kernel images/4096x40   1 394572
  PID User     Command                         Swap      USS      PSS      RSS 
12784 codespace /usr/bin/python3 /usr/bin/s        0    12064    12254    14548 
 6842 codespace ./cli kernel images/4096x40        0   393320   393359   394572 
 6844 codespace ./cli kernel images/4096x40        0   393320   393359   394580 
 6848 codespace ./cli kernel images/4096x40        0   393320   393361   394612 
 6839 codespace ./cli kernel images/4096x40        0   393324   393363   394592 
 6846 codespace ./cli kernel images/4096x40        0   393324   393367   394632 
%CPU %MEM ARGS Sat Sep 26 20:07:03 UTC 2026
 0.0  0.0 grep --color=auto ./cli       1  2288
18.1  4.8 ./cli kernel images/4096x40   1 394612
18.1  4.8 ./cli kernel images/4096x40   0 394632
18.3  4.8 ./cli kernel images/4096x40   1 394592
18.3  4.8 ./cli kernel images/4096x40   0 394580
18.4  4.8 ./cli kernel images/4096x40   1 394572
  PID User     Command                         Swap      USS      PSS      RSS 
12801 codespace /usr/bin/python3 /usr/bin/s        0    12032    12221    14476 
 6842 codespace ./cli kernel images/4096x40        0   393320   393359   394572 
 6844 codespace ./cli kernel images/4096x40        0   393320   393360   394580 
 6839 codespace ./cli kernel images/4096x40        0   393324   393362   394592 
 6848 codespace ./cli kernel images/4096x40        0   393320   393362   394612 
 6846 codespace ./cli kernel images/4096x40        0   393324   393364   394632 
%CPU %MEM ARGS Sat Sep 26 20:07:05 UTC 2026
 0.0  0.0 grep --color=auto ./cli       1  1868
18.1  4.8 ./cli kernel images/4096x40   1 394612
18.1  4.8 ./cli kernel images/4096x40   1 394632
18.3  4.8 ./cli kernel images/4096x40   1 394592
18.3  4.8 ./cli kernel images/4096x40   1 394580
18.4  4.8 ./cli kernel images/4096x40   1 394572
  PID User     Command                         Swap      USS      PSS      RSS 
12834 codespace /usr/bin/python3 /usr/bin/s        0    12068    12240    14548 
 6848 codespace ./cli kernel images/4096x40        0   393320   393358   394612 
 6842 codespace ./cli kernel images/4096x40        0   393320   393359   394572 
 6844 codespace ./cli kernel images/4096x40        0   393320   393359   394580 
 6839 codespace ./cli kernel images/4096x40        0   393324   393363   394592 
 6846 codespace ./cli kernel images/4096x40        0   393324   393366   394632 
%CPU %MEM ARGS Sat Sep 26 20:07:06 UTC 2026
 0.0  0.0 grep --color=auto ./cli       0  2248
18.1  4.8 ./cli kernel images/4096x40   1 394612
18.1  4.8 ./cli kernel images/4096x40   1 394632
18.3  4.8 ./cli kernel images/4096x40   1 394592
18.3  4.8 ./cli kernel images/4096x40   1 394580
18.4  4.8 ./cli kernel images/4096x40   1 394572
  PID User     Command                         Swap      USS      PSS      RSS 
12847 codespace /usr/bin/python3 /usr/bin/s        0    12084    12280    14624 
 6842 codespace ./cli kernel images/4096x40        0   393320   393359   394572 
 6844 codespace ./cli kernel images/4096x40        0   393320   393359   394580 
 6848 codespace ./cli kernel images/4096x40        0   393320   393362   394612 
 6839 codespace ./cli kernel images/4096x40        0   393324   393363   394592 
 6846 codespace ./cli kernel images/4096x40        0   393324   393367   394632 
%CPU %MEM ARGS Sat Sep 26 20:07:07 UTC 2026
 0.0  0.0 grep --color=auto ./cli       1  2168
18.0  4.8 ./cli kernel images/4096x40   0 394612
18.1  4.8 ./cli kernel images/4096x40   1 394632
18.2  4.8 ./cli kernel images/4096x40   0 394592
18.3  4.8 ./cli kernel images/4096x40   0 394580
18.4  4.8 ./cli kernel images/4096x40   0 394572
  PID User     Command                         Swap      USS      PSS      RSS 
12855 codespace /usr/bin/python3 /usr/bin/s        0    12076    12273    14592 
 6842 codespace ./cli kernel images/4096x40        0   393320   393357   394572 
 6844 codespace ./cli kernel images/4096x40        0   393320   393357   394580 
 6848 codespace ./cli kernel images/4096x40        0   393320   393360   394612 
 6839 codespace ./cli kernel images/4096x40        0   393324   393363   394592 
 6846 codespace ./cli kernel images/4096x40        0   393324   393365   394632 
%CPU %MEM ARGS Sat Sep 26 20:07:09 UTC 2026
 0.0  0.0 grep --color=auto ./cli       1  2164
18.0  4.8 ./cli kernel images/4096x40   0 394612
18.1  4.8 ./cli kernel images/4096x40   0 394632
18.2  4.8 ./cli kernel images/4096x40   1 394592
18.3  4.8 ./cli kernel images/4096x40   1 394580
18.4  4.8 ./cli kernel images/4096x40   0 394572
  PID User     Command                         Swap      USS      PSS      RSS 
12868 codespace /usr/bin/python3 /usr/bin/s        0    12000    12192    14448 
 6842 codespace ./cli kernel images/4096x40        0   393320   393359   394572 
 6844 codespace ./cli kernel images/4096x40        0   393320   393359   394580 
 6846 codespace ./cli kernel images/4096x40        0   393324   393362   394632 
 6848 codespace ./cli kernel images/4096x40        0   393320   393362   394612 
 6839 codespace ./cli kernel images/4096x40        0   393324   393364   394592 
%CPU %MEM ARGS Sat Sep 26 20:07:10 UTC 2026
 0.0  0.0 grep --color=auto ./cli       1  2160
18.0  4.8 ./cli kernel images/4096x40   0 394612
18.1  4.8 ./cli kernel images/4096x40   1 394632
18.2  4.8 ./cli kernel images/4096x40   0 394592
18.3  4.8 ./cli kernel images/4096x40   0 394580
18.4  4.8 ./cli kernel images/4096x40   0 394572
  PID User     Command                         Swap      USS      PSS      RSS 
12886 codespace /usr/bin/python3 /usr/bin/s        0    12068    12257    14512 
 6842 codespace ./cli kernel images/4096x40        0   393320   393359   394572 
 6844 codespace ./cli kernel images/4096x40        0   393320   393359   394580 
 6848 codespace ./cli kernel images/4096x40        0   393320   393362   394612 
 6839 codespace ./cli kernel images/4096x40        0   393324   393363   394592 
 6846 codespace ./cli kernel images/4096x40        0   393324   393367   394632 
%CPU %MEM ARGS Sat Sep 26 20:07:12 UTC 2026
 0.0  0.0 grep --color=auto ./cli       1  2160
18.0  4.8 ./cli kernel images/4096x40   0 394612
18.1  4.8 ./cli kernel images/4096x40   1 394632
18.2  4.8 ./cli kernel images/4096x40   0 394592
18.3  4.8 ./cli kernel images/4096x40   1 394580
18.4  4.8 ./cli kernel images/4096x40   1 394572
  PID User     Command                         Swap      USS      PSS      RSS 
12894 codespace /usr/bin/python3 /usr/bin/s        0    12052    12240    14480 
 6842 codespace ./cli kernel images/4096x40        0   393320   393355   394572 
 6844 codespace ./cli kernel images/4096x40        0   393320   393359   394580 
 6848 codespace ./cli kernel images/4096x40        0   393320   393361   394612 
 6839 codespace ./cli kernel images/4096x40        0   393324   393363   394592 
 6846 codespace ./cli kernel images/4096x40        0   393324   393367   394632 
%CPU %MEM ARGS Sat Sep 26 20:07:13 UTC 2026
 0.0  0.0 grep --color=auto ./cli       1  2164
18.0  4.8 ./cli kernel images/4096x40   0 394612
18.1  4.8 ./cli kernel images/4096x40   0 394632
18.2  4.8 ./cli kernel images/4096x40   0 394592
18.3  4.8 ./cli kernel images/4096x40   0 394580
18.3  4.8 ./cli kernel images/4096x40   0 394572
  PID User     Command                         Swap      USS      PSS      RSS 
12907 codespace /usr/bin/python3 /usr/bin/s        0    12060    12222    14476 
 6844 codespace ./cli kernel images/4096x40        0   393320   393357   394580 
 6842 codespace ./cli kernel images/4096x40        0   393320   393359   394572 
 6848 codespace ./cli kernel images/4096x40        0   393320   393360   394612 
 6839 codespace ./cli kernel images/4096x40        0   393324   393363   394592 
 6846 codespace ./cli kernel images/4096x40        0   393324   393365   394632 
%CPU %MEM ARGS Sat Sep 26 20:07:14 UTC 2026
 0.0  0.0 grep --color=auto ./cli       0  2184
18.0  4.8 ./cli kernel images/4096x40   0 394612
18.1  4.8 ./cli kernel images/4096x40   0 394632
18.2  4.8 ./cli kernel images/4096x40   0 394592
18.3  4.8 ./cli kernel images/4096x40   0 394580
18.3  4.8 ./cli kernel images/4096x40   0 394572
  PID User     Command                         Swap      USS      PSS      RSS 
12920 codespace /usr/bin/python3 /usr/bin/s        0    12068    12254    14540 
 6842 codespace ./cli kernel images/4096x40        0   393320   393359   394572 
 6844 codespace ./cli kernel images/4096x40        0   393320   393359   394580 
 6848 codespace ./cli kernel images/4096x40        0   393320   393361   394612 
 6839 codespace ./cli kernel images/4096x40        0   393324   393363   394592 
 6846 codespace ./cli kernel images/4096x40        0   393324   393367   394632 
%CPU %MEM ARGS Sat Sep 26 20:07:15 UTC 2026
 0.0  0.0 grep --color=auto ./cli       0  2252
18.0  4.8 ./cli kernel images/4096x40   0 394612
18.0  4.8 ./cli kernel images/4096x40   1 394632
18.2  4.8 ./cli kernel images/4096x40   0 394592
18.2  4.8 ./cli kernel images/4096x40   0 394580
18.3  4.8 ./cli kernel images/4096x40   0 394572
  PID User     Command                         Swap      USS      PSS      RSS 
12951 codespace /usr/bin/python3 /usr/bin/s        0    12060    12243    14508 
 6842 codespace ./cli kernel images/4096x40        0   393320   393358   394572 
 6844 codespace ./cli kernel images/4096x40        0   393320   393359   394580 
 6848 codespace ./cli kernel images/4096x40        0   393320   393362   394612 
 6839 codespace ./cli kernel images/4096x40        0   393324   393363   394592 
 6846 codespace ./cli kernel images/4096x40        0   393324   393367   394632 
%CPU %MEM ARGS Sat Sep 26 20:07:17 UTC 2026
 0.0  0.0 grep --color=auto ./cli       0  2288
18.0  4.8 ./cli kernel images/4096x40   1 394612
18.0  4.8 ./cli kernel images/4096x40   1 394632
18.2  4.8 ./cli kernel images/4096x40   1 394592
18.2  4.8 ./cli kernel images/4096x40   1 394580
18.3  4.8 ./cli kernel images/4096x40   1 394572
  PID User     Command                         Swap      USS      PSS      RSS 
12963 codespace /usr/bin/python3 /usr/bin/s        0    12080    12276    14620 
 6842 codespace ./cli kernel images/4096x40        0   393320   393359   394572 
 6844 codespace ./cli kernel images/4096x40        0   393320   393359   394580 
 6848 codespace ./cli kernel images/4096x40        0   393320   393362   394612 
 6839 codespace ./cli kernel images/4096x40        0   393324   393363   394592 
 6846 codespace ./cli kernel images/4096x40        0   393324   393367   394632 
%CPU %MEM ARGS Sat Sep 26 20:07:18 UTC 2026
 0.0  0.0 grep --color=auto ./cli       1  2192
18.0  4.8 ./cli kernel images/4096x40   1 394612
18.0  4.8 ./cli kernel images/4096x40   0 394632
18.2  4.8 ./cli kernel images/4096x40   0 394592
18.2  4.8 ./cli kernel images/4096x40   1 394580
18.3  4.8 ./cli kernel images/4096x40   1 394572
  PID User     Command                         Swap      USS      PSS      RSS 
12970 codespace /usr/bin/python3 /usr/bin/s        0    12064    12259    14528 
 6844 codespace ./cli kernel images/4096x40        0   393320   393355   394580 
 6842 codespace ./cli kernel images/4096x40        0   393320   393358   394572 
 6848 codespace ./cli kernel images/4096x40        0   393320   393361   394612 
 6839 codespace ./cli kernel images/4096x40        0   393324   393363   394592 
 6846 codespace ./cli kernel images/4096x40        0   393324   393367   394632 
%CPU %MEM ARGS Sat Sep 26 20:07:19 UTC 2026
 0.0  0.0 grep --color=auto ./cli       1  2308
18.0  4.8 ./cli kernel images/4096x40   0 394612
18.0  4.8 ./cli kernel images/4096x40   1 394632
18.2  4.8 ./cli kernel images/4096x40   1 394592
18.2  4.8 ./cli kernel images/4096x40   1 394580
18.3  4.8 ./cli kernel images/4096x40   1 394572
  PID User     Command                         Swap      USS      PSS      RSS 
12989 codespace /usr/bin/python3 /usr/bin/s        0    12060    12246    14540 
 6842 codespace ./cli kernel images/4096x40        0   393320   393359   394572 
 6844 codespace ./cli kernel images/4096x40        0   393320   393359   394580 
 6848 codespace ./cli kernel images/4096x40        0   393320   393361   394612 
 6839 codespace ./cli kernel images/4096x40        0   393324   393363   394592 
 6846 codespace ./cli kernel images/4096x40        0   393324   393367   394632 
%CPU %MEM ARGS Sat Sep 26 20:07:21 UTC 2026
 0.0  0.0 grep --color=auto ./cli       0  2128
18.0  4.8 ./cli kernel images/4096x40   1 394612
18.0  4.8 ./cli kernel images/4096x40   0 394632
18.2  4.8 ./cli kernel images/4096x40   0 394592
18.2  4.8 ./cli kernel images/4096x40   1 394580
18.3  4.8 ./cli kernel images/4096x40   1 394572
  PID User     Command                         Swap      USS      PSS      RSS 
13000 codespace /usr/bin/python3 /usr/bin/s        0    12056    12244    14516 
 6842 codespace ./cli kernel images/4096x40        0   393320   393359   394572 
 6844 codespace ./cli kernel images/4096x40        0   393320   393359   394580 
 6848 codespace ./cli kernel images/4096x40        0   393320   393362   394612 
 6839 codespace ./cli kernel images/4096x40        0   393324   393363   394592 
 6846 codespace ./cli kernel images/4096x40        0   393324   393367   394632 
%CPU %MEM ARGS Sat Sep 26 20:07:22 UTC 2026
 0.0  0.0 grep --color=auto ./cli       1  2292
18.0  4.8 ./cli kernel images/4096x40   1 394612
18.0  4.8 ./cli kernel images/4096x40   1 394632
18.1  4.8 ./cli kernel images/4096x40   0 394592
18.2  4.8 ./cli kernel images/4096x40   1 394580
18.3  4.8 ./cli kernel images/4096x40   1 394572
  PID User     Command                         Swap      USS      PSS      RSS 
13012 codespace /usr/bin/python3 /usr/bin/s        0    12060    12248    14516 
 6842 codespace ./cli kernel images/4096x40        0   393320   393359   394572 
 6844 codespace ./cli kernel images/4096x40        0   393320   393359   394580 
 6848 codespace ./cli kernel images/4096x40        0   393320   393362   394612 
 6839 codespace ./cli kernel images/4096x40        0   393324   393363   394592 
 6846 codespace ./cli kernel images/4096x40        0   393324   393367   394632 
%CPU %MEM ARGS Sat Sep 26 20:07:23 UTC 2026
 0.0  0.0 grep --color=auto ./cli       0  2344
18.0  4.8 ./cli kernel images/4096x40   0 394612
18.0  4.8 ./cli kernel images/4096x40   0 394632
18.1  4.8 ./cli kernel images/4096x40   1 394592
18.2  4.8 ./cli kernel images/4096x40   1 394580
18.3  4.8 ./cli kernel images/4096x40   0 394572
  PID User     Command                         Swap      USS      PSS      RSS 
13022 codespace /usr/bin/python3 /usr/bin/s        0    12068    12254    14484 
 6842 codespace ./cli kernel images/4096x40        0   393320   393359   394572 
 6844 codespace ./cli kernel images/4096x40        0   393320   393359   394580 
 6848 codespace ./cli kernel images/4096x40        0   393320   393362   394612 
 6839 codespace ./cli kernel images/4096x40        0   393324   393363   394592 
 6846 codespace ./cli kernel images/4096x40        0   393324   393367   394632 
%CPU %MEM ARGS Sat Sep 26 20:07:25 UTC 2026
 0.0  0.0 grep --color=auto ./cli       1  2176
17.9  4.8 ./cli kernel images/4096x40   1 394612
18.0  4.8 ./cli kernel images/4096x40   1 394632
18.1  4.8 ./cli kernel images/4096x40   0 394592
18.2  4.8 ./cli kernel images/4096x40   0 394580
18.3  4.8 ./cli kernel images/4096x40   0 394572
  PID User     Command                         Swap      USS      PSS      RSS 
13029 codespace /usr/bin/python3 /usr/bin/s        0    12052    12244    14480 
 6842 codespace ./cli kernel images/4096x40        0   393320   393359   394572 
 6844 codespace ./cli kernel images/4096x40        0   393320   393359   394580 
 6846 codespace ./cli kernel images/4096x40        0   393324   393362   394632 
 6848 codespace ./cli kernel images/4096x40        0   393320   393362   394612 
 6839 codespace ./cli kernel images/4096x40        0   393324   393363   394592 
%CPU %MEM ARGS Sat Sep 26 20:07:26 UTC 2026
 0.0  0.0 grep --color=auto ./cli       1  2156
17.9  4.8 ./cli kernel images/4096x40   1 394612
18.0  4.8 ./cli kernel images/4096x40   1 394632
18.1  4.8 ./cli kernel images/4096x40   0 394592
18.2  4.8 ./cli kernel images/4096x40   1 394580
18.2  4.8 ./cli kernel images/4096x40   0 394572
  PID User     Command                         Swap      USS      PSS      RSS 
13068 codespace /usr/bin/python3 /usr/bin/s        0    12088    12295    14592 
 6842 codespace ./cli kernel images/4096x40        0   393320   393359   394572 
 6844 codespace ./cli kernel images/4096x40        0   393320   393359   394580 
 6848 codespace ./cli kernel images/4096x40        0   393320   393361   394612 
 6839 codespace ./cli kernel images/4096x40        0   393324   393363   394592 
 6846 codespace ./cli kernel images/4096x40        0   393324   393367   394632 
%CPU %MEM ARGS Sat Sep 26 20:07:28 UTC 2026
 0.0  0.0 grep --color=auto ./cli       1  2180
17.9  4.8 ./cli kernel images/4096x40   1 394612
18.0  4.8 ./cli kernel images/4096x40   0 394632
18.1  4.8 ./cli kernel images/4096x40   0 394592
18.2  4.8 ./cli kernel images/4096x40   1 394580
18.2  4.8 ./cli kernel images/4096x40   1 394572
  PID User     Command                         Swap      USS      PSS      RSS 
13085 codespace /usr/bin/python3 /usr/bin/s        0    12012    12202    14496 
 6842 codespace ./cli kernel images/4096x40        0   393320   393359   394572 
 6844 codespace ./cli kernel images/4096x40        0   393320   393359   394580 
 6848 codespace ./cli kernel images/4096x40        0   393320   393362   394612 
 6839 codespace ./cli kernel images/4096x40        0   393324   393363   394592 
 6846 codespace ./cli kernel images/4096x40        0   393324   393366   394632 
%CPU %MEM ARGS Sat Sep 26 20:07:29 UTC 2026
 0.0  0.0 grep --color=auto ./cli       1  2164
17.9  4.8 ./cli kernel images/4096x40   0 394612
18.0  4.8 ./cli kernel images/4096x40   1 394632
18.1  4.8 ./cli kernel images/4096x40   1 394592
18.2  4.8 ./cli kernel images/4096x40   0 394580
18.2  4.8 ./cli kernel images/4096x40   1 394572
  PID User     Command                         Swap      USS      PSS      RSS 
13094 codespace /usr/bin/python3 /usr/bin/s        0    12060    12245    14476 
 6842 codespace ./cli kernel images/4096x40        0   393320   393359   394572 
 6844 codespace ./cli kernel images/4096x40        0   393320   393359   394580 
 6848 codespace ./cli kernel images/4096x40        0   393320   393362   394612 
 6839 codespace ./cli kernel images/4096x40        0   393324   393363   394592 
 6846 codespace ./cli kernel images/4096x40        0   393324   393366   394632 
%CPU %MEM ARGS Sat Sep 26 20:07:30 UTC 2026
 0.0  0.0 grep --color=auto ./cli       0  2248
17.9  4.8 ./cli kernel images/4096x40   0 394612
18.0  4.8 ./cli kernel images/4096x40   0 394632
18.1  4.8 ./cli kernel images/4096x40   0 394592
18.1  4.8 ./cli kernel images/4096x40   0 394580
18.2  4.8 ./cli kernel images/4096x40   0 394572
  PID User     Command                         Swap      USS      PSS      RSS 
13101 codespace /usr/bin/python3 /usr/bin/s        0    12060    12249    14540 
 6842 codespace ./cli kernel images/4096x40        0   393320   393357   394572 
 6844 codespace ./cli kernel images/4096x40        0   393320   393357   394580 
 6848 codespace ./cli kernel images/4096x40        0   393320   393362   394612 
 6839 codespace ./cli kernel images/4096x40        0   393324   393363   394592 
 6846 codespace ./cli kernel images/4096x40        0   393324   393365   394632 
%CPU %MEM ARGS Sat Sep 26 20:07:32 UTC 2026
 0.0  0.0 grep --color=auto ./cli       1  2268
17.9  4.8 ./cli kernel images/4096x40   0 394612
18.0  4.8 ./cli kernel images/4096x40   0 394632
18.1  4.8 ./cli kernel images/4096x40   0 394592
18.1  4.8 ./cli kernel images/4096x40   1 394580
18.2  4.8 ./cli kernel images/4096x40   0 394572
  PID User     Command                         Swap      USS      PSS      RSS 
13114 codespace /usr/bin/python3 /usr/bin/s        0    12000    12220    14508 
 6842 codespace ./cli kernel images/4096x40        0   393320   393359   394572 
 6844 codespace ./cli kernel images/4096x40        0   393320   393359   394580 
 6848 codespace ./cli kernel images/4096x40        0   393320   393360   394612 
 6839 codespace ./cli kernel images/4096x40        0   393324   393363   394592 
 6846 codespace ./cli kernel images/4096x40        0   393324   393364   394632 
%CPU %MEM ARGS Sat Sep 26 20:07:33 UTC 2026
 0.0  0.0 grep --color=auto ./cli       0  2176
17.9  4.8 ./cli kernel images/4096x40   0 394612
18.0  4.8 ./cli kernel images/4096x40   0 394632
18.1  4.8 ./cli kernel images/4096x40   0 394592
18.1  4.8 ./cli kernel images/4096x40   0 394580
18.2  4.8 ./cli kernel images/4096x40   0 394572
  PID User     Command                         Swap      USS      PSS      RSS 
13132 codespace /usr/bin/python3 /usr/bin/s        0    12060    12244    14476 
 6842 codespace ./cli kernel images/4096x40        0   393320   393355   394572 
 6844 codespace ./cli kernel images/4096x40        0   393320   393355   394580 
 6848 codespace ./cli kernel images/4096x40        0   393320   393362   394612 
 6839 codespace ./cli kernel images/4096x40        0   393324   393363   394592 
 6846 codespace ./cli kernel images/4096x40        0   393324   393366   394632 
%CPU %MEM ARGS Sat Sep 26 20:07:34 UTC 2026
 0.0  0.0 grep --color=auto ./cli       0  2008
17.9  4.8 ./cli kernel images/4096x40   0 394612
18.0  4.8 ./cli kernel images/4096x40   0 394632
18.1  4.8 ./cli kernel images/4096x40   1 394592
18.1  4.8 ./cli kernel images/4096x40   0 394580
18.2  4.8 ./cli kernel images/4096x40   0 394572
  PID User     Command                         Swap      USS      PSS      RSS 
13146 codespace /usr/bin/python3 /usr/bin/s        0    12060    12243    14476 
 6842 codespace ./cli kernel images/4096x40        0   393320   393359   394572 
 6844 codespace ./cli kernel images/4096x40        0   393320   393359   394580 
 6848 codespace ./cli kernel images/4096x40        0   393320   393362   394612 
 6839 codespace ./cli kernel images/4096x40        0   393324   393363   394592 
 6846 codespace ./cli kernel images/4096x40        0   393324   393367   394632 
%CPU %MEM ARGS Sat Sep 26 20:07:35 UTC 2026
 0.0  0.0 grep --color=auto ./cli       1  2156
17.9  4.8 ./cli kernel images/4096x40   1 394612
18.0  4.8 ./cli kernel images/4096x40   1 394632
18.1  4.8 ./cli kernel images/4096x40   1 394592
18.1  4.8 ./cli kernel images/4096x40   0 394580
18.2  4.8 ./cli kernel images/4096x40   0 394572
  PID User     Command                         Swap      USS      PSS      RSS 
13153 codespace /usr/bin/python3 /usr/bin/s        0    12060    12249    14536 
 6842 codespace ./cli kernel images/4096x40        0   393320   393359   394572 
 6844 codespace ./cli kernel images/4096x40        0   393320   393359   394580 
 6848 codespace ./cli kernel images/4096x40        0   393320   393362   394612 
 6839 codespace ./cli kernel images/4096x40        0   393324   393363   394592 
 6846 codespace ./cli kernel images/4096x40        0   393324   393367   394632 
%CPU %MEM ARGS Sat Sep 26 20:07:37 UTC 2026
 0.0  0.0 grep --color=auto ./cli       1  2176
17.9  4.8 ./cli kernel images/4096x40   1 394612
18.0  4.8 ./cli kernel images/4096x40   0 394632
18.0  4.8 ./cli kernel images/4096x40   1 394592
18.1  4.8 ./cli kernel images/4096x40   1 394580
18.2  4.8 ./cli kernel images/4096x40   1 394572
  PID User     Command                         Swap      USS      PSS      RSS 
13184 codespace /usr/bin/python3 /usr/bin/s        0    12092    12299    14596 
 6842 codespace ./cli kernel images/4096x40        0   393320   393359   394572 
 6844 codespace ./cli kernel images/4096x40        0   393320   393359   394580 
 6848 codespace ./cli kernel images/4096x40        0   393320   393362   394612 
 6839 codespace ./cli kernel images/4096x40        0   393324   393363   394592 
 6846 codespace ./cli kernel images/4096x40        0   393324   393367   394632 
%CPU %MEM ARGS Sat Sep 26 20:07:38 UTC 2026
 0.0  0.0 grep --color=auto ./cli       1  2296
17.9  4.8 ./cli kernel images/4096x40   0 394612
17.9  4.8 ./cli kernel images/4096x40   0 394632
18.0  4.8 ./cli kernel images/4096x40   1 394592
18.1  4.8 ./cli kernel images/4096x40   1 394580
18.2  4.8 ./cli kernel images/4096x40   0 394572
  PID User     Command                         Swap      USS      PSS      RSS 
13193 codespace /usr/bin/python3 /usr/bin/s        0    12064    12252    14536 
 6842 codespace ./cli kernel images/4096x40        0   393320   393359   394572 
 6844 codespace ./cli kernel images/4096x40        0   393320   393359   394580 
 6848 codespace ./cli kernel images/4096x40        0   393320   393362   394612 
 6839 codespace ./cli kernel images/4096x40        0   393324   393363   394592 
 6846 codespace ./cli kernel images/4096x40        0   393324   393367   394632 
%CPU %MEM ARGS Sat Sep 26 20:07:39 UTC 2026
 0.0  0.0 grep --color=auto ./cli       1  2308
17.9  4.8 ./cli kernel images/4096x40   1 394612
17.9  4.8 ./cli kernel images/4096x40   1 394632
18.0  4.8 ./cli kernel images/4096x40   1 394592
18.1  4.8 ./cli kernel images/4096x40   1 394580
18.2  4.8 ./cli kernel images/4096x40   1 394572
  PID User     Command                         Swap      USS      PSS      RSS 
13204 codespace /usr/bin/python3 /usr/bin/s        0    12064    12261    14528 
 6844 codespace ./cli kernel images/4096x40        0   393320   393353   394580 
 6842 codespace ./cli kernel images/4096x40        0   393320   393359   394572 
 6846 codespace ./cli kernel images/4096x40        0   393324   393362   394632 
 6848 codespace ./cli kernel images/4096x40        0   393320   393362   394612 
 6839 codespace ./cli kernel images/4096x40        0   393324   393363   394592 
%CPU %MEM ARGS Sat Sep 26 20:07:40 UTC 2026
 0.0  0.0 grep --color=auto ./cli       0  2252
17.9  4.8 ./cli kernel images/4096x40   0 394612
17.9  4.8 ./cli kernel images/4096x40   1 394632
18.0  4.8 ./cli kernel images/4096x40   0 394592
18.1  4.8 ./cli kernel images/4096x40   0 394580
18.2  4.8 ./cli kernel images/4096x40   0 394572
  PID User     Command                         Swap      USS      PSS      RSS 
13223 codespace /usr/bin/python3 /usr/bin/s        0    12060    12254    14520 
 6842 codespace ./cli kernel images/4096x40        0   393320   393359   394572 
 6844 codespace ./cli kernel images/4096x40        0   393320   393359   394580 
 6848 codespace ./cli kernel images/4096x40        0   393320   393362   394612 
 6839 codespace ./cli kernel images/4096x40        0   393324   393363   394592 
 6846 codespace ./cli kernel images/4096x40        0   393324   393366   394632 
%CPU %MEM ARGS Sat Sep 26 20:07:42 UTC 2026
 0.0  0.0 grep --color=auto ./cli       1  2304
17.9  4.8 ./cli kernel images/4096x40   0 394612
17.9  4.8 ./cli kernel images/4096x40   0 394632
18.0  4.8 ./cli kernel images/4096x40   0 394592
18.1  4.8 ./cli kernel images/4096x40   1 394580
18.2  4.8 ./cli kernel images/4096x40   0 394572
  PID User     Command                         Swap      USS      PSS      RSS 
13230 codespace /usr/bin/python3 /usr/bin/s        0    12060    12259    14592 
 6844 codespace ./cli kernel images/4096x40        0   393320   393357   394580 
 6842 codespace ./cli kernel images/4096x40        0   393320   393359   394572 
 6848 codespace ./cli kernel images/4096x40        0   393320   393360   394612 
 6839 codespace ./cli kernel images/4096x40        0   393324   393363   394592 
 6846 codespace ./cli kernel images/4096x40        0   393324   393365   394632 
%CPU %MEM ARGS Sat Sep 26 20:07:43 UTC 2026
 0.0  0.0 grep --color=auto ./cli       1  2164
17.9  4.8 ./cli kernel images/4096x40   1 394612
17.9  4.8 ./cli kernel images/4096x40   0 394632
18.0  4.8 ./cli kernel images/4096x40   0 394592
18.1  4.8 ./cli kernel images/4096x40   0 394580
18.1  4.8 ./cli kernel images/4096x40   0 394572
  PID User     Command                         Swap      USS      PSS      RSS 
13244 codespace /usr/bin/python3 /usr/bin/s        0    12052    12241    14444 
 6842 codespace ./cli kernel images/4096x40        0   393320   393359   394572 
 6844 codespace ./cli kernel images/4096x40        0   393320   393359   394580 
 6848 codespace ./cli kernel images/4096x40        0   393320   393362   394612 
 6839 codespace ./cli kernel images/4096x40        0   393324   393363   394592 
 6846 codespace ./cli kernel images/4096x40        0   393324   393366   394632 
%CPU %MEM ARGS Sat Sep 26 20:07:44 UTC 2026
 0.0  0.0 grep --color=auto ./cli       1  2300
17.9  4.8 ./cli kernel images/4096x40   0 394612
17.9  4.8 ./cli kernel images/4096x40   0 394632
18.0  4.8 ./cli kernel images/4096x40   1 394592
18.0  4.8 ./cli kernel images/4096x40   1 394580
18.1  4.8 ./cli kernel images/4096x40   1 394572
  PID User     Command                         Swap      USS      PSS      RSS 
13255 codespace /usr/bin/python3 /usr/bin/s        0    12064    12250    14480 
 6842 codespace ./cli kernel images/4096x40        0   393320   393357   394572 
 6844 codespace ./cli kernel images/4096x40        0   393320   393359   394580 
 6848 codespace ./cli kernel images/4096x40        0   393320   393362   394612 
 6839 codespace ./cli kernel images/4096x40        0   393324   393363   394592 
 6846 codespace ./cli kernel images/4096x40        0   393324   393367   394632 
%CPU %MEM ARGS Sat Sep 26 20:07:46 UTC 2026
 0.0  0.0 grep --color=auto ./cli       0  2292
17.8  4.8 ./cli kernel images/4096x40   1 394612
17.9  4.8 ./cli kernel images/4096x40   1 394632
18.0  4.8 ./cli kernel images/4096x40   1 394592
18.0  4.8 ./cli kernel images/4096x40   0 394580
18.1  4.8 ./cli kernel images/4096x40   0 394572
  PID User     Command                         Swap      USS      PSS      RSS 
13263 codespace /usr/bin/python3 /usr/bin/s        0    12076    12269    14620 
 6844 codespace ./cli kernel images/4096x40        0   393320   393357   394580 
 6842 codespace ./cli kernel images/4096x40        0   393320   393359   394572 
 6848 codespace ./cli kernel images/4096x40        0   393320   393362   394612 
 6839 codespace ./cli kernel images/4096x40        0   393324   393363   394592 
 6846 codespace ./cli kernel images/4096x40        0   393324   393365   394632 
%CPU %MEM ARGS Sat Sep 26 20:07:47 UTC 2026
 0.0  0.0 grep --color=auto ./cli       0  2176
17.8  4.8 ./cli kernel images/4096x40   1 394612
17.9  4.8 ./cli kernel images/4096x40   1 394632
18.0  4.8 ./cli kernel images/4096x40   0 394592
18.0  4.8 ./cli kernel images/4096x40   1 394580
18.1  4.8 ./cli kernel images/4096x40   1 394572
  PID User     Command                         Swap      USS      PSS      RSS 
13301 codespace /usr/bin/python3 /usr/bin/s        0    12060    12256    14524 
 6842 codespace ./cli kernel images/4096x40        0   393320   393359   394572 
 6844 codespace ./cli kernel images/4096x40        0   393320   393359   394580 
 6848 codespace ./cli kernel images/4096x40        0   393320   393362   394612 
 6839 codespace ./cli kernel images/4096x40        0   393324   393363   394592 
 6846 codespace ./cli kernel images/4096x40        0   393324   393367   394632 
%CPU %MEM ARGS Sat Sep 26 20:07:48 UTC 2026
 0.0  0.0 grep --color=auto ./cli       0  2248
17.8  4.8 ./cli kernel images/4096x40   1 394612
17.9  4.8 ./cli kernel images/4096x40   1 394632
18.0  4.8 ./cli kernel images/4096x40   1 394592
18.0  4.8 ./cli kernel images/4096x40   0 394580
18.1  4.8 ./cli kernel images/4096x40   0 394572
  PID User     Command                         Swap      USS      PSS      RSS 
13307 codespace /usr/bin/python3 /usr/bin/s        0    12064    12267    14620 
 6842 codespace ./cli kernel images/4096x40        0   393320   393359   394572 
 6844 codespace ./cli kernel images/4096x40        0   393320   393359   394580 
 6848 codespace ./cli kernel images/4096x40        0   393320   393362   394612 
 6839 codespace ./cli kernel images/4096x40        0   393324   393363   394592 
 6846 codespace ./cli kernel images/4096x40        0   393324   393367   394632 
%CPU %MEM ARGS Sat Sep 26 20:07:49 UTC 2026
 0.0  0.0 grep --color=auto ./cli       0  2300
17.8  4.8 ./cli kernel images/4096x40   1 394612
17.9  4.8 ./cli kernel images/4096x40   0 394632
18.0  4.8 ./cli kernel images/4096x40   1 394592
18.0  4.8 ./cli kernel images/4096x40   1 394580
18.1  4.8 ./cli kernel images/4096x40   1 394572
  PID User     Command                         Swap      USS      PSS      RSS 
13321 codespace /usr/bin/python3 /usr/bin/s        0    12084    12277    14592 
 6842 codespace ./cli kernel images/4096x40        0   393320   393357   394572 
 6844 codespace ./cli kernel images/4096x40        0   393320   393359   394580 
 6848 codespace ./cli kernel images/4096x40        0   393320   393361   394612 
 6839 codespace ./cli kernel images/4096x40        0   393324   393362   394592 
 6846 codespace ./cli kernel images/4096x40        0   393324   393367   394632 
%CPU %MEM ARGS Sat Sep 26 20:07:51 UTC 2026
 0.0  0.0 grep --color=auto ./cli       0  2344
17.8  4.8 ./cli kernel images/4096x40   0 394612
17.9  4.8 ./cli kernel images/4096x40   0 394632
18.0  4.8 ./cli kernel images/4096x40   1 394592
18.0  4.8 ./cli kernel images/4096x40   0 394580
18.1  4.8 ./cli kernel images/4096x40   0 394572
  PID User     Command                         Swap      USS      PSS      RSS 
13332 codespace /usr/bin/python3 /usr/bin/s        0    12084    12280    14592 
 6844 codespace ./cli kernel images/4096x40        0   393320   393358   394580 
 6842 codespace ./cli kernel images/4096x40        0   393320   393359   394572 
 6848 codespace ./cli kernel images/4096x40        0   393320   393362   394612 
 6839 codespace ./cli kernel images/4096x40        0   393324   393363   394592 
 6846 codespace ./cli kernel images/4096x40        0   393324   393367   394632 
%CPU %MEM ARGS Sat Sep 26 20:07:52 UTC 2026
 0.0  0.0 grep --color=auto ./cli       0  2292
17.8  4.8 ./cli kernel images/4096x40   1 394612
17.9  4.8 ./cli kernel images/4096x40   0 394632
18.0  4.8 ./cli kernel images/4096x40   0 394592
18.0  4.8 ./cli kernel images/4096x40   0 394580
18.1  4.8 ./cli kernel images/4096x40   0 394572
  PID User     Command                         Swap      USS      PSS      RSS 
13343 codespace /usr/bin/python3 /usr/bin/s        0    12060    12261    14568 
 6842 codespace ./cli kernel images/4096x40        0   393320   393359   394572 
 6844 codespace ./cli kernel images/4096x40        0   393320   393359   394580 
 6848 codespace ./cli kernel images/4096x40        0   393320   393362   394612 
 6839 codespace ./cli kernel images/4096x40        0   393324   393364   394592 
 6846 codespace ./cli kernel images/4096x40        0   393324   393367   394632 
%CPU %MEM ARGS Sat Sep 26 20:07:54 UTC 2026
 0.0  0.0 grep --color=auto ./cli       1  2304
17.8  4.8 ./cli kernel images/4096x40   0 394612
17.9  4.8 ./cli kernel images/4096x40   1 394632
18.0  4.8 ./cli kernel images/4096x40   1 394592
18.0  4.8 ./cli kernel images/4096x40   0 394580
18.1  4.8 ./cli kernel images/4096x40   1 394572
  PID User     Command                         Swap      USS      PSS      RSS 
13357 codespace /usr/bin/python3 /usr/bin/s        0    12068    12263    14608 
 6842 codespace ./cli kernel images/4096x40        0   393320   393359   394572 
 6844 codespace ./cli kernel images/4096x40        0   393320   393359   394580 
 6848 codespace ./cli kernel images/4096x40        0   393320   393362   394612 
 6839 codespace ./cli kernel images/4096x40        0   393324   393363   394592 
 6846 codespace ./cli kernel images/4096x40        0   393324   393367   394632 
%CPU %MEM ARGS Sat Sep 26 20:07:55 UTC 2026
 0.0  0.0 grep --color=auto ./cli       1  2168
17.8  4.8 ./cli kernel images/4096x40   0 394612
17.8  4.8 ./cli kernel images/4096x40   1 394632
18.0  4.8 ./cli kernel images/4096x40   1 394592
18.0  4.8 ./cli kernel images/4096x40   1 394580
18.1  4.8 ./cli kernel images/4096x40   0 394572
  PID User     Command                         Swap      USS      PSS      RSS 
13373 codespace /usr/bin/python3 /usr/bin/s        0    12056    12244    14516 
 6842 codespace ./cli kernel images/4096x40        0   393320   393357   394572 
 6844 codespace ./cli kernel images/4096x40        0   393320   393357   394580 
 6839 codespace ./cli kernel images/4096x40        0   393324   393362   394592 
 6848 codespace ./cli kernel images/4096x40        0   393320   393362   394612 
 6846 codespace ./cli kernel images/4096x40        0   393324   393367   394632 
%CPU %MEM ARGS Sat Sep 26 20:07:57 UTC 2026
 0.0  0.0 grep --color=auto ./cli       1  2160
17.8  4.8 ./cli kernel images/4096x40   1 394612
17.8  4.8 ./cli kernel images/4096x40   0 394632
17.9  4.8 ./cli kernel images/4096x40   1 394592
18.0  4.8 ./cli kernel images/4096x40   1 394580
18.1  4.8 ./cli kernel images/4096x40   1 394572
  PID User     Command                         Swap      USS      PSS      RSS 
13385 codespace /usr/bin/python3 /usr/bin/s        0    12056    12223    14532 
 6842 codespace ./cli kernel images/4096x40        0   393320   393357   394572 
 6844 codespace ./cli kernel images/4096x40        0   393320   393359   394580 
 6848 codespace ./cli kernel images/4096x40        0   393320   393360   394612 
 6839 codespace ./cli kernel images/4096x40        0   393324   393363   394592 
 6846 codespace ./cli kernel images/4096x40        0   393324   393367   394632 
%CPU %MEM ARGS Sat Sep 26 20:07:58 UTC 2026
 0.0  0.0 grep --color=auto ./cli       1  2248
17.8  4.8 ./cli kernel images/4096x40   1 394612
17.8  4.8 ./cli kernel images/4096x40   1 394632
17.9  4.8 ./cli kernel images/4096x40   0 394592
18.0  4.8 ./cli kernel images/4096x40   0 394580
18.0  4.8 ./cli kernel images/4096x40   1 394572
  PID User     Command                         Swap      USS      PSS      RSS 
13411 codespace /usr/bin/python3 /usr/bin/s        0    12060    12244    14476 
 6842 codespace ./cli kernel images/4096x40        0   393320   393359   394572 
 6844 codespace ./cli kernel images/4096x40        0   393320   393359   394580 
 6848 codespace ./cli kernel images/4096x40        0   393320   393362   394612 
 6839 codespace ./cli kernel images/4096x40        0   393324   393363   394592 
 6846 codespace ./cli kernel images/4096x40        0   393324   393366   394632 
%CPU %MEM ARGS Sat Sep 26 20:07:59 UTC 2026
 0.0  0.0 grep --color=auto ./cli       1  2176
17.8  4.8 ./cli kernel images/4096x40   1 394612
17.8  4.8 ./cli kernel images/4096x40   0 394632
17.9  4.8 ./cli kernel images/4096x40   1 394592
18.0  4.8 ./cli kernel images/4096x40   1 394580
18.0  4.8 ./cli kernel images/4096x40   0 394572
  PID User     Command                         Swap      USS      PSS      RSS 
13424 codespace /usr/bin/python3 /usr/bin/s        0    12060    12246    14476 
 6842 codespace ./cli kernel images/4096x40        0   393320   393357   394572 
 6844 codespace ./cli kernel images/4096x40        0   393320   393357   394580 
 6848 codespace ./cli kernel images/4096x40        0   393320   393362   394612 
 6839 codespace ./cli kernel images/4096x40        0   393324   393363   394592 
 6846 codespace ./cli kernel images/4096x40        0   393324   393365   394632 
%CPU %MEM ARGS Sat Sep 26 20:08:00 UTC 2026
 0.0  0.0 grep --color=auto ./cli       0  2164
17.8  4.8 ./cli kernel images/4096x40   0 394612
17.8  4.8 ./cli kernel images/4096x40   1 394632
17.9  4.8 ./cli kernel images/4096x40   0 394592
18.0  4.8 ./cli kernel images/4096x40   0 394580
18.0  4.8 ./cli kernel images/4096x40   0 394572
  PID User     Command                         Swap      USS      PSS      RSS 
13440 codespace /usr/bin/python3 /usr/bin/s        0    12056    12261    14516 
 6842 codespace ./cli kernel images/4096x40        0   393320   393357   394572 
 6844 codespace ./cli kernel images/4096x40        0   393320   393358   394580 
 6848 codespace ./cli kernel images/4096x40        0   393320   393362   394612 
 6839 codespace ./cli kernel images/4096x40        0   393324   393363   394592 
 6846 codespace ./cli kernel images/4096x40        0   393324   393367   394632 
%CPU %MEM ARGS Sat Sep 26 20:08:02 UTC 2026
 0.0  0.0 grep --color=auto ./cli       1  2176
17.8  4.8 ./cli kernel images/4096x40   1 394612
17.8  4.8 ./cli kernel images/4096x40   0 394632
17.9  4.8 ./cli kernel images/4096x40   1 394592
17.9  4.8 ./cli kernel images/4096x40   1 394580
18.0  4.8 ./cli kernel images/4096x40   0 394572
  PID User     Command                         Swap      USS      PSS      RSS 
13455 codespace /usr/bin/python3 /usr/bin/s        0    12064    12251    14544 
 6842 codespace ./cli kernel images/4096x40        0   393320   393359   394572 
 6844 codespace ./cli kernel images/4096x40        0   393320   393359   394580 
 6848 codespace ./cli kernel images/4096x40        0   393320   393362   394612 
 6839 codespace ./cli kernel images/4096x40        0   393324   393363   394592 
 6846 codespace ./cli kernel images/4096x40        0   393324   393366   394632 
%CPU %MEM ARGS Sat Sep 26 20:08:03 UTC 2026
 0.0  0.0 grep --color=auto ./cli       0  2160
17.8  4.8 ./cli kernel images/4096x40   0 394612
17.8  4.8 ./cli kernel images/4096x40   0 394632
17.9  4.8 ./cli kernel images/4096x40   0 394592
17.9  4.8 ./cli kernel images/4096x40   0 394580
18.0  4.8 ./cli kernel images/4096x40   0 394572
  PID User     Command                         Swap      USS      PSS      RSS 
13463 codespace /usr/bin/python3 /usr/bin/s        0    12060    12255    14520 
 6844 codespace ./cli kernel images/4096x40        0   393320   393357   394580 
 6842 codespace ./cli kernel images/4096x40        0   393320   393359   394572 
 6848 codespace ./cli kernel images/4096x40        0   393320   393362   394612 
 6839 codespace ./cli kernel images/4096x40        0   393324   393363   394592 
 6846 codespace ./cli kernel images/4096x40        0   393324   393367   394632 
%CPU %MEM ARGS Sat Sep 26 20:08:05 UTC 2026
 0.0  0.0 grep --color=auto ./cli       1  2300
17.8  4.8 ./cli kernel images/4096x40   0 394612
17.8  4.8 ./cli kernel images/4096x40   0 394632
17.9  4.8 ./cli kernel images/4096x40   1 394592
17.9  4.8 ./cli kernel images/4096x40   0 394580
18.0  4.8 ./cli kernel images/4096x40   0 394572
  PID User     Command                         Swap      USS      PSS      RSS 
13475 codespace /usr/bin/python3 /usr/bin/s        0    12060    12244    14476 
 6842 codespace ./cli kernel images/4096x40        0   393320   393359   394572 
 6844 codespace ./cli kernel images/4096x40        0   393320   393359   394580 
 6848 codespace ./cli kernel images/4096x40        0   393320   393362   394612 
 6839 codespace ./cli kernel images/4096x40        0   393324   393363   394592 
 6846 codespace ./cli kernel images/4096x40        0   393324   393366   394632 
%CPU %MEM ARGS Sat Sep 26 20:08:06 UTC 2026
 0.0  0.0 grep --color=auto ./cli       0  2184
17.8  4.8 ./cli kernel images/4096x40   1 394612
17.8  4.8 ./cli kernel images/4096x40   1 394632
17.9  4.8 ./cli kernel images/4096x40   0 394592
17.9  4.8 ./cli kernel images/4096x40   0 394580
18.0  4.8 ./cli kernel images/4096x40   1 394572
  PID User     Command                         Swap      USS      PSS      RSS 
13491 codespace /usr/bin/python3 /usr/bin/s        0    12060    12243    14476 
 6842 codespace ./cli kernel images/4096x40        0   393320   393359   394572 
 6844 codespace ./cli kernel images/4096x40        0   393320   393359   394580 
 6848 codespace ./cli kernel images/4096x40        0   393320   393362   394612 
 6839 codespace ./cli kernel images/4096x40        0   393324   393363   394592 
 6846 codespace ./cli kernel images/4096x40        0   393324   393367   394632 
%CPU %MEM ARGS Sat Sep 26 20:08:07 UTC 2026
 0.0  0.0 grep --color=auto ./cli       1  2204
17.8  4.8 ./cli kernel images/4096x40   0 394612
17.8  4.8 ./cli kernel images/4096x40   1 394632
17.9  4.8 ./cli kernel images/4096x40   1 394592
17.9  4.8 ./cli kernel images/4096x40   0 394580
18.0  4.8 ./cli kernel images/4096x40   0 394572
  PID User     Command                         Swap      USS      PSS      RSS 
13499 codespace /usr/bin/python3 /usr/bin/s        0    12092    12259    14556 
 6842 codespace ./cli kernel images/4096x40        0   393320   393357   394572 
 6848 codespace ./cli kernel images/4096x40        0   393320   393358   394612 
 6839 codespace ./cli kernel images/4096x40        0   393324   393359   394592 
 6844 codespace ./cli kernel images/4096x40        0   393320   393359   394580 
 6846 codespace ./cli kernel images/4096x40        0   393324   393366   394632 
%CPU %MEM ARGS Sat Sep 26 20:08:09 UTC 2026
 0.0  0.0 grep --color=auto ./cli       0  2344
17.7  4.8 ./cli kernel images/4096x40   1 394612
17.8  4.8 ./cli kernel images/4096x40   0 394632
17.8  4.8 ./cli kernel images/4096x40   0 394592
17.9  4.8 ./cli kernel images/4096x40   0 394580
18.0  4.8 ./cli kernel images/4096x40   1 394572
  PID User     Command                         Swap      USS      PSS      RSS 
13534 codespace /usr/bin/python3 /usr/bin/s        0    12056    12244    14472 
 6842 codespace ./cli kernel images/4096x40        0   393320   393359   394572 
 6844 codespace ./cli kernel images/4096x40        0   393320   393359   394580 
 6848 codespace ./cli kernel images/4096x40        0   393320   393362   394612 
 6839 codespace ./cli kernel images/4096x40        0   393324   393363   394592 
 6846 codespace ./cli kernel images/4096x40        0   393324   393367   394632 
%CPU %MEM ARGS Sat Sep 26 20:08:10 UTC 2026
 0.0  0.0 grep --color=auto ./cli       1  2296
17.7  4.8 ./cli kernel images/4096x40   1 394612
17.8  4.8 ./cli kernel images/4096x40   0 394632
17.8  4.8 ./cli kernel images/4096x40   1 394592
17.9  4.8 ./cli kernel images/4096x40   0 394580
18.0  4.8 ./cli kernel images/4096x40   0 394572
  PID User     Command                         Swap      USS      PSS      RSS 
13541 codespace /usr/bin/python3 /usr/bin/s        0    12064    12252    14540 
 6842 codespace ./cli kernel images/4096x40        0   393320   393355   394572 
 6844 codespace ./cli kernel images/4096x40        0   393320   393359   394580 
 6846 codespace ./cli kernel images/4096x40        0   393324   393362   394632 
 6848 codespace ./cli kernel images/4096x40        0   393320   393362   394612 
 6839 codespace ./cli kernel images/4096x40        0   393324   393363   394592 
%CPU %MEM ARGS Sat Sep 26 20:08:11 UTC 2026
 0.0  0.0 grep --color=auto ./cli       1  2280
17.7  4.8 ./cli kernel images/4096x40   0 394612
17.8  4.8 ./cli kernel images/4096x40   0 394632
17.8  4.8 ./cli kernel images/4096x40   0 394592
17.9  4.8 ./cli kernel images/4096x40   0 394580
18.0  4.8 ./cli kernel images/4096x40   0 394572
  PID User     Command                         Swap      USS      PSS      RSS 
13554 codespace /usr/bin/python3 /usr/bin/s        0    12076    12270    14568 
 6842 codespace ./cli kernel images/4096x40        0   393320   393359   394572 
 6844 codespace ./cli kernel images/4096x40        0   393320   393359   394580 
 6848 codespace ./cli kernel images/4096x40        0   393320   393362   394612 
 6839 codespace ./cli kernel images/4096x40        0   393324   393364   394592 
 6846 codespace ./cli kernel images/4096x40        0   393324   393367   394632 
%CPU %MEM ARGS Sat Sep 26 20:08:13 UTC 2026
 0.0  0.0 grep --color=auto ./cli       1  2208
17.7  4.8 ./cli kernel images/4096x40   1 394612
17.8  4.8 ./cli kernel images/4096x40   1 394632
17.8  4.8 ./cli kernel images/4096x40   0 394592
17.9  4.8 ./cli kernel images/4096x40   0 394580
18.0  4.8 ./cli kernel images/4096x40   1 394572
  PID User     Command                         Swap      USS      PSS      RSS 
13567 codespace /usr/bin/python3 /usr/bin/s        0    12064    12253    14512 
 6842 codespace ./cli kernel images/4096x40        0   393320   393356   394572 
 6844 codespace ./cli kernel images/4096x40        0   393320   393357   394580 
 6848 codespace ./cli kernel images/4096x40        0   393320   393362   394612 
 6839 codespace ./cli kernel images/4096x40        0   393324   393363   394592 
 6846 codespace ./cli kernel images/4096x40        0   393324   393367   394632 
%CPU %MEM ARGS Sat Sep 26 20:08:14 UTC 2026
 0.0  0.0 grep --color=auto ./cli       1  2300
17.7  4.8 ./cli kernel images/4096x40   1 394612
17.7  4.8 ./cli kernel images/4096x40   1 394632
17.8  4.8 ./cli kernel images/4096x40   1 394592
17.9  4.8 ./cli kernel images/4096x40   1 394580
18.0  4.8 ./cli kernel images/4096x40   1 394572
  PID User     Command                         Swap      USS      PSS      RSS 
13579 codespace /usr/bin/python3 /usr/bin/s        0    12056    12247    14540 
 6842 codespace ./cli kernel images/4096x40        0   393320   393359   394572 
 6844 codespace ./cli kernel images/4096x40        0   393320   393359   394580 
 6848 codespace ./cli kernel images/4096x40        0   393320   393362   394612 
 6839 codespace ./cli kernel images/4096x40        0   393324   393363   394592 
 6846 codespace ./cli kernel images/4096x40        0   393324   393367   394632 
%CPU %MEM ARGS Sat Sep 26 20:08:15 UTC 2026
 0.0  0.0 grep --color=auto ./cli       1  2248
17.7  4.8 ./cli kernel images/4096x40   1 394612
17.7  4.8 ./cli kernel images/4096x40   0 394632
17.8  4.8 ./cli kernel images/4096x40   1 394592
17.8  4.8 ./cli kernel images/4096x40   1 394580
18.0  4.8 ./cli kernel images/4096x40   1 394572
  PID User     Command                         Swap      USS      PSS      RSS 
13590 codespace /usr/bin/python3 /usr/bin/s        0    12064    12254    14548 
 6842 codespace ./cli kernel images/4096x40        0   393320   393359   394572 
 6844 codespace ./cli kernel images/4096x40        0   393320   393359   394580 
 6848 codespace ./cli kernel images/4096x40        0   393320   393362   394612 
 6839 codespace ./cli kernel images/4096x40        0   393324   393363   394592 
 6846 codespace ./cli kernel images/4096x40        0   393324   393367   394632 
%CPU %MEM ARGS Sat Sep 26 20:08:17 UTC 2026
 0.0  0.0 grep --color=auto ./cli       0  2152
17.7  4.8 ./cli kernel images/4096x40   0 394612
17.7  4.8 ./cli kernel images/4096x40   0 394632
17.8  4.8 ./cli kernel images/4096x40   0 394592
17.8  4.8 ./cli kernel images/4096x40   1 394580
17.9  4.8 ./cli kernel images/4096x40   0 394572
  PID User     Command                         Swap      USS      PSS      RSS 
13603 codespace /usr/bin/python3 /usr/bin/s        0    12080    12288    14584 
 6842 codespace ./cli kernel images/4096x40        0   393320   393359   394572 
 6844 codespace ./cli kernel images/4096x40        0   393320   393359   394580 
 6848 codespace ./cli kernel images/4096x40        0   393320   393362   394612 
 6839 codespace ./cli kernel images/4096x40        0   393324   393363   394592 
 6846 codespace ./cli kernel images/4096x40        0   393324   393367   394632 
%CPU %MEM ARGS Sat Sep 26 20:08:18 UTC 2026
 0.0  0.0 grep --color=auto ./cli       1  2160
17.7  4.8 ./cli kernel images/4096x40   0 394612
17.7  4.8 ./cli kernel images/4096x40   1 394632
17.8  4.8 ./cli kernel images/4096x40   1 394592
17.8  4.8 ./cli kernel images/4096x40   1 394580
17.9  4.8 ./cli kernel images/4096x40   1 394572
  PID User     Command                         Swap      USS      PSS      RSS 
13620 codespace /usr/bin/python3 /usr/bin/s        0    12064    12260    14524 
 6842 codespace ./cli kernel images/4096x40        0   393320   393359   394572 
 6844 codespace ./cli kernel images/4096x40        0   393320   393359   394580 
 6848 codespace ./cli kernel images/4096x40        0   393320   393362   394612 
 6839 codespace ./cli kernel images/4096x40        0   393324   393363   394592 
 6846 codespace ./cli kernel images/4096x40        0   393324   393367   394632 
%CPU %MEM ARGS Sat Sep 26 20:08:19 UTC 2026
 0.0  0.0 grep --color=auto ./cli       0  2160
17.7  4.8 ./cli kernel images/4096x40   0 394612
17.7  4.8 ./cli kernel images/4096x40   1 394632
17.8  4.8 ./cli kernel images/4096x40   1 394592
17.8  4.8 ./cli kernel images/4096x40   0 394580
17.9  4.8 ./cli kernel images/4096x40   0 394572
  PID User     Command                         Swap      USS      PSS      RSS 
13646 codespace /usr/bin/python3 /usr/bin/s        0    12060    12247    14540 
 6842 codespace ./cli kernel images/4096x40        0   393320   393359   394572 
 6844 codespace ./cli kernel images/4096x40        0   393320   393359   394580 
 6848 codespace ./cli kernel images/4096x40        0   393320   393362   394612 
 6839 codespace ./cli kernel images/4096x40        0   393324   393363   394592 
 6846 codespace ./cli kernel images/4096x40        0   393324   393367   394632 
%CPU %MEM ARGS Sat Sep 26 20:08:21 UTC 2026
 0.0  0.0 grep --color=auto ./cli       0  2164
17.7  4.8 ./cli kernel images/4096x40   1 394612
17.7  4.8 ./cli kernel images/4096x40   1 394632
17.8  4.8 ./cli kernel images/4096x40   1 394592
17.8  4.8 ./cli kernel images/4096x40   1 394580
17.9  4.8 ./cli kernel images/4096x40   0 394572
  PID User     Command                         Swap      USS      PSS      RSS 
13653 codespace /usr/bin/python3 /usr/bin/s        0    12060    12251    14476 
 6842 codespace ./cli kernel images/4096x40        0   393320   393359   394572 
 6844 codespace ./cli kernel images/4096x40        0   393320   393359   394580 
 6839 codespace ./cli kernel images/4096x40        0   393324   393363   394592 
 6848 codespace ./cli kernel images/4096x40        0   393320   393363   394612 
 6846 codespace ./cli kernel images/4096x40        0   393324   393366   394632 
%CPU %MEM ARGS Sat Sep 26 20:08:22 UTC 2026
 0.0  0.0 grep --color=auto ./cli       0  2252
17.7  4.8 ./cli kernel images/4096x40   1 394612
17.7  4.8 ./cli kernel images/4096x40   1 394632
17.8  4.8 ./cli kernel images/4096x40   0 394592
17.8  4.8 ./cli kernel images/4096x40   0 394580
17.9  4.8 ./cli kernel images/4096x40   0 394572
  PID User     Command                         Swap      USS      PSS      RSS 
13669 codespace /usr/bin/python3 /usr/bin/s        0    12064    12243    14496 
 6842 codespace ./cli kernel images/4096x40        0   393320   393357   394572 
 6844 codespace ./cli kernel images/4096x40        0   393320   393357   394580 
 6839 codespace ./cli kernel images/4096x40        0   393324   393360   394592 
 6848 codespace ./cli kernel images/4096x40        0   393320   393362   394612 
 6846 codespace ./cli kernel images/4096x40        0   393324   393365   394632 
%CPU %MEM ARGS Sat Sep 26 20:08:24 UTC 2026
 0.0  0.0 grep --color=auto ./cli       0  2344
17.6  4.8 ./cli kernel images/4096x40   1 394612
17.7  4.8 ./cli kernel images/4096x40   1 394632
17.8  4.8 ./cli kernel images/4096x40   1 394592
17.8  4.8 ./cli kernel images/4096x40   0 394580
17.9  4.8 ./cli kernel images/4096x40   0 394572
  PID User     Command                         Swap      USS      PSS      RSS 
13690 codespace /usr/bin/python3 /usr/bin/s        0    12044    12251    14548 
 6842 codespace ./cli kernel images/4096x40        0   393320   393359   394572 
 6844 codespace ./cli kernel images/4096x40        0   393320   393359   394580 
 6848 codespace ./cli kernel images/4096x40        0   393320   393362   394612 
 6839 codespace ./cli kernel images/4096x40        0   393324   393363   394592 
 6846 codespace ./cli kernel images/4096x40        0   393324   393366   394632 
%CPU %MEM ARGS Sat Sep 26 20:08:25 UTC 2026
 0.0  0.0 grep --color=auto ./cli       1  2204
17.6  4.8 ./cli kernel images/4096x40   1 394612
17.7  4.8 ./cli kernel images/4096x40   0 394632
17.8  4.8 ./cli kernel images/4096x40   1 394592
17.8  4.8 ./cli kernel images/4096x40   0 394580
17.9  4.8 ./cli kernel images/4096x40   1 394572
  PID User     Command                         Swap      USS      PSS      RSS 
13697 codespace /usr/bin/python3 /usr/bin/s        0    12064    12252    14536 
 6842 codespace ./cli kernel images/4096x40        0   393320   393359   394572 
 6844 codespace ./cli kernel images/4096x40        0   393320   393359   394580 
 6848 codespace ./cli kernel images/4096x40        0   393320   393362   394612 
 6839 codespace ./cli kernel images/4096x40        0   393324   393363   394592 
 6846 codespace ./cli kernel images/4096x40        0   393324   393367   394632 
%CPU %MEM ARGS Sat Sep 26 20:08:26 UTC 2026
 0.0  0.0 grep --color=auto ./cli       0  2156
17.6  4.8 ./cli kernel images/4096x40   1 394612
17.7  4.8 ./cli kernel images/4096x40   1 394632
17.8  4.8 ./cli kernel images/4096x40   1 394592
17.8  4.8 ./cli kernel images/4096x40   0 394580
17.9  4.8 ./cli kernel images/4096x40   1 394572
  PID User     Command                         Swap      USS      PSS      RSS 
13704 codespace /usr/bin/python3 /usr/bin/s        0    12060    12246    14476 
 6842 codespace ./cli kernel images/4096x40        0   393320   393359   394572 
 6844 codespace ./cli kernel images/4096x40        0   393320   393359   394580 
 6848 codespace ./cli kernel images/4096x40        0   393320   393362   394612 
 6839 codespace ./cli kernel images/4096x40        0   393324   393363   394592 
 6846 codespace ./cli kernel images/4096x40        0   393324   393367   394632 
%CPU %MEM ARGS Sat Sep 26 20:08:27 UTC 2026
 0.0  0.0 grep --color=auto ./cli       0  2272
17.6  4.8 ./cli kernel images/4096x40   0 394612
17.7  4.8 ./cli kernel images/4096x40   0 394632
17.8  4.8 ./cli kernel images/4096x40   0 394592
17.8  4.8 ./cli kernel images/4096x40   1 394580
17.9  4.8 ./cli kernel images/4096x40   0 394572
  PID User     Command                         Swap      USS      PSS      RSS 
13710 codespace /usr/bin/python3 /usr/bin/s        0    12076    12270    14568 
 6842 codespace ./cli kernel images/4096x40        0   393320   393359   394572 
 6844 codespace ./cli kernel images/4096x40        0   393320   393359   394580 
 6848 codespace ./cli kernel images/4096x40        0   393320   393362   394612 
 6839 codespace ./cli kernel images/4096x40        0   393324   393363   394592 
 6846 codespace ./cli kernel images/4096x40        0   393324   393367   394632 
%CPU %MEM ARGS Sat Sep 26 20:08:28 UTC 2026
 0.0  0.0 grep --color=auto ./cli       0  2184
17.6  4.8 ./cli kernel images/4096x40   1 394612
17.7  4.8 ./cli kernel images/4096x40   0 394632
17.8  4.8 ./cli kernel images/4096x40   1 394580
17.8  4.8 ./cli kernel images/4096x40   0 394592
17.9  4.8 ./cli kernel images/4096x40   1 394572
  PID User     Command                         Swap      USS      PSS      RSS 
13717 codespace /usr/bin/python3 /usr/bin/s        0    12060    12263    14616 
 6842 codespace ./cli kernel images/4096x40        0   393320   393357   394572 
 6844 codespace ./cli kernel images/4096x40        0   393320   393357   394580 
 6848 codespace ./cli kernel images/4096x40        0   393320   393362   394612 
 6839 codespace ./cli kernel images/4096x40        0   393324   393363   394592 
 6846 codespace ./cli kernel images/4096x40        0   393324   393365   394632 
%CPU %MEM ARGS Sat Sep 26 20:08:30 UTC 2026
 0.0  0.0 grep --color=auto ./cli       0  2140
17.6  4.8 ./cli kernel images/4096x40   0 394612
17.7  4.8 ./cli kernel images/4096x40   0 394632
17.7  4.8 ./cli kernel images/4096x40   1 394580
17.8  4.8 ./cli kernel images/4096x40   0 394592
17.9  4.8 ./cli kernel images/4096x40   0 394572
  PID User     Command                         Swap      USS      PSS      RSS 
13755 codespace /usr/bin/python3 /usr/bin/s        0    12076    12270    14568 
 6844 codespace ./cli kernel images/4096x40        0   393320   393355   394580 
 6842 codespace ./cli kernel images/4096x40        0   393320   393359   394572 
 6848 codespace ./cli kernel images/4096x40        0   393320   393362   394612 
 6839 codespace ./cli kernel images/4096x40        0   393324   393364   394592 
 6846 codespace ./cli kernel images/4096x40        0   393324   393367   394632 
%CPU %MEM ARGS Sat Sep 26 20:08:31 UTC 2026
 0.0  0.0 grep --color=auto ./cli       0  2172
17.6  4.8 ./cli kernel images/4096x40   0 394612
17.7  4.8 ./cli kernel images/4096x40   0 394632
17.7  4.8 ./cli kernel images/4096x40   0 394580
17.7  4.8 ./cli kernel images/4096x40   0 394592
17.9  4.8 ./cli kernel images/4096x40   0 394572
  PID User     Command                         Swap      USS      PSS      RSS 
13772 codespace /usr/bin/python3 /usr/bin/s        0    12060    12245    14476 
 6842 codespace ./cli kernel images/4096x40        0   393320   393359   394572 
 6844 codespace ./cli kernel images/4096x40        0   393320   393359   394580 
 6848 codespace ./cli kernel images/4096x40        0   393320   393362   394612 
 6839 codespace ./cli kernel images/4096x40        0   393324   393363   394592 
 6846 codespace ./cli kernel images/4096x40        0   393324   393366   394632 
%CPU %MEM ARGS Sat Sep 26 20:08:32 UTC 2026
 0.0  0.0 grep --color=auto ./cli       0  2160
17.6  4.8 ./cli kernel images/4096x40   1 394612
17.7  4.8 ./cli kernel images/4096x40   1 394632
17.7  4.8 ./cli kernel images/4096x40   0 394580
17.7  4.8 ./cli kernel images/4096x40   1 394592
17.9  4.8 ./cli kernel images/4096x40   0 394572
  PID User     Command                         Swap      USS      PSS      RSS 
13780 codespace /usr/bin/python3 /usr/bin/s        0    12060    12261    14568 
 6842 codespace ./cli kernel images/4096x40        0   393320   393359   394572 
 6844 codespace ./cli kernel images/4096x40        0   393320   393359   394580 
 6848 codespace ./cli kernel images/4096x40        0   393320   393362   394612 
 6839 codespace ./cli kernel images/4096x40        0   393324   393363   394592 
 6846 codespace ./cli kernel images/4096x40        0   393324   393367   394632 
%CPU %MEM ARGS Sat Sep 26 20:08:34 UTC 2026
 0.0  0.0 grep --color=auto ./cli       1  2340
17.6  4.8 ./cli kernel images/4096x40   0 394612
17.7  4.8 ./cli kernel images/4096x40   0 394632
17.7  4.8 ./cli kernel images/4096x40   0 394580
17.7  4.8 ./cli kernel images/4096x40   0 394592
17.8  4.8 ./cli kernel images/4096x40   0 394572
  PID User     Command                         Swap      USS      PSS      RSS 
13788 codespace /usr/bin/python3 /usr/bin/s        0    12060    12254    14584 
 6844 codespace ./cli kernel images/4096x40        0   393320   393357   394580 
 6842 codespace ./cli kernel images/4096x40        0   393320   393359   394572 
 6848 codespace ./cli kernel images/4096x40        0   393320   393360   394612 
 6839 codespace ./cli kernel images/4096x40        0   393324   393363   394592 
 6846 codespace ./cli kernel images/4096x40        0   393324   393365   394632 
%CPU %MEM ARGS Sat Sep 26 20:08:35 UTC 2026
 0.0  0.0 grep --color=auto ./cli       1  2160
17.6  4.8 ./cli kernel images/4096x40   1 394612
17.7  4.8 ./cli kernel images/4096x40   1 394632
17.7  4.8 ./cli kernel images/4096x40   1 394580
17.7  4.8 ./cli kernel images/4096x40   0 394592
17.8  4.8 ./cli kernel images/4096x40   1 394572
  PID User     Command                         Swap      USS      PSS      RSS 
13802 codespace /usr/bin/python3 /usr/bin/s        0    12064    12250    14532 
 6844 codespace ./cli kernel images/4096x40        0   393320   393354   394580 
 6839 codespace ./cli kernel images/4096x40        0   393324   393359   394592 
 6842 codespace ./cli kernel images/4096x40        0   393320   393359   394572 
 6848 codespace ./cli kernel images/4096x40        0   393320   393362   394612 
 6846 codespace ./cli kernel images/4096x40        0   393324   393367   394632 
%CPU %MEM ARGS Sat Sep 26 20:08:37 UTC 2026
 0.0  0.0 grep --color=auto ./cli       1  2344
17.6  4.8 ./cli kernel images/4096x40   1 394612
17.7  4.8 ./cli kernel images/4096x40   1 394632
17.7  4.8 ./cli kernel images/4096x40   1 394580
17.7  4.8 ./cli kernel images/4096x40   1 394592
17.8  4.8 ./cli kernel images/4096x40   1 394572
  PID User     Command                         Swap      USS      PSS      RSS 
13821 codespace /usr/bin/python3 /usr/bin/s        0    12056    12244    14516 
 6842 codespace ./cli kernel images/4096x40        0   393320   393359   394572 
 6844 codespace ./cli kernel images/4096x40        0   393320   393359   394580 
 6846 codespace ./cli kernel images/4096x40        0   393324   393362   394632 
 6848 codespace ./cli kernel images/4096x40        0   393320   393362   394612 
 6839 codespace ./cli kernel images/4096x40        0   393324   393363   394592 
%CPU %MEM ARGS Sat Sep 26 20:08:38 UTC 2026
 0.0  0.0 grep --color=auto ./cli       1  2300
17.6  4.8 ./cli kernel images/4096x40   1 394612
17.7  4.8 ./cli kernel images/4096x40   1 394632
17.7  4.8 ./cli kernel images/4096x40   0 394580
17.7  4.8 ./cli kernel images/4096x40   0 394592
17.8  4.8 ./cli kernel images/4096x40   0 394572
  PID User     Command                         Swap      USS      PSS      RSS 
13834 codespace /usr/bin/python3 /usr/bin/s        0    12072    12271    14592 
 6842 codespace ./cli kernel images/4096x40        0   393320   393359   394572 
 6844 codespace ./cli kernel images/4096x40        0   393320   393359   394580 
 6848 codespace ./cli kernel images/4096x40        0   393320   393362   394612 
 6839 codespace ./cli kernel images/4096x40        0   393324   393363   394592 
 6846 codespace ./cli kernel images/4096x40        0   393324   393366   394632 
%CPU %MEM ARGS Sat Sep 26 20:08:39 UTC 2026
 0.0  0.0 grep --color=auto ./cli       0  2252
17.6  4.8 ./cli kernel images/4096x40   1 394612
17.7  4.8 ./cli kernel images/4096x40   1 394632
17.7  4.8 ./cli kernel images/4096x40   1 394580
17.7  4.8 ./cli kernel images/4096x40   0 394592
17.8  4.8 ./cli kernel images/4096x40   0 394572
  PID User     Command                         Swap      USS      PSS      RSS 
13841 codespace /usr/bin/python3 /usr/bin/s        0    12056    12245    14484 
 6842 codespace ./cli kernel images/4096x40        0   393320   393359   394572 
 6844 codespace ./cli kernel images/4096x40        0   393320   393359   394580 
 6848 codespace ./cli kernel images/4096x40        0   393320   393362   394612 
 6839 codespace ./cli kernel images/4096x40        0   393324   393363   394592 
 6846 codespace ./cli kernel images/4096x40        0   393324   393366   394632 
%CPU %MEM ARGS Sat Sep 26 20:08:40 UTC 2026
 0.0  0.0 grep --color=auto ./cli       0  2292
17.6  4.8 ./cli kernel images/4096x40   1 394612
17.7  4.8 ./cli kernel images/4096x40   1 394632
17.7  4.8 ./cli kernel images/4096x40   0 394580
17.7  4.8 ./cli kernel images/4096x40   0 394592
17.8  4.8 ./cli kernel images/4096x40   0 394572
  PID User     Command                         Swap      USS      PSS      RSS 
13867 codespace /usr/bin/python3 /usr/bin/s        0    11992    12213    14536 
 6842 codespace ./cli kernel images/4096x40        0   393320   393358   394572 
 6844 codespace ./cli kernel images/4096x40        0   393320   393359   394580 
 6848 codespace ./cli kernel images/4096x40        0   393320   393362   394612 
 6839 codespace ./cli kernel images/4096x40        0   393324   393363   394592 
 6846 codespace ./cli kernel images/4096x40        0   393324   393367   394632 
%CPU %MEM ARGS Sat Sep 26 20:08:42 UTC 2026
 0.0  0.0 grep --color=auto ./cli       0  2252
17.6  4.8 ./cli kernel images/4096x40   0 394612
17.7  4.8 ./cli kernel images/4096x40   0 394632
17.7  4.8 ./cli kernel images/4096x40   1 394580
17.7  4.8 ./cli kernel images/4096x40   0 394592
17.8  4.8 ./cli kernel images/4096x40   1 394572
  PID User     Command                         Swap      USS      PSS      RSS 
13884 codespace /usr/bin/python3 /usr/bin/s        0    12080    12265    14564 
 6844 codespace ./cli kernel images/4096x40        0   393320   393355   394580 
 6842 codespace ./cli kernel images/4096x40        0   393320   393358   394572 
 6848 codespace ./cli kernel images/4096x40        0   393320   393362   394612 
 6839 codespace ./cli kernel images/4096x40        0   393324   393363   394592 
 6846 codespace ./cli kernel images/4096x40        0   393324   393367   394632 
%CPU %MEM ARGS Sat Sep 26 20:08:43 UTC 2026
 0.0  0.0 grep --color=auto ./cli       0  2252
17.6  4.8 ./cli kernel images/4096x40   1 394612
17.7  4.8 ./cli kernel images/4096x40   1 394632
17.7  4.8 ./cli kernel images/4096x40   1 394592
17.7  4.8 ./cli kernel images/4096x40   0 394580
17.8  4.8 ./cli kernel images/4096x40   1 394572
  PID User     Command                         Swap      USS      PSS      RSS 
13898 codespace /usr/bin/python3 /usr/bin/s        0    12060    12245    14476 
 6842 codespace ./cli kernel images/4096x40        0   393320   393359   394572 
 6844 codespace ./cli kernel images/4096x40        0   393320   393359   394580 
 6848 codespace ./cli kernel images/4096x40        0   393320   393360   394612 
 6839 codespace ./cli kernel images/4096x40        0   393324   393363   394592 
 6846 codespace ./cli kernel images/4096x40        0   393324   393367   394632 
%CPU %MEM ARGS Sat Sep 26 20:08:44 UTC 2026
 0.0  0.0 grep --color=auto ./cli       1  2252
17.6  4.8 ./cli kernel images/4096x40   1 394612
17.6  4.8 ./cli kernel images/4096x40   1 394632
17.7  4.8 ./cli kernel images/4096x40   1 394580
17.7  4.8 ./cli kernel images/4096x40   1 394592
17.8  4.8 ./cli kernel images/4096x40   1 394572
  PID User     Command                         Swap      USS      PSS      RSS 
13905 codespace /usr/bin/python3 /usr/bin/s        0    12072    12266    14564 
 6844 codespace ./cli kernel images/4096x40        0   393320   393355   394580 
 6842 codespace ./cli kernel images/4096x40        0   393320   393358   394572 
 6848 codespace ./cli kernel images/4096x40        0   393320   393362   394612 
 6839 codespace ./cli kernel images/4096x40        0   393324   393364   394592 
 6846 codespace ./cli kernel images/4096x40        0   393324   393367   394632 
%CPU %MEM ARGS Sat Sep 26 20:08:45 UTC 2026
 0.0  0.0 grep --color=auto ./cli       1  1968
17.6  4.8 ./cli kernel images/4096x40   1 394612
17.6  4.8 ./cli kernel images/4096x40   1 394632
17.7  4.8 ./cli kernel images/4096x40   1 394592
17.7  4.8 ./cli kernel images/4096x40   1 394580
17.8  4.8 ./cli kernel images/4096x40   1 394572
  PID User     Command                         Swap      USS      PSS      RSS 
13918 codespace /usr/bin/python3 /usr/bin/s        0    12060    12280    14592 
 6842 codespace ./cli kernel images/4096x40        0   393320   393359   394572 
 6844 codespace ./cli kernel images/4096x40        0   393320   393359   394580 
 6848 codespace ./cli kernel images/4096x40        0   393320   393362   394612 
 6839 codespace ./cli kernel images/4096x40        0   393324   393363   394592 
 6846 codespace ./cli kernel images/4096x40        0   393324   393367   394632 
%CPU %MEM ARGS Sat Sep 26 20:08:46 UTC 2026
 0.0  0.0 grep --color=auto ./cli       1  2160
17.6  4.8 ./cli kernel images/4096x40   0 394612
17.6  4.8 ./cli kernel images/4096x40   1 394632
17.7  4.8 ./cli kernel images/4096x40   0 394592
17.7  4.8 ./cli kernel images/4096x40   1 394580
17.8  4.8 ./cli kernel images/4096x40   1 394572
  PID User     Command                         Swap      USS      PSS      RSS 
13924 codespace /usr/bin/python3 /usr/bin/s        0    12060    12246    14476 
 6842 codespace ./cli kernel images/4096x40        0   393320   393359   394572 
 6844 codespace ./cli kernel images/4096x40        0   393320   393359   394580 
 6848 codespace ./cli kernel images/4096x40        0   393320   393362   394612 
 6839 codespace ./cli kernel images/4096x40        0   393324   393363   394592 
 6846 codespace ./cli kernel images/4096x40        0   393324   393366   394632 
%CPU %MEM ARGS Sat Sep 26 20:08:48 UTC 2026
 0.0  0.0 grep --color=auto ./cli       1  2180
17.6  4.8 ./cli kernel images/4096x40   0 394612
17.6  4.8 ./cli kernel images/4096x40   0 394632
17.7  4.8 ./cli kernel images/4096x40   1 394580
17.7  4.8 ./cli kernel images/4096x40   1 394592
17.8  4.8 ./cli kernel images/4096x40   1 394572
  PID User     Command                         Swap      USS      PSS      RSS 
13942 codespace /usr/bin/python3 /usr/bin/s        0    12072    12251    14460 
 6842 codespace ./cli kernel images/4096x40        0   393320   393359   394572 
 6844 codespace ./cli kernel images/4096x40        0   393320   393359   394580 
 6848 codespace ./cli kernel images/4096x40        0   393320   393362   394612 
 6839 codespace ./cli kernel images/4096x40        0   393324   393364   394592 
 6846 codespace ./cli kernel images/4096x40        0   393324   393367   394632 
%CPU %MEM ARGS Sat Sep 26 20:08:49 UTC 2026
 0.0  0.0 grep --color=auto ./cli       1  2288
17.5  4.8 ./cli kernel images/4096x40   1 394612
17.6  4.8 ./cli kernel images/4096x40   1 394632
17.6  4.8 ./cli kernel images/4096x40   1 394580
17.6  4.8 ./cli kernel images/4096x40   1 394592
17.7  4.8 ./cli kernel images/4096x40   0 394572
  PID User     Command                         Swap      USS      PSS      RSS 
13953 codespace /usr/bin/python3 /usr/bin/s        0    12060    12243    14460 
 6842 codespace ./cli kernel images/4096x40        0   393320   393359   394572 
 6844 codespace ./cli kernel images/4096x40        0   393320   393359   394580 
 6848 codespace ./cli kernel images/4096x40        0   393320   393362   394612 
 6839 codespace ./cli kernel images/4096x40        0   393324   393363   394592 
 6846 codespace ./cli kernel images/4096x40        0   393324   393366   394632 
%CPU %MEM ARGS Sat Sep 26 20:08:50 UTC 2026
 0.0  0.0 grep --color=auto ./cli       1  2184
17.5  4.8 ./cli kernel images/4096x40   0 394612
17.6  4.8 ./cli kernel images/4096x40   1 394632
17.6  4.8 ./cli kernel images/4096x40   1 394592
17.6  4.8 ./cli kernel images/4096x40   1 394580
17.7  4.8 ./cli kernel images/4096x40   1 394572
  PID User     Command                         Swap      USS      PSS      RSS 
13963 codespace /usr/bin/python3 /usr/bin/s        0    12060    12246    14476 
 6842 codespace ./cli kernel images/4096x40        0   393320   393359   394572 
 6844 codespace ./cli kernel images/4096x40        0   393320   393359   394580 
 6848 codespace ./cli kernel images/4096x40        0   393320   393362   394612 
 6839 codespace ./cli kernel images/4096x40        0   393324   393363   394592 
 6846 codespace ./cli kernel images/4096x40        0   393324   393367   394632 
%CPU %MEM ARGS Sat Sep 26 20:08:51 UTC 2026
 0.0  0.0 grep --color=auto ./cli       0  2176
17.5  4.8 ./cli kernel images/4096x40   1 394612
17.6  4.8 ./cli kernel images/4096x40   1 394632
17.6  4.8 ./cli kernel images/4096x40   0 394580
17.6  4.8 ./cli kernel images/4096x40   1 394592
17.7  4.8 ./cli kernel images/4096x40   1 394572
  PID User     Command                         Swap      USS      PSS      RSS 
13983 codespace /usr/bin/python3 /usr/bin/s        0    12068    12230    14484 
 6844 codespace ./cli kernel images/4096x40        0   393320   393357   394580 
 6839 codespace ./cli kernel images/4096x40        0   393324   393359   394592 
 6842 codespace ./cli kernel images/4096x40        0   393320   393359   394572 
 6848 codespace ./cli kernel images/4096x40        0   393320   393360   394612 
 6846 codespace ./cli kernel images/4096x40        0   393324   393364   394632 
%CPU %MEM ARGS Sat Sep 26 20:08:53 UTC 2026
 0.0  0.0 grep --color=auto ./cli       1  2128
17.5  4.8 ./cli kernel images/4096x40   1 394612
17.6  4.8 ./cli kernel images/4096x40   1 394632
17.6  4.8 ./cli kernel images/4096x40   1 394592
17.6  4.8 ./cli kernel images/4096x40   1 394580
17.7  4.8 ./cli kernel images/4096x40   1 394572
  PID User     Command                         Swap      USS      PSS      RSS 
14008 codespace /usr/bin/python3 /usr/bin/s        0    12060    12244    14476 
 6842 codespace ./cli kernel images/4096x40        0   393320   393356   394572 
 6844 codespace ./cli kernel images/4096x40        0   393320   393356   394580 
 6848 codespace ./cli kernel images/4096x40        0   393320   393360   394612 
 6839 codespace ./cli kernel images/4096x40        0   393324   393363   394592 
 6846 codespace ./cli kernel images/4096x40        0   393324   393365   394632 
%CPU %MEM ARGS Sat Sep 26 20:08:54 UTC 2026
 0.0  0.0 grep --color=auto ./cli       0  2160
17.5  4.8 ./cli kernel images/4096x40   0 394612
17.6  4.8 ./cli kernel images/4096x40   0 394632
17.6  4.8 ./cli kernel images/4096x40   0 394592
17.6  4.8 ./cli kernel images/4096x40   1 394580
17.7  4.8 ./cli kernel images/4096x40   1 394572
  PID User     Command                         Swap      USS      PSS      RSS 
14020 codespace /usr/bin/python3 /usr/bin/s        0    12060    12255    14524 
 6842 codespace ./cli kernel images/4096x40        0   393320   393359   394572 
 6844 codespace ./cli kernel images/4096x40        0   393320   393359   394580 
 6848 codespace ./cli kernel images/4096x40        0   393320   393362   394612 
 6839 codespace ./cli kernel images/4096x40        0   393324   393363   394592 
 6846 codespace ./cli kernel images/4096x40        0   393324   393367   394632 
%CPU %MEM ARGS Sat Sep 26 20:08:55 UTC 2026
 0.0  0.0 grep --color=auto ./cli       1  2208
17.5  4.8 ./cli kernel images/4096x40   1 394612
17.6  4.8 ./cli kernel images/4096x40   1 394632
17.6  4.8 ./cli kernel images/4096x40   1 394592
17.6  4.8 ./cli kernel images/4096x40   0 394580
17.7  4.8 ./cli kernel images/4096x40   1 394572
  PID User     Command                         Swap      USS      PSS      RSS 
14031 codespace /usr/bin/python3 /usr/bin/s        0    12060    12251    14516 
 6842 codespace ./cli kernel images/4096x40        0   393320   393359   394572 
 6844 codespace ./cli kernel images/4096x40        0   393320   393359   394580 
 6848 codespace ./cli kernel images/4096x40        0   393320   393362   394612 
 6839 codespace ./cli kernel images/4096x40        0   393324   393364   394592 
 6846 codespace ./cli kernel images/4096x40        0   393324   393367   394632 
%CPU %MEM ARGS Sat Sep 26 20:08:56 UTC 2026
 0.0  0.0 grep --color=auto ./cli       1  2300
17.5  4.8 ./cli kernel images/4096x40   0 394612
17.6  4.8 ./cli kernel images/4096x40   1 394632
17.6  4.8 ./cli kernel images/4096x40   0 394592
17.6  4.8 ./cli kernel images/4096x40   1 394580
17.7  4.8 ./cli kernel images/4096x40   0 394572
  PID User     Command                         Swap      USS      PSS      RSS 
14041 codespace /usr/bin/python3 /usr/bin/s        0    12064    12253    14544 
 6842 codespace ./cli kernel images/4096x40        0   393320   393359   394572 
 6844 codespace ./cli kernel images/4096x40        0   393320   393359   394580 
 6848 codespace ./cli kernel images/4096x40        0   393320   393362   394612 
 6839 codespace ./cli kernel images/4096x40        0   393324   393363   394592 
 6846 codespace ./cli kernel images/4096x40        0   393324   393367   394632 
%CPU %MEM ARGS Sat Sep 26 20:08:58 UTC 2026
 0.0  0.0 grep --color=auto ./cli       0  2296
17.5  4.8 ./cli kernel images/4096x40   1 394612
17.6  4.8 ./cli kernel images/4096x40   1 394632
17.6  4.8 ./cli kernel images/4096x40   0 394592
17.6  4.8 ./cli kernel images/4096x40   1 394580
17.7  4.8 ./cli kernel images/4096x40   1 394572
  PID User     Command                         Swap      USS      PSS      RSS 
14055 codespace /usr/bin/python3 /usr/bin/s        0    12020    12260    14596 
 6842 codespace ./cli kernel images/4096x40        0   393320   393355   394572 
 6844 codespace ./cli kernel images/4096x40        0   393320   393359   394580 
 6848 codespace ./cli kernel images/4096x40        0   393320   393359   394612 
 6839 codespace ./cli kernel images/4096x40        0   393324   393363   394592 
 6846 codespace ./cli kernel images/4096x40        0   393324   393366   394632 
%CPU %MEM ARGS Sat Sep 26 20:08:59 UTC 2026
 0.0  0.0 grep --color=auto ./cli       0  2296
17.5  4.8 ./cli kernel images/4096x40   1 394612
17.6  4.8 ./cli kernel images/4096x40   1 394632
17.6  4.8 ./cli kernel images/4096x40   1 394592
17.6  4.8 ./cli kernel images/4096x40   0 394580
17.7  4.8 ./cli kernel images/4096x40   1 394572
  PID User     Command                         Swap      USS      PSS      RSS 
14070 codespace /usr/bin/python3 /usr/bin/s        0    12060    12243    14476 
 6842 codespace ./cli kernel images/4096x40        0   393320   393359   394572 
 6844 codespace ./cli kernel images/4096x40        0   393320   393359   394580 
 6848 codespace ./cli kernel images/4096x40        0   393320   393362   394612 
 6839 codespace ./cli kernel images/4096x40        0   393324   393363   394592 
 6846 codespace ./cli kernel images/4096x40        0   393324   393367   394632 
%CPU %MEM ARGS Sat Sep 26 20:09:00 UTC 2026
 0.0  0.0 grep --color=auto ./cli       0  2252
17.5  4.8 ./cli kernel images/4096x40   0 394612
17.6  4.8 ./cli kernel images/4096x40   0 394632
17.6  4.8 ./cli kernel images/4096x40   0 394592
17.6  4.8 ./cli kernel images/4096x40   0 394580
17.7  4.8 ./cli kernel images/4096x40   0 394572
  PID User     Command                         Swap      USS      PSS      RSS 
14081 codespace /usr/bin/python3 /usr/bin/s        0    12052    12223    14444 
 6848 codespace ./cli kernel images/4096x40        0   393320   393357   394612 
 6842 codespace ./cli kernel images/4096x40        0   393320   393359   394572 
 6844 codespace ./cli kernel images/4096x40        0   393320   393359   394580 
 6839 codespace ./cli kernel images/4096x40        0   393324   393363   394592 
 6846 codespace ./cli kernel images/4096x40        0   393324   393366   394632 
%CPU %MEM ARGS Sat Sep 26 20:09:02 UTC 2026
 0.0  0.0 grep --color=auto ./cli       0  2180
17.5  4.8 ./cli kernel images/4096x40   0 394612
17.6  4.8 ./cli kernel images/4096x40   0 394632
17.6  4.8 ./cli kernel images/4096x40   1 394592
17.6  4.8 ./cli kernel images/4096x40   0 394580
17.7  4.8 ./cli kernel images/4096x40   0 394572
  PID User     Command                         Swap      USS      PSS      RSS 
14103 codespace /usr/bin/python3 /usr/bin/s        0    12088    12283    14628 
 6842 codespace ./cli kernel images/4096x40        0   393320   393359   394572 
 6844 codespace ./cli kernel images/4096x40        0   393320   393359   394580 
 6848 codespace ./cli kernel images/4096x40        0   393320   393362   394612 
 6839 codespace ./cli kernel images/4096x40        0   393324   393363   394592 
 6846 codespace ./cli kernel images/4096x40        0   393324   393367   394632 
%CPU %MEM ARGS Sat Sep 26 20:09:03 UTC 2026
 0.0  0.0 grep --color=auto ./cli       0  2308
17.5  4.8 ./cli kernel images/4096x40   0 394612
17.6  4.8 ./cli kernel images/4096x40   1 394632
17.6  4.8 ./cli kernel images/4096x40   0 394592
17.6  4.8 ./cli kernel images/4096x40   1 394580
17.7  4.8 ./cli kernel images/4096x40   1 394572
  PID User     Command                         Swap      USS      PSS      RSS 
14119 codespace /usr/bin/python3 /usr/bin/s        0    12088    12295    14592 
 6842 codespace ./cli kernel images/4096x40        0   393320   393357   394572 
 6844 codespace ./cli kernel images/4096x40        0   393320   393359   394580 
 6848 codespace ./cli kernel images/4096x40        0   393320   393362   394612 
 6839 codespace ./cli kernel images/4096x40        0   393324   393363   394592 
 6846 codespace ./cli kernel images/4096x40        0   393324   393367   394632 
%CPU %MEM ARGS Sat Sep 26 20:09:04 UTC 2026
 0.0  0.0 grep --color=auto ./cli       0  2172
17.5  4.8 ./cli kernel images/4096x40   0 394612
17.5  4.8 ./cli kernel images/4096x40   0 394632
17.6  4.8 ./cli kernel images/4096x40   0 394592
17.6  4.8 ./cli kernel images/4096x40   1 394580
17.7  4.8 ./cli kernel images/4096x40   0 394572
  PID User     Command                         Swap      USS      PSS      RSS 
14132 codespace /usr/bin/python3 /usr/bin/s        0    12060    12247    14540 
 6842 codespace ./cli kernel images/4096x40        0   393320   393357   394572 
 6844 codespace ./cli kernel images/4096x40        0   393320   393357   394580 
 6848 codespace ./cli kernel images/4096x40        0   393320   393362   394612 
 6839 codespace ./cli kernel images/4096x40        0   393324   393363   394592 
 6846 codespace ./cli kernel images/4096x40        0   393324   393365   394632 
%CPU %MEM ARGS Sat Sep 26 20:09:06 UTC 2026
 0.0  0.0 grep --color=auto ./cli       0  2192
17.5  4.8 ./cli kernel images/4096x40   1 394612
17.5  4.8 ./cli kernel images/4096x40   1 394632
17.6  4.8 ./cli kernel images/4096x40   1 394592
17.6  4.8 ./cli kernel images/4096x40   1 394580
17.7  4.8 ./cli kernel images/4096x40   1 394572
  PID User     Command                         Swap      USS      PSS      RSS 
14143 codespace /usr/bin/python3 /usr/bin/s        0    12088    12296    14592 
 6842 codespace ./cli kernel images/4096x40        0   393320   393359   394572 
 6844 codespace ./cli kernel images/4096x40        0   393320   393359   394580 
 6848 codespace ./cli kernel images/4096x40        0   393320   393362   394612 
 6839 codespace ./cli kernel images/4096x40        0   393324   393363   394592 
 6846 codespace ./cli kernel images/4096x40        0   393324   393367   394632 
%CPU %MEM ARGS Sat Sep 26 20:09:07 UTC 2026
 0.0  0.0 grep --color=auto ./cli       0  2300
17.5  4.8 ./cli kernel images/4096x40   1 394612
17.5  4.8 ./cli kernel images/4096x40   1 394632
17.6  4.8 ./cli kernel images/4096x40   1 394592
17.6  4.8 ./cli kernel images/4096x40   1 394580
17.7  4.8 ./cli kernel images/4096x40   1 394572
  PID User     Command                         Swap      USS      PSS      RSS 
14152 codespace /usr/bin/python3 /usr/bin/s        0    12072    12259    14508 
 6842 codespace ./cli kernel images/4096x40        0   393320   393359   394572 
 6844 codespace ./cli kernel images/4096x40        0   393320   393359   394580 
 6848 codespace ./cli kernel images/4096x40        0   393320   393362   394612 
 6839 codespace ./cli kernel images/4096x40        0   393324   393363   394592 
 6846 codespace ./cli kernel images/4096x40        0   393324   393367   394632 
%CPU %MEM ARGS Sat Sep 26 20:09:08 UTC 2026
 0.0  0.0 grep --color=auto ./cli       0  2200
17.5  4.8 ./cli kernel images/4096x40   0 394612
17.5  4.8 ./cli kernel images/4096x40   0 394632
17.6  4.8 ./cli kernel images/4096x40   1 394592
17.6  4.8 ./cli kernel images/4096x40   0 394580
17.7  4.8 ./cli kernel images/4096x40   0 394572
  PID User     Command                         Swap      USS      PSS      RSS 
14168 codespace /usr/bin/python3 /usr/bin/s        0    12056    12248    14484 
 6842 codespace ./cli kernel images/4096x40        0   393320   393359   394572 
 6844 codespace ./cli kernel images/4096x40        0   393320   393359   394580 
 6848 codespace ./cli kernel images/4096x40        0   393320   393362   394612 
 6839 codespace ./cli kernel images/4096x40        0   393324   393363   394592 
 6846 codespace ./cli kernel images/4096x40        0   393324   393366   394632 
%CPU %MEM ARGS Sat Sep 26 20:09:09 UTC 2026
 0.0  0.0 grep --color=auto ./cli       1  2252
17.5  4.8 ./cli kernel images/4096x40   1 394612
17.5  4.8 ./cli kernel images/4096x40   0 394632
17.6  4.8 ./cli kernel images/4096x40   0 394592
17.6  4.8 ./cli kernel images/4096x40   0 394580
17.6  4.8 ./cli kernel images/4096x40   0 394572
  PID User     Command                         Swap      USS      PSS      RSS 
14183 codespace /usr/bin/python3 /usr/bin/s        0    12060    12245    14476 
 6842 codespace ./cli kernel images/4096x40        0   393320   393359   394572 
 6844 codespace ./cli kernel images/4096x40        0   393320   393359   394580 
 6848 codespace ./cli kernel images/4096x40        0   393320   393362   394612 
 6839 codespace ./cli kernel images/4096x40        0   393324   393363   394592 
 6846 codespace ./cli kernel images/4096x40        0   393324   393366   394632 
%CPU %MEM ARGS Sat Sep 26 20:09:11 UTC 2026
 0.0  0.0 grep --color=auto ./cli       0  2252
17.4  4.8 ./cli kernel images/4096x40   0 394612
17.5  4.8 ./cli kernel images/4096x40   0 394632
17.5  4.8 ./cli kernel images/4096x40   0 394580
17.6  4.8 ./cli kernel images/4096x40   0 394592
17.6  4.8 ./cli kernel images/4096x40   0 394572
  PID User     Command                         Swap      USS      PSS      RSS 
14194 codespace /usr/bin/python3 /usr/bin/s        0    12064    12257    14520 
 6842 codespace ./cli kernel images/4096x40        0   393320   393359   394572 
 6844 codespace ./cli kernel images/4096x40        0   393320   393359   394580 
 6848 codespace ./cli kernel images/4096x40        0   393320   393361   394612 
 6839 codespace ./cli kernel images/4096x40        0   393324   393363   394592 
 6846 codespace ./cli kernel images/4096x40        0   393324   393367   394632 
%CPU %MEM ARGS Sat Sep 26 20:09:12 UTC 2026
 0.0  0.0 grep --color=auto ./cli       0  2248
17.4  4.8 ./cli kernel images/4096x40   0 394612
17.5  4.8 ./cli kernel images/4096x40   1 394632
17.5  4.8 ./cli kernel images/4096x40   0 394580
17.5  4.8 ./cli kernel images/4096x40   0 394592
17.7  4.8 ./cli kernel images/4096x40   0 394572
  PID User     Command                         Swap      USS      PSS      RSS 
14203 codespace /usr/bin/python3 /usr/bin/s        0    12068    12269    14620 
 6842 codespace ./cli kernel images/4096x40        0   393320   393359   394572 
 6844 codespace ./cli kernel images/4096x40        0   393320   393359   394580 
 6848 codespace ./cli kernel images/4096x40        0   393320   393362   394612 
 6839 codespace ./cli kernel images/4096x40        0   393324   393363   394592 
 6846 codespace ./cli kernel images/4096x40        0   393324   393367   394632 
%CPU %MEM ARGS Sat Sep 26 20:09:14 UTC 2026
 0.0  0.0 grep --color=auto ./cli       0  2208
17.4  4.8 ./cli kernel images/4096x40   0 394612
17.5  4.8 ./cli kernel images/4096x40   0 394632
17.5  4.8 ./cli kernel images/4096x40   1 394580
17.5  4.8 ./cli kernel images/4096x40   0 394592
17.6  4.8 ./cli kernel images/4096x40   0 394572
  PID User     Command                         Swap      USS      PSS      RSS 
14227 codespace /usr/bin/python3 /usr/bin/s        0    12060    12206    14476 
 6839 codespace ./cli kernel images/4096x40        0   393324   393356   394592 
 6842 codespace ./cli kernel images/4096x40        0   393320   393359   394572 
 6844 codespace ./cli kernel images/4096x40        0   393320   393359   394580 
 6848 codespace ./cli kernel images/4096x40        0   393320   393360   394612 
 6846 codespace ./cli kernel images/4096x40        0   393324   393367   394632 
%CPU %MEM ARGS Sat Sep 26 20:09:15 UTC 2026
 0.0  0.0 grep --color=auto ./cli       0  2204
17.4  4.8 ./cli kernel images/4096x40   0 394612
17.5  4.8 ./cli kernel images/4096x40   1 394632
17.5  4.8 ./cli kernel images/4096x40   0 394592
17.5  4.8 ./cli kernel images/4096x40   1 394580
17.6  4.8 ./cli kernel images/4096x40   0 394572
  PID User     Command                         Swap      USS      PSS      RSS 
14252 codespace /usr/bin/python3 /usr/bin/s        0    11984    12205    14540 
 6842 codespace ./cli kernel images/4096x40        0   393320   393359   394572 
 6844 codespace ./cli kernel images/4096x40        0   393320   393359   394580 
 6848 codespace ./cli kernel images/4096x40        0   393320   393362   394612 
 6839 codespace ./cli kernel images/4096x40        0   393324   393363   394592 
 6846 codespace ./cli kernel images/4096x40        0   393324   393366   394632 
%CPU %MEM ARGS Sat Sep 26 20:09:17 UTC 2026
 0.0  0.0 grep --color=auto ./cli       0  2344
17.4  4.8 ./cli kernel images/4096x40   1 394612
17.5  4.8 ./cli kernel images/4096x40   1 394632
17.5  4.8 ./cli kernel images/4096x40   0 394592
17.5  4.8 ./cli kernel images/4096x40   1 394580
17.6  4.8 ./cli kernel images/4096x40   1 394572
  PID User     Command                         Swap      USS      PSS      RSS 
14264 codespace /usr/bin/python3 /usr/bin/s        0    12064    12253    14544 
 6842 codespace ./cli kernel images/4096x40        0   393320   393359   394572 
 6844 codespace ./cli kernel images/4096x40        0   393320   393359   394580 
 6848 codespace ./cli kernel images/4096x40        0   393320   393362   394612 
 6839 codespace ./cli kernel images/4096x40        0   393324   393363   394592 
 6846 codespace ./cli kernel images/4096x40        0   393324   393367   394632 
%CPU %MEM ARGS Sat Sep 26 20:09:18 UTC 2026
 0.0  0.0 grep --color=auto ./cli       1  2184
17.4  4.8 ./cli kernel images/4096x40   1 394612
17.5  4.8 ./cli kernel images/4096x40   1 394632
17.5  4.8 ./cli kernel images/4096x40   1 394580
17.5  4.8 ./cli kernel images/4096x40   0 394592
17.6  4.8 ./cli kernel images/4096x40   1 394572
  PID User     Command                         Swap      USS      PSS      RSS 
14272 codespace /usr/bin/python3 /usr/bin/s        0    12084    12278    14592 
 6842 codespace ./cli kernel images/4096x40        0   393320   393359   394572 
 6844 codespace ./cli kernel images/4096x40        0   393320   393359   394580 
 6848 codespace ./cli kernel images/4096x40        0   393320   393362   394612 
 6839 codespace ./cli kernel images/4096x40        0   393324   393363   394592 
 6846 codespace ./cli kernel images/4096x40        0   393324   393367   394632 
%CPU %MEM ARGS Sat Sep 26 20:09:19 UTC 2026
 0.0  0.0 grep --color=auto ./cli       0  2248
17.4  4.8 ./cli kernel images/4096x40   0 394612
17.5  4.8 ./cli kernel images/4096x40   0 394632
17.5  4.8 ./cli kernel images/4096x40   1 394580
17.5  4.8 ./cli kernel images/4096x40   0 394592
17.6  4.8 ./cli kernel images/4096x40   1 394572
  PID User     Command                         Swap      USS      PSS      RSS 
14280 codespace /usr/bin/python3 /usr/bin/s        0    12052    12242    14480 
 6842 codespace ./cli kernel images/4096x40        0   393320   393359   394572 
 6844 codespace ./cli kernel images/4096x40        0   393320   393359   394580 
 6848 codespace ./cli kernel images/4096x40        0   393320   393362   394612 
 6839 codespace ./cli kernel images/4096x40        0   393324   393363   394592 
 6846 codespace ./cli kernel images/4096x40        0   393324   393367   394632 
%CPU %MEM ARGS Sat Sep 26 20:09:21 UTC 2026
 0.0  0.0 grep --color=auto ./cli       0  2168
17.4  4.8 ./cli kernel images/4096x40   1 394612
17.5  4.8 ./cli kernel images/4096x40   1 394632
17.5  4.8 ./cli kernel images/4096x40   0 394580
17.5  4.8 ./cli kernel images/4096x40   0 394592
17.6  4.8 ./cli kernel images/4096x40   0 394572
  PID User     Command                         Swap      USS      PSS      RSS 
14287 codespace /usr/bin/python3 /usr/bin/s        0    12060    12243    14476 
 6842 codespace ./cli kernel images/4096x40        0   393320   393355   394572 
 6844 codespace ./cli kernel images/4096x40        0   393320   393359   394580 
 6848 codespace ./cli kernel images/4096x40        0   393320   393361   394612 
 6846 codespace ./cli kernel images/4096x40        0   393324   393362   394632 
 6839 codespace ./cli kernel images/4096x40        0   393324   393363   394592 
%CPU %MEM ARGS Sat Sep 26 20:09:22 UTC 2026
 0.0  0.0 grep --color=auto ./cli       1  2340
17.4  4.8 ./cli kernel images/4096x40   1 394612
17.5  4.8 ./cli kernel images/4096x40   0 394632
17.5  4.8 ./cli kernel images/4096x40   0 394580
17.5  4.8 ./cli kernel images/4096x40   0 394592
17.6  4.8 ./cli kernel images/4096x40   0 394572
  PID User     Command                         Swap      USS      PSS      RSS 
14311 codespace /usr/bin/python3 /usr/bin/s        0    12056    12240    14472 
 6842 codespace ./cli kernel images/4096x40        0   393320   393358   394572 
 6839 codespace ./cli kernel images/4096x40        0   393324   393359   394592 
 6844 codespace ./cli kernel images/4096x40        0   393320   393359   394580 
 6848 codespace ./cli kernel images/4096x40        0   393320   393362   394612 
 6846 codespace ./cli kernel images/4096x40        0   393324   393367   394632 
%CPU %MEM ARGS Sat Sep 26 20:09:24 UTC 2026
 0.0  0.0 grep --color=auto ./cli       0  2156
17.4  4.8 ./cli kernel images/4096x40   1 394612
17.4  4.8 ./cli kernel images/4096x40   1 394632
17.5  4.8 ./cli kernel images/4096x40   1 394592
17.5  4.8 ./cli kernel images/4096x40   1 394580
17.6  4.8 ./cli kernel images/4096x40   1 394572
  PID User     Command                         Swap      USS      PSS      RSS 
14338 codespace /usr/bin/python3 /usr/bin/s        0    12072    12259    14508 
 6842 codespace ./cli kernel images/4096x40        0   393320   393359   394572 
 6844 codespace ./cli kernel images/4096x40        0   393320   393359   394580 
 6848 codespace ./cli kernel images/4096x40        0   393320   393362   394612 
 6839 codespace ./cli kernel images/4096x40        0   393324   393363   394592 
 6846 codespace ./cli kernel images/4096x40        0   393324   393367   394632 
%CPU %MEM ARGS Sat Sep 26 20:09:25 UTC 2026
 0.0  0.0 grep --color=auto ./cli       0  2164
17.4  4.8 ./cli kernel images/4096x40   0 394612
17.4  4.8 ./cli kernel images/4096x40   0 394632
17.5  4.8 ./cli kernel images/4096x40   0 394592
17.5  4.8 ./cli kernel images/4096x40   0 394580
17.6  4.8 ./cli kernel images/4096x40   0 394572
  PID User     Command                         Swap      USS      PSS      RSS 
14349 codespace /usr/bin/python3 /usr/bin/s        0    12056    12261    14616 
 6842 codespace ./cli kernel images/4096x40        0   393320   393359   394572 
 6844 codespace ./cli kernel images/4096x40        0   393320   393359   394580 
 6848 codespace ./cli kernel images/4096x40        0   393320   393362   394612 
 6839 codespace ./cli kernel images/4096x40        0   393324   393363   394592 
 6846 codespace ./cli kernel images/4096x40        0   393324   393367   394632 
%CPU %MEM ARGS Sat Sep 26 20:09:26 UTC 2026
 0.0  0.0 grep --color=auto ./cli       0  2160
17.4  4.8 ./cli kernel images/4096x40   0 394612
17.4  4.8 ./cli kernel images/4096x40   0 394632
17.5  4.8 ./cli kernel images/4096x40   0 394592
17.5  4.8 ./cli kernel images/4096x40   0 394580
17.6  4.8 ./cli kernel images/4096x40   0 394572
  PID User     Command                         Swap      USS      PSS      RSS 
14356 codespace /usr/bin/python3 /usr/bin/s        0    12056    12243    14536 
 6842 codespace ./cli kernel images/4096x40        0   393320   393359   394572 
 6844 codespace ./cli kernel images/4096x40        0   393320   393359   394580 
 6848 codespace ./cli kernel images/4096x40        0   393320   393362   394612 
 6839 codespace ./cli kernel images/4096x40        0   393324   393363   394592 
 6846 codespace ./cli kernel images/4096x40        0   393324   393367   394632 
%CPU %MEM ARGS Sat Sep 26 20:09:27 UTC 2026
 0.0  0.0 grep --color=auto ./cli       1  2196
17.4  4.8 ./cli kernel images/4096x40   1 394612
17.4  4.8 ./cli kernel images/4096x40   0 394632
17.5  4.8 ./cli kernel images/4096x40   1 394592
17.5  4.8 ./cli kernel images/4096x40   1 394580
17.6  4.8 ./cli kernel images/4096x40   0 394572
  PID User     Command                         Swap      USS      PSS      RSS 
14367 codespace /usr/bin/python3 /usr/bin/s        0    12060    12244    14476 
 6842 codespace ./cli kernel images/4096x40        0   393320   393359   394572 
 6844 codespace ./cli kernel images/4096x40        0   393320   393359   394580 
 6848 codespace ./cli kernel images/4096x40        0   393320   393362   394612 
 6839 codespace ./cli kernel images/4096x40        0   393324   393363   394592 
 6846 codespace ./cli kernel images/4096x40        0   393324   393367   394632 
%CPU %MEM ARGS Sat Sep 26 20:09:29 UTC 2026
 0.0  0.0 grep --color=auto ./cli       1  2196
17.4  4.8 ./cli kernel images/4096x40   1 394612
17.4  4.8 ./cli kernel images/4096x40   1 394632
17.5  4.8 ./cli kernel images/4096x40   1 394580
17.5  4.8 ./cli kernel images/4096x40   0 394592
17.6  4.8 ./cli kernel images/4096x40   1 394572
  PID User     Command                         Swap      USS      PSS      RSS 
14384 codespace /usr/bin/python3 /usr/bin/s        0    12060    12248    14540 
 6842 codespace ./cli kernel images/4096x40        0   393320   393359   394572 
 6844 codespace ./cli kernel images/4096x40        0   393320   393359   394580 
 6848 codespace ./cli kernel images/4096x40        0   393320   393362   394612 
 6839 codespace ./cli kernel images/4096x40        0   393324   393363   394592 
 6846 codespace ./cli kernel images/4096x40        0   393324   393367   394632 
%CPU %MEM ARGS Sat Sep 26 20:09:30 UTC 2026
 0.0  0.0 grep --color=auto ./cli       1  2292
17.4  4.8 ./cli kernel images/4096x40   0 394612
17.4  4.8 ./cli kernel images/4096x40   1 394632
17.5  4.8 ./cli kernel images/4096x40   0 394592
17.5  4.8 ./cli kernel images/4096x40   0 394580
17.6  4.8 ./cli kernel images/4096x40   0 394572
  PID User     Command                         Swap      USS      PSS      RSS 
14393 codespace /usr/bin/python3 /usr/bin/s        0    12068    12267    14588 
 6842 codespace ./cli kernel images/4096x40        0   393320   393359   394572 
 6844 codespace ./cli kernel images/4096x40        0   393320   393359   394580 
 6848 codespace ./cli kernel images/4096x40        0   393320   393362   394612 
 6839 codespace ./cli kernel images/4096x40        0   393324   393363   394592 
 6846 codespace ./cli kernel images/4096x40        0   393324   393367   394632 
%CPU %MEM ARGS Sat Sep 26 20:09:31 UTC 2026
 0.0  0.0 grep --color=auto ./cli       1  2176
17.4  4.8 ./cli kernel images/4096x40   1 394612
17.4  4.8 ./cli kernel images/4096x40   1 394632
17.5  4.8 ./cli kernel images/4096x40   1 394580
17.5  4.8 ./cli kernel images/4096x40   1 394592
17.6  4.8 ./cli kernel images/4096x40   0 394572
  PID User     Command                         Swap      USS      PSS      RSS 
14402 codespace /usr/bin/python3 /usr/bin/s        0    12072    12246    14568 
 6842 codespace ./cli kernel images/4096x40        0   393320   393359   394572 
 6844 codespace ./cli kernel images/4096x40        0   393320   393359   394580 
 6848 codespace ./cli kernel images/4096x40        0   393320   393360   394612 
 6839 codespace ./cli kernel images/4096x40        0   393324   393363   394592 
 6846 codespace ./cli kernel images/4096x40        0   393324   393365   394632 
%CPU %MEM ARGS Sat Sep 26 20:09:33 UTC 2026
 0.0  0.0 grep --color=auto ./cli       0  2300
17.4  4.8 ./cli kernel images/4096x40   0 394612
17.4  4.8 ./cli kernel images/4096x40   1 394632
17.5  4.8 ./cli kernel images/4096x40   0 394580
17.5  4.8 ./cli kernel images/4096x40   0 394592
17.6  4.8 ./cli kernel images/4096x40   0 394572
  PID User     Command                         Swap      USS      PSS      RSS 
14415 codespace /usr/bin/python3 /usr/bin/s        0    12064    12252    14536 
 6842 codespace ./cli kernel images/4096x40        0   393320   393359   394572 
 6844 codespace ./cli kernel images/4096x40        0   393320   393359   394580 
 6848 codespace ./cli kernel images/4096x40        0   393320   393362   394612 
 6839 codespace ./cli kernel images/4096x40        0   393324   393363   394592 
 6846 codespace ./cli kernel images/4096x40        0   393324   393367   394632 
%CPU %MEM ARGS Sat Sep 26 20:09:33 UTC 2026
 0.0  0.0 grep --color=auto ./cli       0  2100
17.4  4.8 ./cli kernel images/4096x40   1 394612
17.4  4.8 ./cli kernel images/4096x40   0 394632
17.5  4.8 ./cli kernel images/4096x40   0 394592
17.5  4.8 ./cli kernel images/4096x40   0 394580
17.6  4.8 ./cli kernel images/4096x40   0 394572
  PID User     Command                         Swap      USS      PSS      RSS 
14422 codespace /usr/bin/python3 /usr/bin/s        0    11988    12188    14544 
 6844 codespace ./cli kernel images/4096x40        0   393320   393357   394580 
 6848 codespace ./cli kernel images/4096x40        0   393320   393358   394612 
 6842 codespace ./cli kernel images/4096x40        0   393320   393359   394572 
 6839 codespace ./cli kernel images/4096x40        0   393324   393360   394592 
 6846 codespace ./cli kernel images/4096x40        0   393324   393366   394632 
%CPU %MEM ARGS Sat Sep 26 20:09:35 UTC 2026
 0.0  0.0 grep --color=auto ./cli       1  2184
17.4  4.8 ./cli kernel images/4096x40   0 394612
17.4  4.8 ./cli kernel images/4096x40   1 394632
17.4  4.8 ./cli kernel images/4096x40   1 394592
17.5  4.8 ./cli kernel images/4096x40   0 394580
17.6  4.8 ./cli kernel images/4096x40   1 394572
  PID User     Command                         Swap      USS      PSS      RSS 
14456 codespace /usr/bin/python3 /usr/bin/s        0    12068    12256    14540 
 6842 codespace ./cli kernel images/4096x40        0   393320   393359   394572 
 6844 codespace ./cli kernel images/4096x40        0   393320   393359   394580 
 6848 codespace ./cli kernel images/4096x40        0   393320   393362   394612 
 6839 codespace ./cli kernel images/4096x40        0   393324   393363   394592 
 6846 codespace ./cli kernel images/4096x40        0   393324   393367   394632 
%CPU %MEM ARGS Sat Sep 26 20:09:36 UTC 2026
 0.0  0.0 grep --color=auto ./cli       1  2296
17.4  4.8 ./cli kernel images/4096x40   1 394612
17.4  4.8 ./cli kernel images/4096x40   1 394632
17.4  4.8 ./cli kernel images/4096x40   1 394592
17.4  4.8 ./cli kernel images/4096x40   1 394580
17.6  4.8 ./cli kernel images/4096x40   1 394572
  PID User     Command                         Swap      USS      PSS      RSS 
14463 codespace /usr/bin/python3 /usr/bin/s        0    12060    12233    14536 
 6842 codespace ./cli kernel images/4096x40        0   393320   393359   394572 
 6844 codespace ./cli kernel images/4096x40        0   393320   393359   394580 
 6848 codespace ./cli kernel images/4096x40        0   393320   393360   394612 
 6839 codespace ./cli kernel images/4096x40        0   393324   393364   394592 
 6846 codespace ./cli kernel images/4096x40        0   393324   393367   394632 
%CPU %MEM ARGS Sat Sep 26 20:09:38 UTC 2026
 0.0  0.0 grep --color=auto ./cli       1  2160
17.4  4.8 ./cli kernel images/4096x40   1 394612
17.4  4.8 ./cli kernel images/4096x40   0 394632
17.4  4.8 ./cli kernel images/4096x40   0 394592
17.4  4.8 ./cli kernel images/4096x40   0 394580
17.6  4.8 ./cli kernel images/4096x40   0 394572
  PID User     Command                         Swap      USS      PSS      RSS 
14476 codespace /usr/bin/python3 /usr/bin/s        0    12064    12252    14536 
 6842 codespace ./cli kernel images/4096x40        0   393320   393359   394572 
 6844 codespace ./cli kernel images/4096x40        0   393320   393359   394580 
 6848 codespace ./cli kernel images/4096x40        0   393320   393362   394612 
 6839 codespace ./cli kernel images/4096x40        0   393324   393363   394592 
 6846 codespace ./cli kernel images/4096x40        0   393324   393367   394632 
%CPU %MEM ARGS Sat Sep 26 20:09:39 UTC 2026
 0.0  0.0 grep --color=auto ./cli       0  2184
17.3  4.8 ./cli kernel images/4096x40   0 394612
17.4  4.8 ./cli kernel images/4096x40   0 394632
17.4  4.8 ./cli kernel images/4096x40   0 394580
17.4  4.8 ./cli kernel images/4096x40   1 394592
17.6  4.8 ./cli kernel images/4096x40   0 394572
  PID User     Command                         Swap      USS      PSS      RSS 
14491 codespace /usr/bin/python3 /usr/bin/s        0    12064    12269    14624 
 6842 codespace ./cli kernel images/4096x40        0   393320   393359   394572 
 6844 codespace ./cli kernel images/4096x40        0   393320   393359   394580 
 6848 codespace ./cli kernel images/4096x40        0   393320   393362   394612 
 6839 codespace ./cli kernel images/4096x40        0   393324   393363   394592 
 6846 codespace ./cli kernel images/4096x40        0   393324   393367   394632 
%CPU %MEM ARGS Sat Sep 26 20:09:41 UTC 2026
 0.0  0.0 grep --color=auto ./cli       0  2208
17.3  4.8 ./cli kernel images/4096x40   0 394612
17.4  4.8 ./cli kernel images/4096x40   1 394632
17.4  4.8 ./cli kernel images/4096x40   1 394580
17.4  4.8 ./cli kernel images/4096x40   0 394592
17.6  4.8 ./cli kernel images/4096x40   0 394572
  PID User     Command                         Swap      USS      PSS      RSS 
14502 codespace /usr/bin/python3 /usr/bin/s        0    12080    12276    14620 
 6842 codespace ./cli kernel images/4096x40        0   393320   393355   394572 
 6844 codespace ./cli kernel images/4096x40        0   393320   393359   394580 
 6839 codespace ./cli kernel images/4096x40        0   393324   393362   394592 
 6848 codespace ./cli kernel images/4096x40        0   393320   393362   394612 
 6846 codespace ./cli kernel images/4096x40        0   393324   393367   394632 
%CPU %MEM ARGS Sat Sep 26 20:09:41 UTC 2026
 0.0  0.0 grep --color=auto ./cli       0  2208
17.3  4.8 ./cli kernel images/4096x40   1 394612
17.4  4.8 ./cli kernel images/4096x40   1 394632
17.4  4.8 ./cli kernel images/4096x40   0 394580
17.4  4.8 ./cli kernel images/4096x40   0 394592
17.6  4.8 ./cli kernel images/4096x40   0 394572
  PID User     Command                         Swap      USS      PSS      RSS 
14515 codespace /usr/bin/python3 /usr/bin/s        0    12060    12252    14508 
 6842 codespace ./cli kernel images/4096x40        0   393320   393359   394572 
 6844 codespace ./cli kernel images/4096x40        0   393320   393359   394580 
 6848 codespace ./cli kernel images/4096x40        0   393320   393362   394612 
 6839 codespace ./cli kernel images/4096x40        0   393324   393364   394592 
 6846 codespace ./cli kernel images/4096x40        0   393324   393367   394632 
%CPU %MEM ARGS Sat Sep 26 20:09:43 UTC 2026
 0.0  0.0 grep --color=auto ./cli       0  2184
17.3  4.8 ./cli kernel images/4096x40   0 394612
17.4  4.8 ./cli kernel images/4096x40   0 394632
17.4  4.8 ./cli kernel images/4096x40   1 394580
17.4  4.8 ./cli kernel images/4096x40   0 394592
17.6  4.8 ./cli kernel images/4096x40   1 394572
  PID User     Command                         Swap      USS      PSS      RSS 
14523 codespace /usr/bin/python3 /usr/bin/s        0    12060    12246    14476 
 6842 codespace ./cli kernel images/4096x40        0   393320   393357   394572 
 6844 codespace ./cli kernel images/4096x40        0   393320   393357   394580 
 6848 codespace ./cli kernel images/4096x40        0   393320   393362   394612 
 6839 codespace ./cli kernel images/4096x40        0   393324   393363   394592 
 6846 codespace ./cli kernel images/4096x40        0   393324   393365   394632 
%CPU %MEM ARGS Sat Sep 26 20:09:44 UTC 2026
 0.0  0.0 grep --color=auto ./cli       0  2180
17.3  4.8 ./cli kernel images/4096x40   1 394612
17.4  4.8 ./cli kernel images/4096x40   1 394632
17.4  4.8 ./cli kernel images/4096x40   1 394580
17.4  4.8 ./cli kernel images/4096x40   1 394592
17.6  4.8 ./cli kernel images/4096x40   1 394572
  PID User     Command                         Swap      USS      PSS      RSS 
14536 codespace /usr/bin/python3 /usr/bin/s        0    12052    12227    14516 
 6842 codespace ./cli kernel images/4096x40        0   393320   393356   394572 
 6844 codespace ./cli kernel images/4096x40        0   393320   393357   394580 
 6848 codespace ./cli kernel images/4096x40        0   393320   393358   394612 
 6839 codespace ./cli kernel images/4096x40        0   393324   393363   394592 
 6846 codespace ./cli kernel images/4096x40        0   393324   393367   394632 
%CPU %MEM ARGS Sat Sep 26 20:09:46 UTC 2026
 0.0  0.0 grep --color=auto ./cli       1  2304
17.3  4.8 ./cli kernel images/4096x40   1 394612
17.4  4.8 ./cli kernel images/4096x40   1 394632
17.4  4.8 ./cli kernel images/4096x40   1 394580
17.4  4.8 ./cli kernel images/4096x40   1 394592
17.6  4.8 ./cli kernel images/4096x40   0 394572
  PID User     Command                         Swap      USS      PSS      RSS 
14570 codespace /usr/bin/python3 /usr/bin/s        0    12072    12258    14508 
 6842 codespace ./cli kernel images/4096x40        0   393320   393359   394572 
 6844 codespace ./cli kernel images/4096x40        0   393320   393359   394580 
 6848 codespace ./cli kernel images/4096x40        0   393320   393362   394612 
 6839 codespace ./cli kernel images/4096x40        0   393324   393363   394592 
 6846 codespace ./cli kernel images/4096x40        0   393324   393367   394632 
%CPU %MEM ARGS Sat Sep 26 20:09:47 UTC 2026
 0.0  0.0 grep --color=auto ./cli       1  2160
17.3  4.8 ./cli kernel images/4096x40   1 394612
17.4  4.8 ./cli kernel images/4096x40   0 394632
17.4  4.8 ./cli kernel images/4096x40   1 394580
17.4  4.8 ./cli kernel images/4096x40   1 394592
17.6  4.8 ./cli kernel images/4096x40   0 394572
  PID User     Command                         Swap      USS      PSS      RSS 
14581 codespace /usr/bin/python3 /usr/bin/s        0    12064    12253    14544 
 6842 codespace ./cli kernel images/4096x40        0   393320   393355   394572 
 6844 codespace ./cli kernel images/4096x40        0   393320   393359   394580 
 6839 codespace ./cli kernel images/4096x40        0   393324   393360   394592 
 6848 codespace ./cli kernel images/4096x40        0   393320   393362   394612 
 6846 codespace ./cli kernel images/4096x40        0   393324   393367   394632 
%CPU %MEM ARGS Sat Sep 26 20:09:49 UTC 2026
 0.0  0.0 grep --color=auto ./cli       1  2308
17.3  4.8 ./cli kernel images/4096x40   0 394612
17.4  4.8 ./cli kernel images/4096x40   0 394632
17.4  4.8 ./cli kernel images/4096x40   0 394580
17.4  4.8 ./cli kernel images/4096x40   0 394592
17.6  4.8 ./cli kernel images/4096x40   0 394572
  PID User     Command                         Swap      USS      PSS      RSS 
14594 codespace /usr/bin/python3 /usr/bin/s        0    12068    12269    14592 
 6842 codespace ./cli kernel images/4096x40        0   393320   393359   394572 
 6844 codespace ./cli kernel images/4096x40        0   393320   393359   394580 
 6848 codespace ./cli kernel images/4096x40        0   393320   393362   394612 
 6839 codespace ./cli kernel images/4096x40        0   393324   393363   394592 
 6846 codespace ./cli kernel images/4096x40        0   393324   393367   394632 
%CPU %MEM ARGS Sat Sep 26 20:09:49 UTC 2026
 0.0  0.0 grep --color=auto ./cli       1  2344
17.3  4.8 ./cli kernel images/4096x40   1 394612
17.4  4.8 ./cli kernel images/4096x40   1 394632
17.4  4.8 ./cli kernel images/4096x40   1 394580
17.4  4.8 ./cli kernel images/4096x40   1 394592
17.5  4.8 ./cli kernel images/4096x40   1 394572
  PID User     Command                         Swap      USS      PSS      RSS 
14605 codespace /usr/bin/python3 /usr/bin/s        0    12060    12255    14520 
 6842 codespace ./cli kernel images/4096x40        0   393320   393359   394572 
 6844 codespace ./cli kernel images/4096x40        0   393320   393359   394580 
 6848 codespace ./cli kernel images/4096x40        0   393320   393362   394612 
 6839 codespace ./cli kernel images/4096x40        0   393324   393363   394592 
 6846 codespace ./cli kernel images/4096x40        0   393324   393367   394632 
%CPU %MEM ARGS Sat Sep 26 20:09:51 UTC 2026
 0.0  0.0 grep --color=auto ./cli       1  2344
17.3  4.8 ./cli kernel images/4096x40   1 394612
17.3  4.8 ./cli kernel images/4096x40   1 394632
17.4  4.8 ./cli kernel images/4096x40   1 394580
17.4  4.8 ./cli kernel images/4096x40   0 394592
17.5  4.8 ./cli kernel images/4096x40   1 394572
  PID User     Command                         Swap      USS      PSS      RSS 
14614 codespace /usr/bin/python3 /usr/bin/s        0    12080    12275    14620 
 6842 codespace ./cli kernel images/4096x40        0   393320   393359   394572 
 6844 codespace ./cli kernel images/4096x40        0   393320   393359   394580 
 6848 codespace ./cli kernel images/4096x40        0   393320   393362   394612 
 6839 codespace ./cli kernel images/4096x40        0   393324   393363   394592 
 6846 codespace ./cli kernel images/4096x40        0   393324   393367   394632 
%CPU %MEM ARGS Sat Sep 26 20:09:52 UTC 2026
 0.0  0.0 grep --color=auto ./cli       0  2308
17.3  4.8 ./cli kernel images/4096x40   1 394612
17.3  4.8 ./cli kernel images/4096x40   0 394632
17.4  4.8 ./cli kernel images/4096x40   0 394580
17.4  4.8 ./cli kernel images/4096x40   0 394592
17.5  4.8 ./cli kernel images/4096x40   1 394572
  PID User     Command                         Swap      USS      PSS      RSS 
14625 codespace /usr/bin/python3 /usr/bin/s        0    12000    12177    14452 
 6848 codespace ./cli kernel images/4096x40        0   393320   393357   394612 
 6842 codespace ./cli kernel images/4096x40        0   393320   393359   394572 
 6844 codespace ./cli kernel images/4096x40        0   393320   393359   394580 
 6839 codespace ./cli kernel images/4096x40        0   393324   393363   394592 
 6846 codespace ./cli kernel images/4096x40        0   393324   393366   394632 
%CPU %MEM ARGS Sat Sep 26 20:09:54 UTC 2026
 0.0  0.0 grep --color=auto ./cli       1  2248
17.3  4.8 ./cli kernel images/4096x40   0 394612
17.3  4.8 ./cli kernel images/4096x40   0 394632
17.4  4.8 ./cli kernel images/4096x40   0 394592
17.4  4.8 ./cli kernel images/4096x40   1 394580
17.5  4.8 ./cli kernel images/4096x40   0 394572
  PID User     Command                         Swap      USS      PSS      RSS 
14638 codespace /usr/bin/python3 /usr/bin/s        0    12092    12298    14596 
 6842 codespace ./cli kernel images/4096x40        0   393320   393355   394572 
 6844 codespace ./cli kernel images/4096x40        0   393320   393359   394580 
 6848 codespace ./cli kernel images/4096x40        0   393320   393362   394612 
 6839 codespace ./cli kernel images/4096x40        0   393324   393363   394592 
 6846 codespace ./cli kernel images/4096x40        0   393324   393367   394632 
%CPU %MEM ARGS Sat Sep 26 20:09:55 UTC 2026
 0.0  0.0 grep --color=auto ./cli       0  2252
17.3  4.8 ./cli kernel images/4096x40   0 394612
17.3  4.8 ./cli kernel images/4096x40   0 394632
17.4  4.8 ./cli kernel images/4096x40   1 394592
17.4  4.8 ./cli kernel images/4096x40   1 394580
17.5  4.8 ./cli kernel images/4096x40   1 394572
  PID User     Command                         Swap      USS      PSS      RSS 
14652 codespace /usr/bin/python3 /usr/bin/s        0    12060    12243    14476 
 6842 codespace ./cli kernel images/4096x40        0   393320   393357   394572 
 6844 codespace ./cli kernel images/4096x40        0   393320   393359   394580 
 6848 codespace ./cli kernel images/4096x40        0   393320   393362   394612 
 6839 codespace ./cli kernel images/4096x40        0   393324   393363   394592 
 6846 codespace ./cli kernel images/4096x40        0   393324   393367   394632 
%CPU %MEM ARGS Sat Sep 26 20:09:57 UTC 2026
 0.0  0.0 grep --color=auto ./cli       0  2140
17.3  4.8 ./cli kernel images/4096x40   0 394612
17.3  4.8 ./cli kernel images/4096x40   1 394632
17.4  4.8 ./cli kernel images/4096x40   0 394592
17.4  4.8 ./cli kernel images/4096x40   1 394580
17.5  4.8 ./cli kernel images/4096x40   0 394572
  PID User     Command                         Swap      USS      PSS      RSS 
14683 codespace /usr/bin/python3 /usr/bin/s        0    12060    12245    14476 
 6842 codespace ./cli kernel images/4096x40        0   393320   393359   394572 
 6844 codespace ./cli kernel images/4096x40        0   393320   393359   394580 
 6848 codespace ./cli kernel images/4096x40        0   393320   393362   394612 
 6839 codespace ./cli kernel images/4096x40        0   393324   393363   394592 
 6846 codespace ./cli kernel images/4096x40        0   393324   393367   394632 
%CPU %MEM ARGS Sat Sep 26 20:09:58 UTC 2026
 0.0  0.0 grep --color=auto ./cli       1  2152
17.3  4.8 ./cli kernel images/4096x40   1 394612
17.3  4.8 ./cli kernel images/4096x40   0 394632
17.3  4.8 ./cli kernel images/4096x40   0 394592
17.3  4.8 ./cli kernel images/4096x40   0 394580
17.5  4.8 ./cli kernel images/4096x40   0 394572
  PID User     Command                         Swap      USS      PSS      RSS 
14696 codespace /usr/bin/python3 /usr/bin/s        0    12012    12202    14496 
 6842 codespace ./cli kernel images/4096x40        0   393320   393359   394572 
 6844 codespace ./cli kernel images/4096x40        0   393320   393359   394580 
 6848 codespace ./cli kernel images/4096x40        0   393320   393362   394612 
 6839 codespace ./cli kernel images/4096x40        0   393324   393363   394592 
 6846 codespace ./cli kernel images/4096x40        0   393324   393366   394632 
%CPU %MEM ARGS Sat Sep 26 20:09:59 UTC 2026
 0.0  0.0 grep --color=auto ./cli       0  2292
17.3  4.8 ./cli kernel images/4096x40   0 394612
17.3  4.8 ./cli kernel images/4096x40   0 394632
17.3  4.8 ./cli kernel images/4096x40   0 394580
17.3  4.8 ./cli kernel images/4096x40   0 394592
17.5  4.8 ./cli kernel images/4096x40   1 394572
  PID User     Command                         Swap      USS      PSS      RSS 
14703 codespace /usr/bin/python3 /usr/bin/s        0    12068    12284    14592 
 6842 codespace ./cli kernel images/4096x40        0   393320   393359   394572 
 6844 codespace ./cli kernel images/4096x40        0   393320   393359   394580 
 6848 codespace ./cli kernel images/4096x40        0   393320   393362   394612 
 6839 codespace ./cli kernel images/4096x40        0   393324   393363   394592 
 6846 codespace ./cli kernel images/4096x40        0   393324   393367   394632 
%CPU %MEM ARGS Sat Sep 26 20:10:01 UTC 2026
 0.0  0.0 grep --color=auto ./cli       0  2344
17.3  4.8 ./cli kernel images/4096x40   0 394612
17.3  4.8 ./cli kernel images/4096x40   0 394632
17.3  4.8 ./cli kernel images/4096x40   1 394580
17.3  4.8 ./cli kernel images/4096x40   0 394592
17.5  4.8 ./cli kernel images/4096x40   1 394572
  PID User     Command                         Swap      USS      PSS      RSS 
14714 codespace /usr/bin/python3 /usr/bin/s        0    12044    12239    14508 
 6844 codespace ./cli kernel images/4096x40        0   393320   393358   394580 
 6839 codespace ./cli kernel images/4096x40        0   393324   393359   394592 
 6842 codespace ./cli kernel images/4096x40        0   393320   393359   394572 
 6848 codespace ./cli kernel images/4096x40        0   393320   393362   394612 
 6846 codespace ./cli kernel images/4096x40        0   393324   393367   394632 
%CPU %MEM ARGS Sat Sep 26 20:10:02 UTC 2026
 0.0  0.0 grep --color=auto ./cli       0  2288
17.3  4.8 ./cli kernel images/4096x40   0 394612
17.3  4.8 ./cli kernel images/4096x40   0 394632
17.3  4.8 ./cli kernel images/4096x40   0 394580
17.3  4.8 ./cli kernel images/4096x40   1 394592
17.5  4.8 ./cli kernel images/4096x40   1 394572
  PID User     Command                         Swap      USS      PSS      RSS 
14738 codespace /usr/bin/python3 /usr/bin/s        0    12072    12266    14564 
 6842 codespace ./cli kernel images/4096x40        0   393320   393359   394572 
 6844 codespace ./cli kernel images/4096x40        0   393320   393359   394580 
 6848 codespace ./cli kernel images/4096x40        0   393320   393362   394612 
 6839 codespace ./cli kernel images/4096x40        0   393324   393363   394592 
 6846 codespace ./cli kernel images/4096x40        0   393324   393367   394632 
%CPU %MEM ARGS Sat Sep 26 20:10:04 UTC 2026
 0.0  0.0 grep --color=auto ./cli       1  2176
17.3  4.8 ./cli kernel images/4096x40   1 394632
17.3  4.8 ./cli kernel images/4096x40   0 394612
17.3  4.8 ./cli kernel images/4096x40   1 394580
17.3  4.8 ./cli kernel images/4096x40   1 394592
17.5  4.8 ./cli kernel images/4096x40   1 394572
  PID User     Command                         Swap      USS      PSS      RSS 
14748 codespace /usr/bin/python3 /usr/bin/s        0    12060    12244    14476 
 6842 codespace ./cli kernel images/4096x40        0   393320   393359   394572 
 6844 codespace ./cli kernel images/4096x40        0   393320   393359   394580 
 6848 codespace ./cli kernel images/4096x40        0   393320   393362   394612 
 6839 codespace ./cli kernel images/4096x40        0   393324   393363   394592 
 6846 codespace ./cli kernel images/4096x40        0   393324   393366   394632 
%CPU %MEM ARGS Sat Sep 26 20:10:05 UTC 2026
 0.0  0.0 grep --color=auto ./cli       1  2212
17.3  4.8 ./cli kernel images/4096x40   0 394632
17.3  4.8 ./cli kernel images/4096x40   0 394612
17.3  4.8 ./cli kernel images/4096x40   0 394580
17.3  4.8 ./cli kernel images/4096x40   0 394592
17.5  4.8 ./cli kernel images/4096x40   0 394572
  PID User     Command                         Swap      USS      PSS      RSS 
14754 codespace /usr/bin/python3 /usr/bin/s        0    12064    12252    14536 
 6842 codespace ./cli kernel images/4096x40        0   393320   393359   394572 
 6844 codespace ./cli kernel images/4096x40        0   393320   393359   394580 
 6848 codespace ./cli kernel images/4096x40        0   393320   393362   394612 
 6839 codespace ./cli kernel images/4096x40        0   393324   393363   394592 
 6846 codespace ./cli kernel images/4096x40        0   393324   393367   394632 
%CPU %MEM ARGS Sat Sep 26 20:10:06 UTC 2026
 0.0  0.0 grep --color=auto ./cli       1  2248
17.3  4.8 ./cli kernel images/4096x40   1 394632
17.3  4.8 ./cli kernel images/4096x40   1 394612
17.3  4.8 ./cli kernel images/4096x40   1 394592
17.3  4.8 ./cli kernel images/4096x40   0 394580
17.5  4.8 ./cli kernel images/4096x40   1 394572
  PID User     Command                         Swap      USS      PSS      RSS 
14760 codespace /usr/bin/python3 /usr/bin/s        0    12060    12226    14476 
 6842 codespace ./cli kernel images/4096x40        0   393320   393359   394572 
 6844 codespace ./cli kernel images/4096x40        0   393320   393359   394580 
 6848 codespace ./cli kernel images/4096x40        0   393320   393360   394612 
 6839 codespace ./cli kernel images/4096x40        0   393324   393364   394592 
 6846 codespace ./cli kernel images/4096x40        0   393324   393365   394632 
%CPU %MEM ARGS Sat Sep 26 20:10:07 UTC 2026
 0.0  0.0 grep --color=auto ./cli       1  2192
17.3  4.8 ./cli kernel images/4096x40   0 394632
17.3  4.8 ./cli kernel images/4096x40   0 394612
17.3  4.8 ./cli kernel images/4096x40   1 394592
17.3  4.8 ./cli kernel images/4096x40   0 394580
17.5  4.8 ./cli kernel images/4096x40   0 394572
  PID User     Command                         Swap      USS      PSS      RSS 
14790 codespace /usr/bin/python3 /usr/bin/s        0    12060    12244    14476 
 6839 codespace ./cli kernel images/4096x40        0   393324   393359   394592 
 6842 codespace ./cli kernel images/4096x40        0   393320   393359   394572 
 6844 codespace ./cli kernel images/4096x40        0   393320   393359   394580 
 6848 codespace ./cli kernel images/4096x40        0   393320   393362   394612 
 6846 codespace ./cli kernel images/4096x40        0   393324   393367   394632 
%CPU %MEM ARGS Sat Sep 26 20:10:08 UTC 2026
 0.0  0.0 grep --color=auto ./cli       0  2192
17.3  4.8 ./cli kernel images/4096x40   1 394632
17.3  4.8 ./cli kernel images/4096x40   1 394612
17.3  4.8 ./cli kernel images/4096x40   1 394592
17.3  4.8 ./cli kernel images/4096x40   1 394580
17.5  4.8 ./cli kernel images/4096x40   1 394572
  PID User     Command                         Swap      USS      PSS      RSS 
14804 codespace /usr/bin/python3 /usr/bin/s        0    12088    12295    14592 
 6842 codespace ./cli kernel images/4096x40        0   393320   393359   394572 
 6844 codespace ./cli kernel images/4096x40        0   393320   393359   394580 
 6848 codespace ./cli kernel images/4096x40        0   393320   393362   394612 
 6839 codespace ./cli kernel images/4096x40        0   393324   393363   394592 
 6846 codespace ./cli kernel images/4096x40        0   393324   393367   394632 
%CPU %MEM ARGS Sat Sep 26 20:10:09 UTC 2026
 0.0  0.0 grep --color=auto ./cli       1  2292
17.3  4.8 ./cli kernel images/4096x40   0 394632
17.3  4.8 ./cli kernel images/4096x40   1 394612
17.3  4.8 ./cli kernel images/4096x40   1 394580
17.3  4.8 ./cli kernel images/4096x40   0 394592
17.5  4.8 ./cli kernel images/4096x40   1 394572
  PID User     Command                         Swap      USS      PSS      RSS 
14814 codespace /usr/bin/python3 /usr/bin/s        0    12060    12244    14476 
 6839 codespace ./cli kernel images/4096x40        0   393324   393359   394592 
 6842 codespace ./cli kernel images/4096x40        0   393320   393359   394572 
 6844 codespace ./cli kernel images/4096x40        0   393320   393359   394580 
 6848 codespace ./cli kernel images/4096x40        0   393320   393362   394612 
 6846 codespace ./cli kernel images/4096x40        0   393324   393366   394632 
%CPU %MEM ARGS Sat Sep 26 20:10:10 UTC 2026
 0.0  0.0 grep --color=auto ./cli       0  2296
17.3  4.8 ./cli kernel images/4096x40   1 394632
17.3  4.8 ./cli kernel images/4096x40   1 394612
17.3  4.8 ./cli kernel images/4096x40   0 394592
17.3  4.8 ./cli kernel images/4096x40   1 394580
17.5  4.8 ./cli kernel images/4096x40   1 394572
  PID User     Command                         Swap      USS      PSS      RSS 
14826 codespace /usr/bin/python3 /usr/bin/s        0    12088    12305    14592 
 6842 codespace ./cli kernel images/4096x40        0   393320   393359   394572 
 6844 codespace ./cli kernel images/4096x40        0   393320   393359   394580 
 6848 codespace ./cli kernel images/4096x40        0   393320   393362   394612 
 6839 codespace ./cli kernel images/4096x40        0   393324   393363   394592 
 6846 codespace ./cli kernel images/4096x40        0   393324   393367   394632 
%CPU %MEM ARGS Sat Sep 26 20:10:12 UTC 2026
 0.0  0.0 grep --color=auto ./cli       0  2156
17.3  4.8 ./cli kernel images/4096x40   0 394632
17.3  4.8 ./cli kernel images/4096x40   0 394612
17.3  4.8 ./cli kernel images/4096x40   0 394580
17.3  4.8 ./cli kernel images/4096x40   0 394592
17.5  4.8 ./cli kernel images/4096x40   0 394572
  PID User     Command                         Swap      USS      PSS      RSS 
14834 codespace /usr/bin/python3 /usr/bin/s        0    12036    12218    14452 
 6842 codespace ./cli kernel images/4096x40        0   393320   393359   394572 
 6844 codespace ./cli kernel images/4096x40        0   393320   393359   394580 
 6848 codespace ./cli kernel images/4096x40        0   393320   393362   394612 
 6839 codespace ./cli kernel images/4096x40        0   393324   393363   394592 
 6846 codespace ./cli kernel images/4096x40        0   393324   393367   394632 
%CPU %MEM ARGS Sat Sep 26 20:10:13 UTC 2026
 0.0  0.0 grep --color=auto ./cli       0  2248
17.3  4.8 ./cli kernel images/4096x40   0 394632
17.3  4.8 ./cli kernel images/4096x40   0 394612
17.3  4.8 ./cli kernel images/4096x40   1 394580
17.3  4.8 ./cli kernel images/4096x40   1 394592
17.5  4.8 ./cli kernel images/4096x40   1 394572
  PID User     Command                         Swap      USS      PSS      RSS 
14847 codespace /usr/bin/python3 /usr/bin/s        0    11988    12212    14508 
 6842 codespace ./cli kernel images/4096x40        0   393320   393359   394572 
 6844 codespace ./cli kernel images/4096x40        0   393320   393359   394580 
 6848 codespace ./cli kernel images/4096x40        0   393320   393362   394612 
 6839 codespace ./cli kernel images/4096x40        0   393324   393364   394592 
 6846 codespace ./cli kernel images/4096x40        0   393324   393367   394632 
%CPU %MEM ARGS Sat Sep 26 20:10:14 UTC 2026
 0.0  0.0 grep --color=auto ./cli       1  2252
17.2  4.8 ./cli kernel images/4096x40   0 394632
17.3  4.8 ./cli kernel images/4096x40   0 394612
17.3  4.8 ./cli kernel images/4096x40   0 394580
17.3  4.8 ./cli kernel images/4096x40   1 394592
17.5  4.8 ./cli kernel images/4096x40   0 394572
  PID User     Command                         Swap      USS      PSS      RSS 
14859 codespace /usr/bin/python3 /usr/bin/s        0    12052    12242    14480 
 6842 codespace ./cli kernel images/4096x40        0   393320   393359   394572 
 6844 codespace ./cli kernel images/4096x40        0   393320   393359   394580 
 6848 codespace ./cli kernel images/4096x40        0   393320   393362   394612 
 6839 codespace ./cli kernel images/4096x40        0   393324   393363   394592 
 6846 codespace ./cli kernel images/4096x40        0   393324   393367   394632 
%CPU %MEM ARGS Sat Sep 26 20:10:16 UTC 2026
 0.0  0.0 grep --color=auto ./cli       0  2212
17.2  4.8 ./cli kernel images/4096x40   0 394632
17.3  4.8 ./cli kernel images/4096x40   0 394612
17.3  4.8 ./cli kernel images/4096x40   0 394580
17.3  4.8 ./cli kernel images/4096x40   1 394592
17.5  4.8 ./cli kernel images/4096x40   0 394572
  PID User     Command                         Swap      USS      PSS      RSS 
14868 codespace /usr/bin/python3 /usr/bin/s        0    12056    12243    14472 
 6842 codespace ./cli kernel images/4096x40        0   393320   393359   394572 
 6844 codespace ./cli kernel images/4096x40        0   393320   393359   394580 
 6848 codespace ./cli kernel images/4096x40        0   393320   393362   394612 
 6839 codespace ./cli kernel images/4096x40        0   393324   393363   394592 
 6846 codespace ./cli kernel images/4096x40        0   393324   393366   394632 
%CPU %MEM ARGS Sat Sep 26 20:10:17 UTC 2026
 0.0  0.0 grep --color=auto ./cli       0  2244
17.2  4.8 ./cli kernel images/4096x40   1 394632
17.2  4.8 ./cli kernel images/4096x40   0 394612
17.3  4.8 ./cli kernel images/4096x40   1 394580
17.3  4.8 ./cli kernel images/4096x40   1 394592
17.5  4.8 ./cli kernel images/4096x40   0 394572
  PID User     Command                         Swap      USS      PSS      RSS 
14896 codespace /usr/bin/python3 /usr/bin/s        0    12072    12224    14452 
 6842 codespace ./cli kernel images/4096x40        0   393320   393359   394572 
 6844 codespace ./cli kernel images/4096x40        0   393320   393359   394580 
 6848 codespace ./cli kernel images/4096x40        0   393320   393360   394612 
 6839 codespace ./cli kernel images/4096x40        0   393324   393364   394592 
 6846 codespace ./cli kernel images/4096x40        0   393324   393365   394632 
%CPU %MEM ARGS Sat Sep 26 20:10:19 UTC 2026
 0.0  0.0 grep --color=auto ./cli       1  2196
17.2  4.8 ./cli kernel images/4096x40   0 394632
17.2  4.8 ./cli kernel images/4096x40   1 394612
17.3  4.8 ./cli kernel images/4096x40   0 394580
17.3  4.8 ./cli kernel images/4096x40   0 394592
17.5  4.8 ./cli kernel images/4096x40   0 394572
  PID User     Command                         Swap      USS      PSS      RSS 
14913 codespace /usr/bin/python3 /usr/bin/s        0    12076    12270    14568 
 6842 codespace ./cli kernel images/4096x40        0   393320   393359   394572 
 6844 codespace ./cli kernel images/4096x40        0   393320   393359   394580 
 6848 codespace ./cli kernel images/4096x40        0   393320   393362   394612 
 6839 codespace ./cli kernel images/4096x40        0   393324   393364   394592 
 6846 codespace ./cli kernel images/4096x40        0   393324   393367   394632 
%CPU %MEM ARGS Sat Sep 26 20:10:20 UTC 2026
 0.0  0.0 grep --color=auto ./cli       1  2176
17.2  4.8 ./cli kernel images/4096x40   1 394632
17.2  4.8 ./cli kernel images/4096x40   1 394612
17.3  4.8 ./cli kernel images/4096x40   0 394580
17.3  4.8 ./cli kernel images/4096x40   0 394592
17.5  4.8 ./cli kernel images/4096x40   1 394572
  PID User     Command                         Swap      USS      PSS      RSS 
14920 codespace /usr/bin/python3 /usr/bin/s        0    12060    12250    14544 
 6842 codespace ./cli kernel images/4096x40        0   393320   393359   394572 
 6844 codespace ./cli kernel images/4096x40        0   393320   393359   394580 
 6846 codespace ./cli kernel images/4096x40        0   393324   393362   394632 
 6848 codespace ./cli kernel images/4096x40        0   393320   393362   394612 
 6839 codespace ./cli kernel images/4096x40        0   393324   393363   394592 
%CPU %MEM ARGS Sat Sep 26 20:10:22 UTC 2026
 0.0  0.0 grep --color=auto ./cli       0  2264
17.2  4.8 ./cli kernel images/4096x40   0 394632
17.2  4.8 ./cli kernel images/4096x40   0 394612
17.3  4.8 ./cli kernel images/4096x40   1 394580
17.3  4.8 ./cli kernel images/4096x40   1 394592
17.4  4.8 ./cli kernel images/4096x40   1 394572
  PID User     Command                         Swap      USS      PSS      RSS 
14935 codespace /usr/bin/python3 /usr/bin/s        0    12088    12296    14592 
 6842 codespace ./cli kernel images/4096x40        0   393320   393359   394572 
 6844 codespace ./cli kernel images/4096x40        0   393320   393359   394580 
 6848 codespace ./cli kernel images/4096x40        0   393320   393362   394612 
 6839 codespace ./cli kernel images/4096x40        0   393324   393363   394592 
 6846 codespace ./cli kernel images/4096x40        0   393324   393367   394632 
%CPU %MEM ARGS Sat Sep 26 20:10:23 UTC 2026
 0.0  0.0 grep --color=auto ./cli       1  2252
17.2  4.8 ./cli kernel images/4096x40   0 394632
17.2  4.8 ./cli kernel images/4096x40   1 394612
17.3  4.8 ./cli kernel images/4096x40   1 394580
17.3  4.8 ./cli kernel images/4096x40   1 394592
17.4  4.8 ./cli kernel images/4096x40   1 394572
  PID User     Command                         Swap      USS      PSS      RSS 
14942 codespace /usr/bin/python3 /usr/bin/s        0    12060    12248    14540 
 6842 codespace ./cli kernel images/4096x40        0   393320   393359   394572 
 6844 codespace ./cli kernel images/4096x40        0   393320   393359   394580 
 6848 codespace ./cli kernel images/4096x40        0   393320   393362   394612 
 6839 codespace ./cli kernel images/4096x40        0   393324   393363   394592 
 6846 codespace ./cli kernel images/4096x40        0   393324   393367   394632 
%CPU %MEM ARGS Sat Sep 26 20:10:24 UTC 2026
 0.0  0.0 grep --color=auto ./cli       1  2296
17.2  4.8 ./cli kernel images/4096x40   1 394632
17.2  4.8 ./cli kernel images/4096x40   0 394612
17.3  4.8 ./cli kernel images/4096x40   1 394580
17.3  4.8 ./cli kernel images/4096x40   0 394592
17.4  4.8 ./cli kernel images/4096x40   1 394572
  PID User     Command                         Swap      USS      PSS      RSS 
14954 codespace /usr/bin/python3 /usr/bin/s        0    12060    12256    14524 
 6842 codespace ./cli kernel images/4096x40        0   393320   393359   394572 
 6844 codespace ./cli kernel images/4096x40        0   393320   393359   394580 
 6848 codespace ./cli kernel images/4096x40        0   393320   393362   394612 
 6839 codespace ./cli kernel images/4096x40        0   393324   393363   394592 
 6846 codespace ./cli kernel images/4096x40        0   393324   393365   394632 
%CPU %MEM ARGS Sat Sep 26 20:10:26 UTC 2026
 0.0  0.0 grep --color=auto ./cli       1  2140
17.2  4.8 ./cli kernel images/4096x40   1 394632
17.2  4.8 ./cli kernel images/4096x40   0 394612
17.3  4.8 ./cli kernel images/4096x40   1 394580
17.3  4.8 ./cli kernel images/4096x40   1 394592
17.4  4.8 ./cli kernel images/4096x40   1 394572
  PID User     Command                         Swap      USS      PSS      RSS 
14967 codespace /usr/bin/python3 /usr/bin/s        0    12072    12269    14616 
 6842 codespace ./cli kernel images/4096x40        0   393320   393359   394572 
 6844 codespace ./cli kernel images/4096x40        0   393320   393359   394580 
 6848 codespace ./cli kernel images/4096x40        0   393320   393362   394612 
 6839 codespace ./cli kernel images/4096x40        0   393324   393363   394592 
 6846 codespace ./cli kernel images/4096x40        0   393324   393366   394632 
%CPU %MEM ARGS Sat Sep 26 20:10:27 UTC 2026
 0.0  0.0 grep --color=auto ./cli       1  2192
17.2  4.8 ./cli kernel images/4096x40   1 394632
17.2  4.8 ./cli kernel images/4096x40   1 394612
17.3  4.8 ./cli kernel images/4096x40   1 394580
17.3  4.8 ./cli kernel images/4096x40   1 394592
17.4  4.8 ./cli kernel images/4096x40   1 394572
  PID User     Command                         Swap      USS      PSS      RSS 
14975 codespace /usr/bin/python3 /usr/bin/s        0    12048    12230    14464 
 6839 codespace ./cli kernel images/4096x40        0   393324   393357   394592 
 6842 codespace ./cli kernel images/4096x40        0   393320   393359   394572 
 6844 codespace ./cli kernel images/4096x40        0   393320   393359   394580 
 6848 codespace ./cli kernel images/4096x40        0   393320   393361   394612 
 6846 codespace ./cli kernel images/4096x40        0   393324   393367   394632 
%CPU %MEM ARGS Sat Sep 26 20:10:29 UTC 2026
 0.0  0.0 grep --color=auto ./cli       0  2196
17.2  4.8 ./cli kernel images/4096x40   0 394632
17.2  4.8 ./cli kernel images/4096x40   0 394612
17.2  4.8 ./cli kernel images/4096x40   1 394580
17.3  4.8 ./cli kernel images/4096x40   0 394592
17.4  4.8 ./cli kernel images/4096x40   0 394572
  PID User     Command                         Swap      USS      PSS      RSS 
15009 codespace /usr/bin/python3 /usr/bin/s        0    12060    12250    14544 
 6842 codespace ./cli kernel images/4096x40        0   393320   393359   394572 
 6844 codespace ./cli kernel images/4096x40        0   393320   393359   394580 
 6848 codespace ./cli kernel images/4096x40        0   393320   393362   394612 
 6839 codespace ./cli kernel images/4096x40        0   393324   393364   394592 
 6846 codespace ./cli kernel images/4096x40        0   393324   393367   394632 
%CPU %MEM ARGS Sat Sep 26 20:10:30 UTC 2026
 0.0  0.0 grep --color=auto ./cli       1  2200
17.2  4.8 ./cli kernel images/4096x40   0 394632
17.2  4.8 ./cli kernel images/4096x40   1 394612
17.2  4.8 ./cli kernel images/4096x40   1 394580
17.3  4.8 ./cli kernel images/4096x40   1 394592
17.4  4.8 ./cli kernel images/4096x40   1 394572
  PID User     Command                         Swap      USS      PSS      RSS 
15025 codespace /usr/bin/python3 /usr/bin/s        0    12060    12247    14540 
 6842 codespace ./cli kernel images/4096x40        0   393320   393359   394572 
 6844 codespace ./cli kernel images/4096x40        0   393320   393359   394580 
 6848 codespace ./cli kernel images/4096x40        0   393320   393362   394612 
 6839 codespace ./cli kernel images/4096x40        0   393324   393363   394592 
 6846 codespace ./cli kernel images/4096x40        0   393324   393366   394632 
%CPU %MEM ARGS Sat Sep 26 20:10:31 UTC 2026
 0.0  0.0 grep --color=auto ./cli       1  2160
17.2  4.8 ./cli kernel images/4096x40   1 394632
17.2  4.8 ./cli kernel images/4096x40   1 394612
17.2  4.8 ./cli kernel images/4096x40   1 394580
17.3  4.8 ./cli kernel images/4096x40   1 394592
17.4  4.8 ./cli kernel images/4096x40   1 394572
  PID User     Command                         Swap      USS      PSS      RSS 
15032 codespace /usr/bin/python3 /usr/bin/s        0    12060    12280    14592 
 6842 codespace ./cli kernel images/4096x40        0   393320   393359   394572 
 6844 codespace ./cli kernel images/4096x40        0   393320   393359   394580 
 6848 codespace ./cli kernel images/4096x40        0   393320   393362   394612 
 6839 codespace ./cli kernel images/4096x40        0   393324   393363   394592 
 6846 codespace ./cli kernel images/4096x40        0   393324   393367   394632 
%CPU %MEM ARGS Sat Sep 26 20:10:32 UTC 2026
 0.0  0.0 grep --color=auto ./cli       1  2212
17.2  4.8 ./cli kernel images/4096x40   1 394632
17.2  4.8 ./cli kernel images/4096x40   1 394612
17.2  4.8 ./cli kernel images/4096x40   1 394580
17.3  4.8 ./cli kernel images/4096x40   1 394592
17.4  4.8 ./cli kernel images/4096x40   1 394572
  PID User     Command                         Swap      USS      PSS      RSS 
15039 codespace /usr/bin/python3 /usr/bin/s        0    12068    12224    14484 
 6848 codespace ./cli kernel images/4096x40        0   393320   393358   394612 
 6842 codespace ./cli kernel images/4096x40        0   393320   393359   394572 
 6844 codespace ./cli kernel images/4096x40        0   393320   393359   394580 
 6839 codespace ./cli kernel images/4096x40        0   393324   393363   394592 
 6846 codespace ./cli kernel images/4096x40        0   393324   393366   394632 
%CPU %MEM ARGS Sat Sep 26 20:10:34 UTC 2026
 0.0  0.0 grep --color=auto ./cli       1  2296
17.2  4.8 ./cli kernel images/4096x40   0 394632
17.2  4.8 ./cli kernel images/4096x40   1 394612
17.2  4.8 ./cli kernel images/4096x40   1 394580
17.3  4.8 ./cli kernel images/4096x40   1 394592
17.4  4.8 ./cli kernel images/4096x40   0 394572
  PID User     Command                         Swap      USS      PSS      RSS 
15052 codespace /usr/bin/python3 /usr/bin/s        0    12084    12280    14592 
 6842 codespace ./cli kernel images/4096x40        0   393320   393359   394572 
 6844 codespace ./cli kernel images/4096x40        0   393320   393359   394580 
 6839 codespace ./cli kernel images/4096x40        0   393324   393362   394592 
 6848 codespace ./cli kernel images/4096x40        0   393320   393362   394612 
 6846 codespace ./cli kernel images/4096x40        0   393324   393367   394632 
%CPU %MEM ARGS Sat Sep 26 20:10:35 UTC 2026
 0.0  0.0 grep --color=auto ./cli       0  2308
17.2  4.8 ./cli kernel images/4096x40   1 394632
17.2  4.8 ./cli kernel images/4096x40   1 394612
17.2  4.8 ./cli kernel images/4096x40   0 394580
17.2  4.8 ./cli kernel images/4096x40   1 394592
17.4  4.8 ./cli kernel images/4096x40   1 394572
  PID User     Command                         Swap      USS      PSS      RSS 
15071 codespace /usr/bin/python3 /usr/bin/s        0    12060    12254    14520 
 6842 codespace ./cli kernel images/4096x40        0   393320   393359   394572 
 6844 codespace ./cli kernel images/4096x40        0   393320   393359   394580 
 6848 codespace ./cli kernel images/4096x40        0   393320   393362   394612 
 6839 codespace ./cli kernel images/4096x40        0   393324   393363   394592 
 6846 codespace ./cli kernel images/4096x40        0   393324   393367   394632 
%CPU %MEM ARGS Sat Sep 26 20:10:37 UTC 2026
 0.0  0.0 grep --color=auto ./cli       0  2340
17.2  4.8 ./cli kernel images/4096x40   1 394632
17.2  4.8 ./cli kernel images/4096x40   1 394612
17.2  4.8 ./cli kernel images/4096x40   0 394580
17.2  4.8 ./cli kernel images/4096x40   0 394592
17.4  4.8 ./cli kernel images/4096x40   0 394572
  PID User     Command                         Swap      USS      PSS      RSS 
15085 codespace /usr/bin/python3 /usr/bin/s        0    12080    12277    14596 
 6842 codespace ./cli kernel images/4096x40        0   393320   393359   394572 
 6844 codespace ./cli kernel images/4096x40        0   393320   393359   394580 
 6848 codespace ./cli kernel images/4096x40        0   393320   393362   394612 
 6839 codespace ./cli kernel images/4096x40        0   393324   393363   394592 
 6846 codespace ./cli kernel images/4096x40        0   393324   393367   394632 
%CPU %MEM ARGS Sat Sep 26 20:10:38 UTC 2026
 0.0  0.0 grep --color=auto ./cli       1  2340
17.2  4.8 ./cli kernel images/4096x40   0 394632
17.2  4.8 ./cli kernel images/4096x40   0 394612
17.2  4.8 ./cli kernel images/4096x40   0 394580
17.2  4.8 ./cli kernel images/4096x40   1 394592
17.4  4.8 ./cli kernel images/4096x40   0 394572
  PID User     Command                         Swap      USS      PSS      RSS 
15099 codespace /usr/bin/python3 /usr/bin/s        0    12064    12253    14536 
 6842 codespace ./cli kernel images/4096x40        0   393320   393359   394572 
 6844 codespace ./cli kernel images/4096x40        0   393320   393359   394580 
 6848 codespace ./cli kernel images/4096x40        0   393320   393362   394612 
 6839 codespace ./cli kernel images/4096x40        0   393324   393363   394592 
 6846 codespace ./cli kernel images/4096x40        0   393324   393367   394632 
%CPU %MEM ARGS Sat Sep 26 20:10:40 UTC 2026
 0.0  0.0 grep --color=auto ./cli       1  2212
17.2  4.8 ./cli kernel images/4096x40   1 394632
17.2  4.8 ./cli kernel images/4096x40   1 394612
17.2  4.8 ./cli kernel images/4096x40   0 394580
17.2  4.8 ./cli kernel images/4096x40   1 394592
17.4  4.8 ./cli kernel images/4096x40   1 394572
  PID User     Command                         Swap      USS      PSS      RSS 
15118 codespace /usr/bin/python3 /usr/bin/s        0    12084    12292    14592 
 6844 codespace ./cli kernel images/4096x40        0   393320   393357   394580 
 6842 codespace ./cli kernel images/4096x40        0   393320   393358   394572 
 6848 codespace ./cli kernel images/4096x40        0   393320   393361   394612 
 6839 codespace ./cli kernel images/4096x40        0   393324   393363   394592 
 6846 codespace ./cli kernel images/4096x40        0   393324   393367   394632 
%CPU %MEM ARGS Sat Sep 26 20:10:41 UTC 2026
 0.0  0.0 grep --color=auto ./cli       0  2176
17.2  4.8 ./cli kernel images/4096x40   0 394632
17.2  4.8 ./cli kernel images/4096x40   0 394612
17.2  4.8 ./cli kernel images/4096x40   0 394580
17.2  4.8 ./cli kernel images/4096x40   0 394592
17.4  4.8 ./cli kernel images/4096x40   0 394572
  PID User     Command                         Swap      USS      PSS      RSS 
15136 codespace /usr/bin/python3 /usr/bin/s        0    12064    12248    14512 
 6842 codespace ./cli kernel images/4096x40        0   393320   393359   394572 
 6844 codespace ./cli kernel images/4096x40        0   393320   393359   394580 
 6848 codespace ./cli kernel images/4096x40        0   393320   393362   394612 
 6839 codespace ./cli kernel images/4096x40        0   393324   393363   394592 
 6846 codespace ./cli kernel images/4096x40        0   393324   393367   394632 
%CPU %MEM ARGS Sat Sep 26 20:10:43 UTC 2026
 0.0  0.0 grep --color=auto ./cli       1  2200
17.1  4.8 ./cli kernel images/4096x40   0 394632
17.2  4.8 ./cli kernel images/4096x40   0 394612
17.2  4.8 ./cli kernel images/4096x40   0 394580
17.2  4.8 ./cli kernel images/4096x40   0 394592
17.4  4.8 ./cli kernel images/4096x40   0 394572
  PID User     Command                         Swap      USS      PSS      RSS 
15157 codespace /usr/bin/python3 /usr/bin/s        0    12060    12230    14504 
 6842 codespace ./cli kernel images/4096x40        0   393320   393359   394572 
 6844 codespace ./cli kernel images/4096x40        0   393320   393359   394580 
 6848 codespace ./cli kernel images/4096x40        0   393320   393362   394612 
 6839 codespace ./cli kernel images/4096x40        0   393324   393363   394592 
 6846 codespace ./cli kernel images/4096x40        0   393324   393367   394632 
%CPU %MEM ARGS Sat Sep 26 20:10:44 UTC 2026
 0.0  0.0 grep --color=auto ./cli       1  2304
17.1  4.8 ./cli kernel images/4096x40   0 394632
17.2  4.8 ./cli kernel images/4096x40   1 394612
17.2  4.8 ./cli kernel images/4096x40   1 394580
17.2  4.8 ./cli kernel images/4096x40   1 394592
17.4  4.8 ./cli kernel images/4096x40   1 394572
  PID User     Command                         Swap      USS      PSS      RSS 
15164 codespace /usr/bin/python3 /usr/bin/s        0    12056    12238    14492 
 6842 codespace ./cli kernel images/4096x40        0   393320   393359   394572 
 6844 codespace ./cli kernel images/4096x40        0   393320   393359   394580 
 6848 codespace ./cli kernel images/4096x40        0   393320   393361   394612 
 6839 codespace ./cli kernel images/4096x40        0   393324   393363   394592 
 6846 codespace ./cli kernel images/4096x40        0   393324   393367   394632 
%CPU %MEM ARGS Sat Sep 26 20:10:45 UTC 2026
 0.0  0.0 grep --color=auto ./cli       1  2208
17.1  4.8 ./cli kernel images/4096x40   1 394632
17.2  4.8 ./cli kernel images/4096x40   1 394612
17.2  4.8 ./cli kernel images/4096x40   0 394580
17.2  4.8 ./cli kernel images/4096x40   0 394592
17.4  4.8 ./cli kernel images/4096x40   1 394572
  PID User     Command                         Swap      USS      PSS      RSS 
15172 codespace /usr/bin/python3 /usr/bin/s        0    12080    12275    14572 
 6842 codespace ./cli kernel images/4096x40        0   393320   393359   394572 
 6844 codespace ./cli kernel images/4096x40        0   393320   393359   394580 
 6839 codespace ./cli kernel images/4096x40        0   393324   393362   394592 
 6848 codespace ./cli kernel images/4096x40        0   393320   393362   394612 
 6846 codespace ./cli kernel images/4096x40        0   393324   393367   394632 
%CPU %MEM ARGS Sat Sep 26 20:10:47 UTC 2026
 0.0  0.0 grep --color=auto ./cli       1  2168
17.1  4.8 ./cli kernel images/4096x40   1 394632
17.2  4.8 ./cli kernel images/4096x40   1 394612
17.2  4.8 ./cli kernel images/4096x40   0 394580
17.2  4.8 ./cli kernel images/4096x40   1 394592
17.4  4.8 ./cli kernel images/4096x40   1 394572
  PID User     Command                         Swap      USS      PSS      RSS 
15184 codespace /usr/bin/python3 /usr/bin/s        0    12060    12246    14476 
 6839 codespace ./cli kernel images/4096x40        0   393324   393359   394592 
 6842 codespace ./cli kernel images/4096x40        0   393320   393359   394572 
 6844 codespace ./cli kernel images/4096x40        0   393320   393359   394580 
 6848 codespace ./cli kernel images/4096x40        0   393320   393362   394612 
 6846 codespace ./cli kernel images/4096x40        0   393324   393367   394632 
%CPU %MEM ARGS Sat Sep 26 20:10:48 UTC 2026
 0.0  0.0 grep --color=auto ./cli       1  2248
17.1  4.8 ./cli kernel images/4096x40   0 394632
17.1  4.8 ./cli kernel images/4096x40   0 394612
17.2  4.8 ./cli kernel images/4096x40   0 394580
17.2  4.8 ./cli kernel images/4096x40   0 394592
17.4  4.8 ./cli kernel images/4096x40   1 394572
  PID User     Command                         Swap      USS      PSS      RSS 
15204 codespace /usr/bin/python3 /usr/bin/s        0    12060    12263    14568 
 6844 codespace ./cli kernel images/4096x40        0   393320   393355   394580 
 6842 codespace ./cli kernel images/4096x40        0   393320   393357   394572 
 6848 codespace ./cli kernel images/4096x40        0   393320   393362   394612 
 6839 codespace ./cli kernel images/4096x40        0   393324   393364   394592 
 6846 codespace ./cli kernel images/4096x40        0   393324   393365   394632 
%CPU %MEM ARGS Sat Sep 26 20:10:50 UTC 2026
 0.0  0.0 grep --color=auto ./cli       0  2156
17.1  4.8 ./cli kernel images/4096x40   1 394632
17.1  4.8 ./cli kernel images/4096x40   0 394612
17.2  4.8 ./cli kernel images/4096x40   1 394580
17.2  4.8 ./cli kernel images/4096x40   0 394592
17.4  4.8 ./cli kernel images/4096x40   0 394572
  PID User     Command                         Swap      USS      PSS      RSS 
15236 codespace /usr/bin/python3 /usr/bin/s        0    12024    12227    14580 
 6842 codespace ./cli kernel images/4096x40        0   393320   393359   394572 
 6844 codespace ./cli kernel images/4096x40        0   393320   393359   394580 
 6848 codespace ./cli kernel images/4096x40        0   393320   393362   394612 
 6839 codespace ./cli kernel images/4096x40        0   393324   393363   394592 
 6846 codespace ./cli kernel images/4096x40        0   393324   393367   394632 
%CPU %MEM ARGS Sat Sep 26 20:10:51 UTC 2026
 0.0  0.0 grep --color=auto ./cli       0  2208
17.1  4.8 ./cli kernel images/4096x40   1 394632
17.1  4.8 ./cli kernel images/4096x40   1 394612
17.2  4.8 ./cli kernel images/4096x40   1 394580
17.2  4.8 ./cli kernel images/4096x40   1 394592
17.4  4.8 ./cli kernel images/4096x40   1 394572
  PID User     Command                         Swap      USS      PSS      RSS 
15243 codespace /usr/bin/python3 /usr/bin/s        0    12008    12226    14496 
 6842 codespace ./cli kernel images/4096x40        0   393320   393359   394572 
 6844 codespace ./cli kernel images/4096x40        0   393320   393359   394580 
 6848 codespace ./cli kernel images/4096x40        0   393320   393361   394612 
 6839 codespace ./cli kernel images/4096x40        0   393324   393363   394592 
 6846 codespace ./cli kernel images/4096x40        0   393324   393367   394632 
%CPU %MEM ARGS Sat Sep 26 20:10:52 UTC 2026
 0.0  0.0 grep --color=auto ./cli       1  2172
17.1  4.8 ./cli kernel images/4096x40   1 394632
17.1  4.8 ./cli kernel images/4096x40   1 394612
17.2  4.8 ./cli kernel images/4096x40   1 394580
17.2  4.8 ./cli kernel images/4096x40   1 394592
17.4  4.8 ./cli kernel images/4096x40   1 394572
  PID User     Command                         Swap      USS      PSS      RSS 
15255 codespace /usr/bin/python3 /usr/bin/s        0    12060    12256    14524 
 6842 codespace ./cli kernel images/4096x40        0   393320   393357   394572 
 6844 codespace ./cli kernel images/4096x40        0   393320   393359   394580 
 6848 codespace ./cli kernel images/4096x40        0   393320   393362   394612 
 6839 codespace ./cli kernel images/4096x40        0   393324   393363   394592 
 6846 codespace ./cli kernel images/4096x40        0   393324   393367   394632 
%CPU %MEM ARGS Sat Sep 26 20:10:54 UTC 2026
 0.0  0.0 grep --color=auto ./cli       1  2296
17.1  4.8 ./cli kernel images/4096x40   1 394632
17.1  4.8 ./cli kernel images/4096x40   1 394612
17.2  4.8 ./cli kernel images/4096x40   1 394580
17.2  4.8 ./cli kernel images/4096x40   1 394592
17.4  4.8 ./cli kernel images/4096x40   1 394572
  PID User     Command                         Swap      USS      PSS      RSS 
15269 codespace /usr/bin/python3 /usr/bin/s        0    12072    12232    14452 
 6842 codespace ./cli kernel images/4096x40        0   393320   393357   394572 
 6844 codespace ./cli kernel images/4096x40        0   393320   393359   394580 
 6848 codespace ./cli kernel images/4096x40        0   393320   393362   394612 
 6839 codespace ./cli kernel images/4096x40        0   393324   393363   394592 
 6846 codespace ./cli kernel images/4096x40        0   393324   393367   394632 
%CPU %MEM ARGS Sat Sep 26 20:10:55 UTC 2026
 0.0  0.0 grep --color=auto ./cli       0  2160
17.1  4.8 ./cli kernel images/4096x40   1 394632
17.1  4.8 ./cli kernel images/4096x40   1 394612
17.2  4.8 ./cli kernel images/4096x40   0 394580
17.2  4.8 ./cli kernel images/4096x40   0 394592
17.4  4.8 ./cli kernel images/4096x40   0 394572
  PID User     Command                         Swap      USS      PSS      RSS 
15283 codespace /usr/bin/python3 /usr/bin/s        0    12060    12246    14476 
 6842 codespace ./cli kernel images/4096x40        0   393320   393359   394572 
 6844 codespace ./cli kernel images/4096x40        0   393320   393359   394580 
 6848 codespace ./cli kernel images/4096x40        0   393320   393362   394612 
 6839 codespace ./cli kernel images/4096x40        0   393324   393363   394592 
 6846 codespace ./cli kernel images/4096x40        0   393324   393367   394632 
%CPU %MEM ARGS Sat Sep 26 20:10:57 UTC 2026
 0.0  0.0 grep --color=auto ./cli       0  2192
17.1  4.8 ./cli kernel images/4096x40   1 394632
17.1  4.8 ./cli kernel images/4096x40   0 394612
17.1  4.8 ./cli kernel images/4096x40   0 394580
17.2  4.8 ./cli kernel images/4096x40   0 394592
17.4  4.8 ./cli kernel images/4096x40   0 394572
  PID User     Command                         Swap      USS      PSS      RSS 
15290 codespace /usr/bin/python3 /usr/bin/s        0    12068    12263    14532 
 6842 codespace ./cli kernel images/4096x40        0   393320   393355   394572 
 6844 codespace ./cli kernel images/4096x40        0   393320   393359   394580 
 6848 codespace ./cli kernel images/4096x40        0   393320   393362   394612 
 6839 codespace ./cli kernel images/4096x40        0   393324   393363   394592 
 6846 codespace ./cli kernel images/4096x40        0   393324   393367   394632 
%CPU %MEM ARGS Sat Sep 26 20:10:58 UTC 2026
 0.0  0.0 grep --color=auto ./cli       0  2172
17.1  4.8 ./cli kernel images/4096x40   0 394632
17.1  4.8 ./cli kernel images/4096x40   0 394612
17.1  4.8 ./cli kernel images/4096x40   0 394580
17.2  4.8 ./cli kernel images/4096x40   0 394592
17.3  4.8 ./cli kernel images/4096x40   1 394572
  PID User     Command                         Swap      USS      PSS      RSS 
15304 codespace /usr/bin/python3 /usr/bin/s        0    12064    12261    14528 
 6842 codespace ./cli kernel images/4096x40        0   393320   393359   394572 
 6844 codespace ./cli kernel images/4096x40        0   393320   393359   394580 
 6848 codespace ./cli kernel images/4096x40        0   393320   393362   394612 
 6839 codespace ./cli kernel images/4096x40        0   393324   393363   394592 
 6846 codespace ./cli kernel images/4096x40        0   393324   393367   394632 
%CPU %MEM ARGS Sat Sep 26 20:11:00 UTC 2026
 0.0  0.0 grep --color=auto ./cli       0  2192
17.1  4.8 ./cli kernel images/4096x40   1 394632
17.1  4.8 ./cli kernel images/4096x40   1 394612
17.1  4.8 ./cli kernel images/4096x40   0 394580
17.1  4.8 ./cli kernel images/4096x40   1 394592
17.3  4.8 ./cli kernel images/4096x40   1 394572
  PID User     Command                         Swap      USS      PSS      RSS 
15327 codespace /usr/bin/python3 /usr/bin/s        0    12060    12244    14476 
 6842 codespace ./cli kernel images/4096x40        0   393320   393359   394572 
 6844 codespace ./cli kernel images/4096x40        0   393320   393359   394580 
 6848 codespace ./cli kernel images/4096x40        0   393320   393362   394612 
 6839 codespace ./cli kernel images/4096x40        0   393324   393363   394592 
 6846 codespace ./cli kernel images/4096x40        0   393324   393366   394632 
%CPU %MEM ARGS Sat Sep 26 20:11:01 UTC 2026
 0.0  0.0 grep --color=auto ./cli       1  2180
17.1  4.8 ./cli kernel images/4096x40   1 394632
17.1  4.8 ./cli kernel images/4096x40   0 394612
17.1  4.8 ./cli kernel images/4096x40   0 394592
17.1  4.8 ./cli kernel images/4096x40   0 394580
17.3  4.8 ./cli kernel images/4096x40   1 394572
  PID User     Command                         Swap      USS      PSS      RSS 
15351 codespace /usr/bin/python3 /usr/bin/s        0    12060    12245    14476 
 6842 codespace ./cli kernel images/4096x40        0   393320   393359   394572 
 6844 codespace ./cli kernel images/4096x40        0   393320   393359   394580 
 6848 codespace ./cli kernel images/4096x40        0   393320   393362   394612 
 6839 codespace ./cli kernel images/4096x40        0   393324   393363   394592 
 6846 codespace ./cli kernel images/4096x40        0   393324   393367   394632 
%CPU %MEM ARGS Sat Sep 26 20:11:02 UTC 2026
 0.0  0.0 grep --color=auto ./cli       1  2156
17.1  4.8 ./cli kernel images/4096x40   1 394632
17.1  4.8 ./cli kernel images/4096x40   1 394612
17.1  4.8 ./cli kernel images/4096x40   1 394580
17.1  4.8 ./cli kernel images/4096x40   1 394592
17.3  4.8 ./cli kernel images/4096x40   1 394572
  PID User     Command                         Swap      USS      PSS      RSS 
15361 codespace /usr/bin/python3 /usr/bin/s        0    12060    12249    14544 
 6842 codespace ./cli kernel images/4096x40        0   393320   393359   394572 
 6844 codespace ./cli kernel images/4096x40        0   393320   393359   394580 
 6848 codespace ./cli kernel images/4096x40        0   393320   393362   394612 
 6839 codespace ./cli kernel images/4096x40        0   393324   393364   394592 
 6846 codespace ./cli kernel images/4096x40        0   393324   393367   394632 
%CPU %MEM ARGS Sat Sep 26 20:11:03 UTC 2026
 0.0  0.0 grep --color=auto ./cli       1  2252
17.1  4.8 ./cli kernel images/4096x40   1 394632
17.1  4.8 ./cli kernel images/4096x40   0 394612
17.1  4.8 ./cli kernel images/4096x40   1 394580
17.1  4.8 ./cli kernel images/4096x40   1 394592
17.3  4.8 ./cli kernel images/4096x40   0 394572
  PID User     Command                         Swap      USS      PSS      RSS 
15368 codespace /usr/bin/python3 /usr/bin/s        0    12064    12252    14520 
 6842 codespace ./cli kernel images/4096x40        0   393320   393359   394572 
 6844 codespace ./cli kernel images/4096x40        0   393320   393359   394580 
 6848 codespace ./cli kernel images/4096x40        0   393320   393360   394612 
 6839 codespace ./cli kernel images/4096x40        0   393324   393364   394592 
 6846 codespace ./cli kernel images/4096x40        0   393324   393367   394632 
%CPU %MEM ARGS Sat Sep 26 20:11:05 UTC 2026
 0.0  0.0 grep --color=auto ./cli       0  2288
17.1  4.8 ./cli kernel images/4096x40   0 394632
17.1  4.8 ./cli kernel images/4096x40   0 394612
17.1  4.8 ./cli kernel images/4096x40   0 394580
17.1  4.8 ./cli kernel images/4096x40   1 394592
17.3  4.8 ./cli kernel images/4096x40   0 394572
  PID User     Command                         Swap      USS      PSS      RSS 
15382 codespace /usr/bin/python3 /usr/bin/s        0    12060    12251    14544 
 6844 codespace ./cli kernel images/4096x40        0   393320   393357   394580 
 6842 codespace ./cli kernel images/4096x40        0   393320   393359   394572 
 6848 codespace ./cli kernel images/4096x40        0   393320   393362   394612 
 6839 codespace ./cli kernel images/4096x40        0   393324   393363   394592 
 6846 codespace ./cli kernel images/4096x40        0   393324   393365   394632 
%CPU %MEM ARGS Sat Sep 26 20:11:06 UTC 2026
 0.0  0.0 grep --color=auto ./cli       0  2300
17.1  4.8 ./cli kernel images/4096x40   0 394632
17.1  4.8 ./cli kernel images/4096x40   1 394612
17.1  4.8 ./cli kernel images/4096x40   0 394580
17.1  4.8 ./cli kernel images/4096x40   1 394592
17.3  4.8 ./cli kernel images/4096x40   0 394572
  PID User     Command                         Swap      USS      PSS      RSS 
15397 codespace /usr/bin/python3 /usr/bin/s        0    12052    12242    14516 
 6842 codespace ./cli kernel images/4096x40        0   393320   393359   394572 
 6844 codespace ./cli kernel images/4096x40        0   393320   393359   394580 
 6848 codespace ./cli kernel images/4096x40        0   393320   393362   394612 
 6839 codespace ./cli kernel images/4096x40        0   393324   393364   394592 
 6846 codespace ./cli kernel images/4096x40        0   393324   393367   394632 
%CPU %MEM ARGS Sat Sep 26 20:11:07 UTC 2026
 0.0  0.0 grep --color=auto ./cli       1  2160
17.0  4.8 ./cli kernel images/4096x40   1 394632
17.1  4.8 ./cli kernel images/4096x40   1 394612
17.1  4.8 ./cli kernel images/4096x40   1 394580
17.1  4.8 ./cli kernel images/4096x40   1 394592
17.3  4.8 ./cli kernel images/4096x40   1 394572
  PID User     Command                         Swap      USS      PSS      RSS 
15407 codespace /usr/bin/python3 /usr/bin/s        0    12060    12247    14540 
 6842 codespace ./cli kernel images/4096x40        0   393320   393358   394572 
 6844 codespace ./cli kernel images/4096x40        0   393320   393358   394580 
 6846 codespace ./cli kernel images/4096x40        0   393324   393362   394632 
 6848 codespace ./cli kernel images/4096x40        0   393320   393362   394612 
 6839 codespace ./cli kernel images/4096x40        0   393324   393363   394592 
%CPU %MEM ARGS Sat Sep 26 20:11:08 UTC 2026
 0.0  0.0 grep --color=auto ./cli       1  2156
17.0  4.8 ./cli kernel images/4096x40   1 394632
17.1  4.8 ./cli kernel images/4096x40   1 394612
17.1  4.8 ./cli kernel images/4096x40   0 394580
17.1  4.8 ./cli kernel images/4096x40   0 394592
17.3  4.8 ./cli kernel images/4096x40   0 394572
  PID User     Command                         Swap      USS      PSS      RSS 
15420 codespace /usr/bin/python3 /usr/bin/s        0    12060    12254    14520 
 6842 codespace ./cli kernel images/4096x40        0   393320   393359   394572 
 6844 codespace ./cli kernel images/4096x40        0   393320   393359   394580 
 6848 codespace ./cli kernel images/4096x40        0   393320   393362   394612 
 6839 codespace ./cli kernel images/4096x40        0   393324   393363   394592 
 6846 codespace ./cli kernel images/4096x40        0   393324   393367   394632 
%CPU %MEM ARGS Sat Sep 26 20:11:10 UTC 2026
 0.0  0.0 grep --color=auto ./cli       1  2160
17.0  4.8 ./cli kernel images/4096x40   1 394632
17.1  4.8 ./cli kernel images/4096x40   0 394612
17.1  4.8 ./cli kernel images/4096x40   1 394580
17.1  4.8 ./cli kernel images/4096x40   1 394592
17.3  4.8 ./cli kernel images/4096x40   1 394572
  PID User     Command                         Swap      USS      PSS      RSS 
15428 codespace /usr/bin/python3 /usr/bin/s        0    12060    12227    14536 
 6842 codespace ./cli kernel images/4096x40        0   393320   393357   394572 
 6844 codespace ./cli kernel images/4096x40        0   393320   393359   394580 
 6848 codespace ./cli kernel images/4096x40        0   393320   393360   394612 
 6839 codespace ./cli kernel images/4096x40        0   393324   393363   394592 
 6846 codespace ./cli kernel images/4096x40        0   393324   393366   394632 
%CPU %MEM ARGS Sat Sep 26 20:11:11 UTC 2026
 0.0  0.0 grep --color=auto ./cli       1  2168
17.0  4.8 ./cli kernel images/4096x40   0 394632
17.1  4.8 ./cli kernel images/4096x40   1 394612
17.1  4.8 ./cli kernel images/4096x40   0 394580
17.1  4.8 ./cli kernel images/4096x40   0 394592
17.3  4.8 ./cli kernel images/4096x40   0 394572
  PID User     Command                         Swap      USS      PSS      RSS 
15459 codespace /usr/bin/python3 /usr/bin/s        0    12060    12248    14540 
 6844 codespace ./cli kernel images/4096x40        0   393320   393358   394580 
 6842 codespace ./cli kernel images/4096x40        0   393320   393359   394572 
 6848 codespace ./cli kernel images/4096x40        0   393320   393362   394612 
 6839 codespace ./cli kernel images/4096x40        0   393324   393363   394592 
 6846 codespace ./cli kernel images/4096x40        0   393324   393367   394632 
%CPU %MEM ARGS Sat Sep 26 20:11:13 UTC 2026
 0.0  0.0 grep --color=auto ./cli       0  2152
17.0  4.8 ./cli kernel images/4096x40   1 394632
17.1  4.8 ./cli kernel images/4096x40   1 394612
17.1  4.8 ./cli kernel images/4096x40   0 394580
17.1  4.8 ./cli kernel images/4096x40   1 394592
17.3  4.8 ./cli kernel images/4096x40   1 394572
  PID User     Command                         Swap      USS      PSS      RSS 
15471 codespace /usr/bin/python3 /usr/bin/s        0    12060    12244    14476 
 6842 codespace ./cli kernel images/4096x40        0   393320   393357   394572 
 6844 codespace ./cli kernel images/4096x40        0   393320   393357   394580 
 6848 codespace ./cli kernel images/4096x40        0   393320   393362   394612 
 6839 codespace ./cli kernel images/4096x40        0   393324   393363   394592 
 6846 codespace ./cli kernel images/4096x40        0   393324   393367   394632 
%CPU %MEM ARGS Sat Sep 26 20:11:14 UTC 2026
 0.0  0.0 grep --color=auto ./cli       0  2308
17.0  4.8 ./cli kernel images/4096x40   0 394632
17.1  4.8 ./cli kernel images/4096x40   1 394612
17.1  4.8 ./cli kernel images/4096x40   0 394580
17.1  4.8 ./cli kernel images/4096x40   0 394592
17.3  4.8 ./cli kernel images/4096x40   0 394572
  PID User     Command                         Swap      USS      PSS      RSS 
15485 codespace /usr/bin/python3 /usr/bin/s        0    12060    12251    14544 
 6842 codespace ./cli kernel images/4096x40        0   393320   393357   394572 
 6844 codespace ./cli kernel images/4096x40        0   393320   393359   394580 
 6848 codespace ./cli kernel images/4096x40        0   393320   393362   394612 
 6839 codespace ./cli kernel images/4096x40        0   393324   393363   394592 
 6846 codespace ./cli kernel images/4096x40        0   393324   393367   394632 
%CPU %MEM ARGS Sat Sep 26 20:11:16 UTC 2026
 0.0  0.0 grep --color=auto ./cli       0  2180
17.0  4.8 ./cli kernel images/4096x40   0 394632
17.1  4.8 ./cli kernel images/4096x40   0 394580
17.1  4.8 ./cli kernel images/4096x40   0 394612
17.1  4.8 ./cli kernel images/4096x40   0 394592
17.3  4.8 ./cli kernel images/4096x40   0 394572
  PID User     Command                         Swap      USS      PSS      RSS 
15499 codespace /usr/bin/python3 /usr/bin/s        0    12080    12277    14620 
 6842 codespace ./cli kernel images/4096x40        0   393320   393359   394572 
 6844 codespace ./cli kernel images/4096x40        0   393320   393359   394580 
 6848 codespace ./cli kernel images/4096x40        0   393320   393362   394612 
 6839 codespace ./cli kernel images/4096x40        0   393324   393363   394592 
 6846 codespace ./cli kernel images/4096x40        0   393324   393367   394632 
%CPU %MEM ARGS Sat Sep 26 20:11:17 UTC 2026
 0.0  0.0 grep --color=auto ./cli       0  2344
17.0  4.8 ./cli kernel images/4096x40   1 394632
17.1  4.8 ./cli kernel images/4096x40   0 394580
17.1  4.8 ./cli kernel images/4096x40   0 394612
17.1  4.8 ./cli kernel images/4096x40   0 394592
17.3  4.8 ./cli kernel images/4096x40   0 394572
  PID User     Command                         Swap      USS      PSS      RSS 
15513 codespace /usr/bin/python3 /usr/bin/s        0    12072    12273    14596 
 6842 codespace ./cli kernel images/4096x40        0   393320   393359   394572 
 6844 codespace ./cli kernel images/4096x40        0   393320   393359   394580 
 6848 codespace ./cli kernel images/4096x40        0   393320   393362   394612 
 6839 codespace ./cli kernel images/4096x40        0   393324   393363   394592 
 6846 codespace ./cli kernel images/4096x40        0   393324   393367   394632 
%CPU %MEM ARGS Sat Sep 26 20:11:19 UTC 2026
 0.0  0.0 grep --color=auto ./cli       0  2340
17.0  4.8 ./cli kernel images/4096x40   0 394632
17.1  4.8 ./cli kernel images/4096x40   0 394580
17.1  4.8 ./cli kernel images/4096x40   0 394612
17.1  4.8 ./cli kernel images/4096x40   0 394592
17.3  4.8 ./cli kernel images/4096x40   0 394572
  PID User     Command                         Swap      USS      PSS      RSS 
15526 codespace /usr/bin/python3 /usr/bin/s        0    12096    12303    14600 
 6842 codespace ./cli kernel images/4096x40        0   393320   393359   394572 
 6844 codespace ./cli kernel images/4096x40        0   393320   393359   394580 
 6848 codespace ./cli kernel images/4096x40        0   393320   393362   394612 
 6839 codespace ./cli kernel images/4096x40        0   393324   393363   394592 
 6846 codespace ./cli kernel images/4096x40        0   393324   393367   394632 
%CPU %MEM ARGS Sat Sep 26 20:11:20 UTC 2026
 0.0  0.0 grep --color=auto ./cli       1  2156
17.0  4.8 ./cli kernel images/4096x40   0 394632
17.0  4.8 ./cli kernel images/4096x40   1 394580
17.1  4.8 ./cli kernel images/4096x40   0 394612
17.1  4.8 ./cli kernel images/4096x40   1 394592
17.2  4.8 ./cli kernel images/4096x40   0 394572
  PID User     Command                         Swap      USS      PSS      RSS 
15533 codespace /usr/bin/python3 /usr/bin/s        0    12060    12261    14568 
 6842 codespace ./cli kernel images/4096x40        0   393320   393359   394572 
 6844 codespace ./cli kernel images/4096x40        0   393320   393359   394580 
 6848 codespace ./cli kernel images/4096x40        0   393320   393362   394612 
 6839 codespace ./cli kernel images/4096x40        0   393324   393364   394592 
 6846 codespace ./cli kernel images/4096x40        0   393324   393367   394632 
%CPU %MEM ARGS Sat Sep 26 20:11:21 UTC 2026
 0.0  0.0 grep --color=auto ./cli       0  2180
17.0  4.8 ./cli kernel images/4096x40   1 394632
17.0  4.8 ./cli kernel images/4096x40   1 394580
17.1  4.8 ./cli kernel images/4096x40   1 394612
17.1  4.8 ./cli kernel images/4096x40   1 394592
17.2  4.8 ./cli kernel images/4096x40   1 394572
  PID User     Command                         Swap      USS      PSS      RSS 
15554 codespace /usr/bin/python3 /usr/bin/s        0    11992    12215    14544 
 6842 codespace ./cli kernel images/4096x40        0   393320   393359   394572 
 6844 codespace ./cli kernel images/4096x40        0   393320   393359   394580 
 6839 codespace ./cli kernel images/4096x40        0   393324   393360   394592 
 6848 codespace ./cli kernel images/4096x40        0   393320   393361   394612 
 6846 codespace ./cli kernel images/4096x40        0   393324   393367   394632 
%CPU %MEM ARGS Sat Sep 26 20:11:23 UTC 2026
 0.0  0.0 grep --color=auto ./cli       1  2292
17.0  4.8 ./cli kernel images/4096x40   0 394632
17.0  4.8 ./cli kernel images/4096x40   1 394580
17.0  4.8 ./cli kernel images/4096x40   1 394612
17.1  4.8 ./cli kernel images/4096x40   0 394592
17.2  4.8 ./cli kernel images/4096x40   1 394572
  PID User     Command                         Swap      USS      PSS      RSS 
15583 codespace /usr/bin/python3 /usr/bin/s        0    12068    12265    14532 
 6842 codespace ./cli kernel images/4096x40        0   393320   393357   394572 
 6844 codespace ./cli kernel images/4096x40        0   393320   393359   394580 
 6848 codespace ./cli kernel images/4096x40        0   393320   393362   394612 
 6839 codespace ./cli kernel images/4096x40        0   393324   393363   394592 
 6846 codespace ./cli kernel images/4096x40        0   393324   393367   394632 
%CPU %MEM ARGS Sat Sep 26 20:11:24 UTC 2026
 0.0  0.0 grep --color=auto ./cli       1  2248
17.0  4.8 ./cli kernel images/4096x40   1 394632
17.0  4.8 ./cli kernel images/4096x40   1 394580
17.0  4.8 ./cli kernel images/4096x40   0 394612
17.1  4.8 ./cli kernel images/4096x40   1 394592
17.2  4.8 ./cli kernel images/4096x40   1 394572
  PID User     Command                         Swap      USS      PSS      RSS 
15595 codespace /usr/bin/python3 /usr/bin/s        0    12060    12243    14476 
 6842 codespace ./cli kernel images/4096x40        0   393320   393359   394572 
 6844 codespace ./cli kernel images/4096x40        0   393320   393359   394580 
 6848 codespace ./cli kernel images/4096x40        0   393320   393360   394612 
 6839 codespace ./cli kernel images/4096x40        0   393324   393363   394592 
 6846 codespace ./cli kernel images/4096x40        0   393324   393367   394632 
%CPU %MEM ARGS Sat Sep 26 20:11:25 UTC 2026
 0.0  0.0 grep --color=auto ./cli       1  2168
17.0  4.8 ./cli kernel images/4096x40   1 394632
17.0  4.8 ./cli kernel images/4096x40   0 394580
17.0  4.8 ./cli kernel images/4096x40   1 394612
17.1  4.8 ./cli kernel images/4096x40   1 394592
17.2  4.8 ./cli kernel images/4096x40   1 394572
  PID User     Command                         Swap      USS      PSS      RSS 
15602 codespace /usr/bin/python3 /usr/bin/s        0    12060    12244    14476 
 6842 codespace ./cli kernel images/4096x40        0   393320   393358   394572 
 6844 codespace ./cli kernel images/4096x40        0   393320   393359   394580 
 6848 codespace ./cli kernel images/4096x40        0   393320   393362   394612 
 6839 codespace ./cli kernel images/4096x40        0   393324   393363   394592 
 6846 codespace ./cli kernel images/4096x40        0   393324   393366   394632 
%CPU %MEM ARGS Sat Sep 26 20:11:27 UTC 2026
 0.0  0.0 grep --color=auto ./cli       1  2152
17.0  4.8 ./cli kernel images/4096x40   1 394632
17.0  4.8 ./cli kernel images/4096x40   1 394580
17.0  4.8 ./cli kernel images/4096x40   1 394612
17.1  4.8 ./cli kernel images/4096x40   1 394592
17.2  4.8 ./cli kernel images/4096x40   1 394572
  PID User     Command                         Swap      USS      PSS      RSS 
15610 codespace /usr/bin/python3 /usr/bin/s        0    12056    12217    14472 
 6844 codespace ./cli kernel images/4096x40        0   393320   393357   394580 
 6842 codespace ./cli kernel images/4096x40        0   393320   393359   394572 
 6848 codespace ./cli kernel images/4096x40        0   393320   393359   394612 
 6839 codespace ./cli kernel images/4096x40        0   393324   393363   394592 
 6846 codespace ./cli kernel images/4096x40        0   393324   393364   394632 
%CPU %MEM ARGS Sat Sep 26 20:11:28 UTC 2026
 0.0  0.0 grep --color=auto ./cli       1  2196
17.0  4.8 ./cli kernel images/4096x40   1 394632
17.0  4.8 ./cli kernel images/4096x40   0 394580
17.0  4.8 ./cli kernel images/4096x40   1 394612
17.1  4.8 ./cli kernel images/4096x40   1 394592
17.2  4.8 ./cli kernel images/4096x40   1 394572
  PID User     Command                         Swap      USS      PSS      RSS 
15623 codespace /usr/bin/python3 /usr/bin/s        0    12076    12266    14504 
 6842 codespace ./cli kernel images/4096x40        0   393320   393355   394572 
 6844 codespace ./cli kernel images/4096x40        0   393320   393359   394580 
 6848 codespace ./cli kernel images/4096x40        0   393320   393362   394612 
 6839 codespace ./cli kernel images/4096x40        0   393324   393363   394592 
 6846 codespace ./cli kernel images/4096x40        0   393324   393367   394632 
%CPU %MEM ARGS Sat Sep 26 20:11:29 UTC 2026
 0.0  0.0 grep --color=auto ./cli       1  2136
17.0  4.8 ./cli kernel images/4096x40   1 394632
17.0  4.8 ./cli kernel images/4096x40   1 394580
17.0  4.8 ./cli kernel images/4096x40   1 394612
17.1  4.8 ./cli kernel images/4096x40   0 394592
17.2  4.8 ./cli kernel images/4096x40   1 394572
  PID User     Command                         Swap      USS      PSS      RSS 
15638 codespace /usr/bin/python3 /usr/bin/s        0    12064    12248    14480 
 6842 codespace ./cli kernel images/4096x40        0   393320   393354   394572 
 6844 codespace ./cli kernel images/4096x40        0   393320   393359   394580 
 6839 codespace ./cli kernel images/4096x40        0   393324   393360   394592 
 6848 codespace ./cli kernel images/4096x40        0   393320   393360   394612 
 6846 codespace ./cli kernel images/4096x40        0   393324   393367   394632 
%CPU %MEM ARGS Sat Sep 26 20:11:31 UTC 2026
 0.0  0.0 grep --color=auto ./cli       1  2212
17.0  4.8 ./cli kernel images/4096x40   1 394632
17.0  4.8 ./cli kernel images/4096x40   1 394580
17.0  4.8 ./cli kernel images/4096x40   1 394612
17.1  4.8 ./cli kernel images/4096x40   1 394592
17.2  4.8 ./cli kernel images/4096x40   1 394572
  PID User     Command                         Swap      USS      PSS      RSS 
15654 codespace /usr/bin/python3 /usr/bin/s        0    12064    12237    14508 
 6842 codespace ./cli kernel images/4096x40        0   393320   393359   394572 
 6844 codespace ./cli kernel images/4096x40        0   393320   393359   394580 
 6848 codespace ./cli kernel images/4096x40        0   393320   393362   394612 
 6839 codespace ./cli kernel images/4096x40        0   393324   393364   394592 
 6846 codespace ./cli kernel images/4096x40        0   393324   393367   394632 
%CPU %MEM ARGS Sat Sep 26 20:11:32 UTC 2026
 0.0  0.0 grep --color=auto ./cli       0  2180
17.0  4.8 ./cli kernel images/4096x40   0 394632
17.0  4.8 ./cli kernel images/4096x40   0 394580
17.0  4.8 ./cli kernel images/4096x40   1 394612
17.1  4.8 ./cli kernel images/4096x40   0 394592
17.2  4.8 ./cli kernel images/4096x40   0 394572
  PID User     Command                         Swap      USS      PSS      RSS 
15661 codespace /usr/bin/python3 /usr/bin/s        0    12060    12244    14476 
 6842 codespace ./cli kernel images/4096x40        0   393320   393359   394572 
 6844 codespace ./cli kernel images/4096x40        0   393320   393359   394580 
 6848 codespace ./cli kernel images/4096x40        0   393320   393362   394612 
 6839 codespace ./cli kernel images/4096x40        0   393324   393363   394592 
 6846 codespace ./cli kernel images/4096x40        0   393324   393366   394632 
%CPU %MEM ARGS Sat Sep 26 20:11:33 UTC 2026
 0.0  0.0 grep --color=auto ./cli       1  2292
17.0  4.8 ./cli kernel images/4096x40   1 394632
17.0  4.8 ./cli kernel images/4096x40   0 394580
17.0  4.8 ./cli kernel images/4096x40   1 394612
17.0  4.8 ./cli kernel images/4096x40   1 394592
17.2  4.8 ./cli kernel images/4096x40   1 394572
  PID User     Command                         Swap      USS      PSS      RSS 
15693 codespace /usr/bin/python3 /usr/bin/s        0    12060    12256    14524 
 6842 codespace ./cli kernel images/4096x40        0   393320   393359   394572 
 6844 codespace ./cli kernel images/4096x40        0   393320   393359   394580 
 6848 codespace ./cli kernel images/4096x40        0   393320   393362   394612 
 6839 codespace ./cli kernel images/4096x40        0   393324   393363   394592 
 6846 codespace ./cli kernel images/4096x40        0   393324   393367   394632 
%CPU %MEM ARGS Sat Sep 26 20:11:35 UTC 2026
 0.0  0.0 grep --color=auto ./cli       1  2336
17.0  4.8 ./cli kernel images/4096x40   1 394632
17.0  4.8 ./cli kernel images/4096x40   1 394580
17.0  4.8 ./cli kernel images/4096x40   0 394612
17.0  4.8 ./cli kernel images/4096x40   1 394592
17.2  4.8 ./cli kernel images/4096x40   1 394572
  PID User     Command                         Swap      USS      PSS      RSS 
15700 codespace /usr/bin/python3 /usr/bin/s        0    12060    12251    14508 
 6842 codespace ./cli kernel images/4096x40        0   393320   393357   394572 
 6844 codespace ./cli kernel images/4096x40        0   393320   393359   394580 
 6839 codespace ./cli kernel images/4096x40        0   393324   393362   394592 
 6846 codespace ./cli kernel images/4096x40        0   393324   393362   394632 
 6848 codespace ./cli kernel images/4096x40        0   393320   393362   394612 
%CPU %MEM ARGS Sat Sep 26 20:11:37 UTC 2026
 0.0  0.0 grep --color=auto ./cli       0  2160
17.0  4.8 ./cli kernel images/4096x40   1 394632
17.0  4.8 ./cli kernel images/4096x40   0 394580
17.0  4.8 ./cli kernel images/4096x40   1 394612
17.0  4.8 ./cli kernel images/4096x40   0 394592
17.2  4.8 ./cli kernel images/4096x40   1 394572
  PID User     Command                         Swap      USS      PSS      RSS 
15719 codespace /usr/bin/python3 /usr/bin/s        0    12052    12242    14516 
 6842 codespace ./cli kernel images/4096x40        0   393320   393359   394572 
 6844 codespace ./cli kernel images/4096x40        0   393320   393359   394580 
 6848 codespace ./cli kernel images/4096x40        0   393320   393362   394612 
 6839 codespace ./cli kernel images/4096x40        0   393324   393364   394592 
 6846 codespace ./cli kernel images/4096x40        0   393324   393367   394632 
%CPU %MEM ARGS Sat Sep 26 20:11:38 UTC 2026
 0.0  0.0 grep --color=auto ./cli       1  2252
17.0  4.8 ./cli kernel images/4096x40   1 394632
17.0  4.8 ./cli kernel images/4096x40   0 394580
17.0  4.8 ./cli kernel images/4096x40   0 394612
17.0  4.8 ./cli kernel images/4096x40   1 394592
17.2  4.8 ./cli kernel images/4096x40   0 394572
  PID User     Command                         Swap      USS      PSS      RSS 
15730 codespace /usr/bin/python3 /usr/bin/s        0    12076    12255    14568 
 6842 codespace ./cli kernel images/4096x40        0   393320   393359   394572 
 6844 codespace ./cli kernel images/4096x40        0   393320   393359   394580 
 6848 codespace ./cli kernel images/4096x40        0   393320   393361   394612 
 6839 codespace ./cli kernel images/4096x40        0   393324   393363   394592 
 6846 codespace ./cli kernel images/4096x40        0   393324   393367   394632 
%CPU %MEM ARGS Sat Sep 26 20:11:40 UTC 2026
 0.0  0.0 grep --color=auto ./cli       1  2220
16.9  4.8 ./cli kernel images/4096x40   1 394632
17.0  4.8 ./cli kernel images/4096x40   1 394580
17.0  4.8 ./cli kernel images/4096x40   0 394612
17.0  4.8 ./cli kernel images/4096x40   1 394592
17.2  4.8 ./cli kernel images/4096x40   1 394572
  PID User     Command                         Swap      USS      PSS      RSS 
15747 codespace /usr/bin/python3 /usr/bin/s        0    12080    12267    14516 
 6842 codespace ./cli kernel images/4096x40        0   393320   393359   394572 
 6844 codespace ./cli kernel images/4096x40        0   393320   393359   394580 
 6848 codespace ./cli kernel images/4096x40        0   393320   393362   394612 
 6839 codespace ./cli kernel images/4096x40        0   393324   393363   394592 
 6846 codespace ./cli kernel images/4096x40        0   393324   393367   394632 
%CPU %MEM ARGS Sat Sep 26 20:11:41 UTC 2026
 0.0  0.0 grep --color=auto ./cli       1  2204
16.9  4.8 ./cli kernel images/4096x40   1 394632
17.0  4.8 ./cli kernel images/4096x40   1 394580
17.0  4.8 ./cli kernel images/4096x40   1 394592
17.0  4.8 ./cli kernel images/4096x40   1 394612
17.2  4.8 ./cli kernel images/4096x40   0 394572
  PID User     Command                         Swap      USS      PSS      RSS 
15754 codespace /usr/bin/python3 /usr/bin/s        0    12072    12258    14508 
 6842 codespace ./cli kernel images/4096x40        0   393320   393358   394572 
 6844 codespace ./cli kernel images/4096x40        0   393320   393359   394580 
 6848 codespace ./cli kernel images/4096x40        0   393320   393362   394612 
 6839 codespace ./cli kernel images/4096x40        0   393324   393363   394592 
 6846 codespace ./cli kernel images/4096x40        0   393324   393367   394632 
%CPU %MEM ARGS Sat Sep 26 20:11:42 UTC 2026
 0.0  0.0 grep --color=auto ./cli       1  2208
16.9  4.8 ./cli kernel images/4096x40   0 394632
17.0  4.8 ./cli kernel images/4096x40   1 394580
17.0  4.8 ./cli kernel images/4096x40   1 394592
17.0  4.8 ./cli kernel images/4096x40   1 394612
17.2  4.8 ./cli kernel images/4096x40   1 394572
  PID User     Command                         Swap      USS      PSS      RSS 
15767 codespace /usr/bin/python3 /usr/bin/s        0    12060    12250    14544 
 6842 codespace ./cli kernel images/4096x40        0   393320   393359   394572 
 6844 codespace ./cli kernel images/4096x40        0   393320   393359   394580 
 6848 codespace ./cli kernel images/4096x40        0   393320   393362   394612 
 6839 codespace ./cli kernel images/4096x40        0   393324   393363   394592 
 6846 codespace ./cli kernel images/4096x40        0   393324   393367   394632 
%CPU %MEM ARGS Sat Sep 26 20:11:44 UTC 2026
 0.0  0.0 grep --color=auto ./cli       0  2252
16.9  4.8 ./cli kernel images/4096x40   0 394632
17.0  4.8 ./cli kernel images/4096x40   1 394580
17.0  4.8 ./cli kernel images/4096x40   0 394592
17.0  4.8 ./cli kernel images/4096x40   0 394612
17.2  4.8 ./cli kernel images/4096x40   0 394572
  PID User     Command                         Swap      USS      PSS      RSS 
15798 codespace /usr/bin/python3 /usr/bin/s        0    12064    12251    14536 
 6842 codespace ./cli kernel images/4096x40        0   393320   393359   394572 
 6844 codespace ./cli kernel images/4096x40        0   393320   393359   394580 
 6848 codespace ./cli kernel images/4096x40        0   393320   393362   394612 
 6839 codespace ./cli kernel images/4096x40        0   393324   393363   394592 
 6846 codespace ./cli kernel images/4096x40        0   393324   393367   394632 
%CPU %MEM ARGS Sat Sep 26 20:11:45 UTC 2026
 0.0  0.0 grep --color=auto ./cli       1  2212
16.9  4.8 ./cli kernel images/4096x40   0 394632
17.0  4.8 ./cli kernel images/4096x40   0 394580
17.0  4.8 ./cli kernel images/4096x40   0 394592
17.0  4.8 ./cli kernel images/4096x40   0 394612
17.2  4.8 ./cli kernel images/4096x40   0 394572
  PID User     Command                         Swap      USS      PSS      RSS 
15805 codespace /usr/bin/python3 /usr/bin/s        0    12040    12233    14548 
 6844 codespace ./cli kernel images/4096x40        0   393320   393355   394580 
 6842 codespace ./cli kernel images/4096x40        0   393320   393357   394572 
 6848 codespace ./cli kernel images/4096x40        0   393320   393362   394612 
 6839 codespace ./cli kernel images/4096x40        0   393324   393363   394592 
 6846 codespace ./cli kernel images/4096x40        0   393324   393367   394632 
%CPU %MEM ARGS Sat Sep 26 20:11:47 UTC 2026
 0.0  0.0 grep --color=auto ./cli       0  2152
16.9  4.8 ./cli kernel images/4096x40   0 394632
17.0  4.8 ./cli kernel images/4096x40   1 394580
17.0  4.8 ./cli kernel images/4096x40   0 394592
17.0  4.8 ./cli kernel images/4096x40   1 394612
17.2  4.8 ./cli kernel images/4096x40   0 394572
  PID User     Command                         Swap      USS      PSS      RSS 
15825 codespace /usr/bin/python3 /usr/bin/s        0    12060    12249    14536 
 6842 codespace ./cli kernel images/4096x40        0   393320   393359   394572 
 6844 codespace ./cli kernel images/4096x40        0   393320   393359   394580 
 6848 codespace ./cli kernel images/4096x40        0   393320   393362   394612 
 6839 codespace ./cli kernel images/4096x40        0   393324   393363   394592 
 6846 codespace ./cli kernel images/4096x40        0   393324   393367   394632 
%CPU %MEM ARGS Sat Sep 26 20:11:48 UTC 2026
 0.0  0.0 grep --color=auto ./cli       1  2196
16.9  4.8 ./cli kernel images/4096x40   1 394632
17.0  4.8 ./cli kernel images/4096x40   1 394580
17.0  4.8 ./cli kernel images/4096x40   1 394612
17.0  4.8 ./cli kernel images/4096x40   0 394592
17.1  4.8 ./cli kernel images/4096x40   0 394572
  PID User     Command                         Swap      USS      PSS      RSS 
15837 codespace /usr/bin/python3 /usr/bin/s        0    12060    12252    14508 
 6842 codespace ./cli kernel images/4096x40        0   393320   393359   394572 
 6844 codespace ./cli kernel images/4096x40        0   393320   393359   394580 
 6848 codespace ./cli kernel images/4096x40        0   393320   393362   394612 
 6839 codespace ./cli kernel images/4096x40        0   393324   393364   394592 
 6846 codespace ./cli kernel images/4096x40        0   393324   393367   394632 
%CPU %MEM ARGS Sat Sep 26 20:11:50 UTC 2026
 0.0  0.0 grep --color=auto ./cli       0  2156
16.9  4.8 ./cli kernel images/4096x40   0 394632
17.0  4.8 ./cli kernel images/4096x40   0 394580
17.0  4.8 ./cli kernel images/4096x40   0 394612
17.0  4.8 ./cli kernel images/4096x40   0 394592
17.1  4.8 ./cli kernel images/4096x40   1 394572
  PID User     Command                         Swap      USS      PSS      RSS 
15846 codespace /usr/bin/python3 /usr/bin/s        0    12080    12277    14624 
 6842 codespace ./cli kernel images/4096x40        0   393320   393359   394572 
 6844 codespace ./cli kernel images/4096x40        0   393320   393359   394580 
 6848 codespace ./cli kernel images/4096x40        0   393320   393362   394612 
 6839 codespace ./cli kernel images/4096x40        0   393324   393363   394592 
 6846 codespace ./cli kernel images/4096x40        0   393324   393367   394632 
%CPU %MEM ARGS Sat Sep 26 20:11:51 UTC 2026
 0.0  0.0 grep --color=auto ./cli       0  2248
16.9  4.8 ./cli kernel images/4096x40   0 394632
17.0  4.8 ./cli kernel images/4096x40   1 394580
17.0  4.8 ./cli kernel images/4096x40   0 394612
17.0  4.8 ./cli kernel images/4096x40   0 394592
17.1  4.8 ./cli kernel images/4096x40   0 394572
  PID User     Command                         Swap      USS      PSS      RSS 
15864 codespace /usr/bin/python3 /usr/bin/s        0    12072    12256    14496 
 6842 codespace ./cli kernel images/4096x40        0   393320   393359   394572 
 6844 codespace ./cli kernel images/4096x40        0   393320   393359   394580 
 6848 codespace ./cli kernel images/4096x40        0   393320   393362   394612 
 6839 codespace ./cli kernel images/4096x40        0   393324   393363   394592 
 6846 codespace ./cli kernel images/4096x40        0   393324   393367   394632 
%CPU %MEM ARGS Sat Sep 26 20:11:52 UTC 2026
 0.0  0.0 grep --color=auto ./cli       0  2192
16.9  4.8 ./cli kernel images/4096x40   0 394632
17.0  4.8 ./cli kernel images/4096x40   0 394580
17.0  4.8 ./cli kernel images/4096x40   0 394612
17.0  4.8 ./cli kernel images/4096x40   0 394592
17.2  4.8 ./cli kernel images/4096x40   0 394572
  PID User     Command                         Swap      USS      PSS      RSS 
15872 codespace /usr/bin/python3 /usr/bin/s        0    12052    12245    14480 
 6842 codespace ./cli kernel images/4096x40        0   393320   393359   394572 
 6844 codespace ./cli kernel images/4096x40        0   393320   393359   394580 
 6848 codespace ./cli kernel images/4096x40        0   393320   393362   394612 
 6839 codespace ./cli kernel images/4096x40        0   393324   393363   394592 
 6846 codespace ./cli kernel images/4096x40        0   393324   393366   394632 
%CPU %MEM ARGS Sat Sep 26 20:11:54 UTC 2026
 0.0  0.0 grep --color=auto ./cli       0  2164
16.9  4.8 ./cli kernel images/4096x40   0 394632
16.9  4.8 ./cli kernel images/4096x40   0 394580
17.0  4.8 ./cli kernel images/4096x40   1 394612
17.0  4.8 ./cli kernel images/4096x40   0 394592
17.1  4.8 ./cli kernel images/4096x40   0 394572
  PID User     Command                         Swap      USS      PSS      RSS 
15903 codespace /usr/bin/python3 /usr/bin/s        0    12060    12232    14452 
 6842 codespace ./cli kernel images/4096x40        0   393320   393359   394572 
 6844 codespace ./cli kernel images/4096x40        0   393320   393359   394580 
 6848 codespace ./cli kernel images/4096x40        0   393320   393362   394612 
 6839 codespace ./cli kernel images/4096x40        0   393324   393363   394592 
 6846 codespace ./cli kernel images/4096x40        0   393324   393367   394632 
%CPU %MEM ARGS Sat Sep 26 20:11:56 UTC 2026
 0.0  0.0 grep --color=auto ./cli       1  2136
16.9  4.8 ./cli kernel images/4096x40   1 394632
16.9  4.8 ./cli kernel images/4096x40   1 394580
17.0  4.8 ./cli kernel images/4096x40   1 394612
17.0  4.8 ./cli kernel images/4096x40   1 394592
17.1  4.8 ./cli kernel images/4096x40   1 394572
  PID User     Command                         Swap      USS      PSS      RSS 
15917 codespace /usr/bin/python3 /usr/bin/s        0    12064    12240    14568 
 6842 codespace ./cli kernel images/4096x40        0   393320   393359   394572 
 6844 codespace ./cli kernel images/4096x40        0   393320   393359   394580 
 6848 codespace ./cli kernel images/4096x40        0   393320   393360   394612 
 6839 codespace ./cli kernel images/4096x40        0   393324   393363   394592 
 6846 codespace ./cli kernel images/4096x40        0   393324   393367   394632 
%CPU %MEM ARGS Sat Sep 26 20:11:57 UTC 2026
 0.0  0.0 grep --color=auto ./cli       1  2168
16.9  4.8 ./cli kernel images/4096x40   1 394632
16.9  4.8 ./cli kernel images/4096x40   0 394580
17.0  4.8 ./cli kernel images/4096x40   1 394612
17.0  4.8 ./cli kernel images/4096x40   0 394592
17.1  4.8 ./cli kernel images/4096x40   0 394572
  PID User     Command                         Swap      USS      PSS      RSS 
15933 codespace /usr/bin/python3 /usr/bin/s        0    12096    12303    14600 
 6842 codespace ./cli kernel images/4096x40        0   393320   393359   394572 
 6844 codespace ./cli kernel images/4096x40        0   393320   393359   394580 
 6848 codespace ./cli kernel images/4096x40        0   393320   393362   394612 
 6839 codespace ./cli kernel images/4096x40        0   393324   393363   394592 
 6846 codespace ./cli kernel images/4096x40        0   393324   393367   394632 
%CPU %MEM ARGS Sat Sep 26 20:11:59 UTC 2026
 0.0  0.0 grep --color=auto ./cli       1  2252
16.9  4.8 ./cli kernel images/4096x40   1 394632
16.9  4.8 ./cli kernel images/4096x40   1 394580
16.9  4.8 ./cli kernel images/4096x40   1 394612
17.0  4.8 ./cli kernel images/4096x40   1 394592
17.1  4.8 ./cli kernel images/4096x40   1 394572
  PID User     Command                         Swap      USS      PSS      RSS 
15945 codespace /usr/bin/python3 /usr/bin/s        0    12056    12249    14484 
 6842 codespace ./cli kernel images/4096x40        0   393320   393359   394572 
 6844 codespace ./cli kernel images/4096x40        0   393320   393359   394580 
 6848 codespace ./cli kernel images/4096x40        0   393320   393362   394612 
 6839 codespace ./cli kernel images/4096x40        0   393324   393363   394592 
 6846 codespace ./cli kernel images/4096x40        0   393324   393366   394632 
%CPU %MEM ARGS Sat Sep 26 20:12:00 UTC 2026
 0.0  0.0 grep --color=auto ./cli       1  2160
16.9  4.8 ./cli kernel images/4096x40   1 394632
16.9  4.8 ./cli kernel images/4096x40   0 394580
16.9  4.8 ./cli kernel images/4096x40   1 394612
17.0  4.8 ./cli kernel images/4096x40   1 394592
17.1  4.8 ./cli kernel images/4096x40   1 394572
  PID User     Command                         Swap      USS      PSS      RSS 
15956 codespace /usr/bin/python3 /usr/bin/s        0    12028    12220    14456 
 6842 codespace ./cli kernel images/4096x40        0   393320   393359   394572 
 6844 codespace ./cli kernel images/4096x40        0   393320   393359   394580 
 6848 codespace ./cli kernel images/4096x40        0   393320   393362   394612 
 6839 codespace ./cli kernel images/4096x40        0   393324   393363   394592 
 6846 codespace ./cli kernel images/4096x40        0   393324   393367   394632 
%CPU %MEM ARGS Sat Sep 26 20:12:01 UTC 2026
 0.0  0.0 grep --color=auto ./cli       1  2164
16.9  4.8 ./cli kernel images/4096x40   0 394632
16.9  4.8 ./cli kernel images/4096x40   0 394580
16.9  4.8 ./cli kernel images/4096x40   0 394612
17.0  4.8 ./cli kernel images/4096x40   0 394592
17.1  4.8 ./cli kernel images/4096x40   0 394572
  PID User     Command                         Swap      USS      PSS      RSS 
15963 codespace /usr/bin/python3 /usr/bin/s        0    12060    12245    14476 
 6842 codespace ./cli kernel images/4096x40        0   393320   393359   394572 
 6844 codespace ./cli kernel images/4096x40        0   393320   393359   394580 
 6848 codespace ./cli kernel images/4096x40        0   393320   393362   394612 
 6839 codespace ./cli kernel images/4096x40        0   393324   393363   394592 
 6846 codespace ./cli kernel images/4096x40        0   393324   393366   394632 
%CPU %MEM ARGS Sat Sep 26 20:12:03 UTC 2026
 0.0  0.0 grep --color=auto ./cli       1  2208
16.9  4.8 ./cli kernel images/4096x40   0 394632
16.9  4.8 ./cli kernel images/4096x40   0 394580
16.9  4.8 ./cli kernel images/4096x40   0 394612
17.0  4.8 ./cli kernel images/4096x40   0 394592
17.1  4.8 ./cli kernel images/4096x40   0 394572
  PID User     Command                         Swap      USS      PSS      RSS 
15976 codespace /usr/bin/python3 /usr/bin/s        0    12060    12244    14476 
 6844 codespace ./cli kernel images/4096x40        0   393320   393355   394580 
 6842 codespace ./cli kernel images/4096x40        0   393320   393358   394572 
 6848 codespace ./cli kernel images/4096x40        0   393320   393361   394612 
 6839 codespace ./cli kernel images/4096x40        0   393324   393363   394592 
 6846 codespace ./cli kernel images/4096x40        0   393324   393367   394632 
%CPU %MEM ARGS Sat Sep 26 20:12:04 UTC 2026
 0.0  0.0 grep --color=auto ./cli       0  2124
16.9  4.8 ./cli kernel images/4096x40   1 394632
16.9  4.8 ./cli kernel images/4096x40   0 394580
16.9  4.8 ./cli kernel images/4096x40   0 394612
16.9  4.8 ./cli kernel images/4096x40   0 394592
17.1  4.8 ./cli kernel images/4096x40   0 394572
  PID User     Command                         Swap      USS      PSS      RSS 
16005 codespace /usr/bin/python3 /usr/bin/s        0    12060    12248    14516 
 6844 codespace ./cli kernel images/4096x40        0   393320   393357   394580 
 6842 codespace ./cli kernel images/4096x40        0   393320   393359   394572 
 6848 codespace ./cli kernel images/4096x40        0   393320   393362   394612 
 6839 codespace ./cli kernel images/4096x40        0   393324   393363   394592 
 6846 codespace ./cli kernel images/4096x40        0   393324   393367   394632 
%CPU %MEM ARGS Sat Sep 26 20:12:06 UTC 2026
 0.0  0.0 grep --color=auto ./cli       0  2288
16.9  4.8 ./cli kernel images/4096x40   1 394632
16.9  4.8 ./cli kernel images/4096x40   0 394580
16.9  4.8 ./cli kernel images/4096x40   0 394612
16.9  4.8 ./cli kernel images/4096x40   0 394592
17.1  4.8 ./cli kernel images/4096x40   0 394572
  PID User     Command                         Swap      USS      PSS      RSS 
16028 codespace /usr/bin/python3 /usr/bin/s        0    12060    12264    14592 
 6842 codespace ./cli kernel images/4096x40        0   393320   393359   394572 
 6844 codespace ./cli kernel images/4096x40        0   393320   393359   394580 
 6848 codespace ./cli kernel images/4096x40        0   393320   393361   394612 
 6839 codespace ./cli kernel images/4096x40        0   393324   393363   394592 
 6846 codespace ./cli kernel images/4096x40        0   393324   393367   394632 
%CPU %MEM ARGS Sat Sep 26 20:12:07 UTC 2026
 0.0  0.0 grep --color=auto ./cli       1  2176
16.9  4.8 ./cli kernel images/4096x40   1 394632
16.9  4.8 ./cli kernel images/4096x40   1 394580
16.9  4.8 ./cli kernel images/4096x40   1 394612
16.9  4.8 ./cli kernel images/4096x40   1 394592
17.1  4.8 ./cli kernel images/4096x40   1 394572
  PID User     Command                         Swap      USS      PSS      RSS 
16035 codespace /usr/bin/python3 /usr/bin/s        0    12060    12243    14620 
 6842 codespace ./cli kernel images/4096x40        0   393320   393359   394572 
 6844 codespace ./cli kernel images/4096x40        0   393320   393359   394580 
 6848 codespace ./cli kernel images/4096x40        0   393320   393360   394612 
 6839 codespace ./cli kernel images/4096x40        0   393324   393363   394592 
 6846 codespace ./cli kernel images/4096x40        0   393324   393363   394632 
%CPU %MEM ARGS Sat Sep 26 20:12:09 UTC 2026
 0.0  0.0 grep --color=auto ./cli       1  2252
16.9  4.8 ./cli kernel images/4096x40   1 394632
16.9  4.8 ./cli kernel images/4096x40   1 394612
16.9  4.8 ./cli kernel images/4096x40   1 394580
16.9  4.8 ./cli kernel images/4096x40   0 394592
17.1  4.8 ./cli kernel images/4096x40   1 394572
  PID User     Command                         Swap      USS      PSS      RSS 
16048 codespace /usr/bin/python3 /usr/bin/s        0    12060    12252    14508 
 6842 codespace ./cli kernel images/4096x40        0   393320   393358   394572 
 6844 codespace ./cli kernel images/4096x40        0   393320   393359   394580 
 6848 codespace ./cli kernel images/4096x40        0   393320   393362   394612 
 6839 codespace ./cli kernel images/4096x40        0   393324   393364   394592 
 6846 codespace ./cli kernel images/4096x40        0   393324   393367   394632 
%CPU %MEM ARGS Sat Sep 26 20:12:10 UTC 2026
 0.0  0.0 grep --color=auto ./cli       1  2296
16.9  4.8 ./cli kernel images/4096x40   1 394632
16.9  4.8 ./cli kernel images/4096x40   0 394612
16.9  4.8 ./cli kernel images/4096x40   0 394580
16.9  4.8 ./cli kernel images/4096x40   1 394592
17.1  4.8 ./cli kernel images/4096x40   1 394572
  PID User     Command                         Swap      USS      PSS      RSS 
16057 codespace /usr/bin/python3 /usr/bin/s        0    12060    12249    14540 
 6842 codespace ./cli kernel images/4096x40        0   393320   393359   394572 
 6844 codespace ./cli kernel images/4096x40        0   393320   393359   394580 
 6848 codespace ./cli kernel images/4096x40        0   393320   393362   394612 
 6839 codespace ./cli kernel images/4096x40        0   393324   393363   394592 
 6846 codespace ./cli kernel images/4096x40        0   393324   393367   394632 
%CPU %MEM ARGS Sat Sep 26 20:12:11 UTC 2026
 0.0  0.0 grep --color=auto ./cli       0  2344
16.9  4.8 ./cli kernel images/4096x40   0 394632
16.9  4.8 ./cli kernel images/4096x40   0 394612
16.9  4.8 ./cli kernel images/4096x40   0 394580
16.9  4.8 ./cli kernel images/4096x40   0 394592
17.1  4.8 ./cli kernel images/4096x40   0 394572
  PID User     Command                         Swap      USS      PSS      RSS 
16072 codespace /usr/bin/python3 /usr/bin/s        0    12060    12251    14508 
 6842 codespace ./cli kernel images/4096x40        0   393320   393359   394572 
 6844 codespace ./cli kernel images/4096x40        0   393320   393359   394580 
 6848 codespace ./cli kernel images/4096x40        0   393320   393362   394612 
 6839 codespace ./cli kernel images/4096x40        0   393324   393364   394592 
 6846 codespace ./cli kernel images/4096x40        0   393324   393367   394632 
%CPU %MEM ARGS Sat Sep 26 20:12:13 UTC 2026
 0.0  0.0 grep --color=auto ./cli       0  2176
16.9  4.8 ./cli kernel images/4096x40   1 394632
16.9  4.8 ./cli kernel images/4096x40   1 394612
16.9  4.8 ./cli kernel images/4096x40   1 394580
16.9  4.8 ./cli kernel images/4096x40   0 394592
17.1  4.8 ./cli kernel images/4096x40   0 394572
  PID User     Command                         Swap      USS      PSS      RSS 
16088 codespace /usr/bin/python3 /usr/bin/s        0    12060    12249    14544 
 6842 codespace ./cli kernel images/4096x40        0   393320   393359   394572 
 6844 codespace ./cli kernel images/4096x40        0   393320   393359   394580 
 6848 codespace ./cli kernel images/4096x40        0   393320   393362   394612 
 6839 codespace ./cli kernel images/4096x40        0   393324   393363   394592 
 6846 codespace ./cli kernel images/4096x40        0   393324   393366   394632 
%CPU %MEM ARGS Sat Sep 26 20:12:14 UTC 2026
 0.0  0.0 grep --color=auto ./cli       1  2164
16.9  4.8 ./cli kernel images/4096x40   1 394632
16.9  4.8 ./cli kernel images/4096x40   1 394612
16.9  4.8 ./cli kernel images/4096x40   1 394580
16.9  4.8 ./cli kernel images/4096x40   0 394592
17.1  4.8 ./cli kernel images/4096x40   1 394572
  PID User     Command                         Swap      USS      PSS      RSS 
16101 codespace /usr/bin/python3 /usr/bin/s        0    12080    12277    14620 
 6842 codespace ./cli kernel images/4096x40        0   393320   393359   394572 
 6844 codespace ./cli kernel images/4096x40        0   393320   393359   394580 
 6848 codespace ./cli kernel images/4096x40        0   393320   393362   394612 
 6839 codespace ./cli kernel images/4096x40        0   393324   393363   394592 
 6846 codespace ./cli kernel images/4096x40        0   393324   393367   394632 
%CPU %MEM ARGS Sat Sep 26 20:12:16 UTC 2026
 0.0  0.0 grep --color=auto ./cli       1  2196
16.8  4.8 ./cli kernel images/4096x40   1 394632
16.9  4.8 ./cli kernel images/4096x40   1 394612
16.9  4.8 ./cli kernel images/4096x40   1 394580
16.9  4.8 ./cli kernel images/4096x40   1 394592
17.1  4.8 ./cli kernel images/4096x40   0 394572
  PID User     Command                         Swap      USS      PSS      RSS 
16125 codespace /usr/bin/python3 /usr/bin/s        0    12076    12265    14504 
 6842 codespace ./cli kernel images/4096x40        0   393320   393356   394572 
 6844 codespace ./cli kernel images/4096x40        0   393320   393357   394580 
 6848 codespace ./cli kernel images/4096x40        0   393320   393362   394612 
 6839 codespace ./cli kernel images/4096x40        0   393324   393363   394592 
 6846 codespace ./cli kernel images/4096x40        0   393324   393365   394632 
%CPU %MEM ARGS Sat Sep 26 20:12:17 UTC 2026
 0.0  0.0 grep --color=auto ./cli       0  2208
16.8  4.8 ./cli kernel images/4096x40   1 394632
16.9  4.8 ./cli kernel images/4096x40   1 394612
16.9  4.8 ./cli kernel images/4096x40   1 394580
16.9  4.8 ./cli kernel images/4096x40   0 394592
17.1  4.8 ./cli kernel images/4096x40   0 394572
  PID User     Command                         Swap      USS      PSS      RSS 
16137 codespace /usr/bin/python3 /usr/bin/s        0    12060    12248    14536 
 6842 codespace ./cli kernel images/4096x40        0   393320   393359   394572 
 6844 codespace ./cli kernel images/4096x40        0   393320   393359   394580 
 6848 codespace ./cli kernel images/4096x40        0   393320   393362   394612 
 6839 codespace ./cli kernel images/4096x40        0   393324   393364   394592 
 6846 codespace ./cli kernel images/4096x40        0   393324   393367   394632 
%CPU %MEM ARGS Sat Sep 26 20:12:19 UTC 2026
 0.0  0.0 grep --color=auto ./cli       1  2300
16.8  4.8 ./cli kernel images/4096x40   1 394632
16.9  4.8 ./cli kernel images/4096x40   1 394612
16.9  4.8 ./cli kernel images/4096x40   1 394580
16.9  4.8 ./cli kernel images/4096x40   1 394592
17.1  4.8 ./cli kernel images/4096x40   1 394572
  PID User     Command                         Swap      USS      PSS      RSS 
16148 codespace /usr/bin/python3 /usr/bin/s        0    12060    12243    14476 
 6842 codespace ./cli kernel images/4096x40        0   393320   393359   394572 
 6844 codespace ./cli kernel images/4096x40        0   393320   393359   394580 
 6848 codespace ./cli kernel images/4096x40        0   393320   393362   394612 
 6839 codespace ./cli kernel images/4096x40        0   393324   393363   394592 
 6846 codespace ./cli kernel images/4096x40        0   393324   393367   394632 
%CPU %MEM ARGS Sat Sep 26 20:12:20 UTC 2026
 0.0  0.0 grep --color=auto ./cli       0  2152
16.8  4.8 ./cli kernel images/4096x40   0 394632
16.9  4.8 ./cli kernel images/4096x40   0 394612
16.9  4.8 ./cli kernel images/4096x40   0 394580
16.9  4.8 ./cli kernel images/4096x40   0 394592
17.0  4.8 ./cli kernel images/4096x40   1 394572
  PID User     Command                         Swap      USS      PSS      RSS 
16164 codespace /usr/bin/python3 /usr/bin/s        0    12072    12258    14488 
 6842 codespace ./cli kernel images/4096x40        0   393320   393359   394572 
 6844 codespace ./cli kernel images/4096x40        0   393320   393359   394580 
 6848 codespace ./cli kernel images/4096x40        0   393320   393362   394612 
 6839 codespace ./cli kernel images/4096x40        0   393324   393364   394592 
 6846 codespace ./cli kernel images/4096x40        0   393324   393367   394632 
%CPU %MEM ARGS Sat Sep 26 20:12:21 UTC 2026
 0.0  0.0 grep --color=auto ./cli       1  2296
16.8  4.8 ./cli kernel images/4096x40   0 394632
16.9  4.8 ./cli kernel images/4096x40   1 394612
16.9  4.8 ./cli kernel images/4096x40   0 394580
16.9  4.8 ./cli kernel images/4096x40   0 394592
17.0  4.8 ./cli kernel images/4096x40   0 394572
  PID User     Command                         Swap      USS      PSS      RSS 
16178 codespace /usr/bin/python3 /usr/bin/s        0    12060    12249    14544 
 6844 codespace ./cli kernel images/4096x40        0   393320   393357   394580 
 6842 codespace ./cli kernel images/4096x40        0   393320   393359   394572 
 6848 codespace ./cli kernel images/4096x40        0   393320   393362   394612 
 6839 codespace ./cli kernel images/4096x40        0   393324   393363   394592 
 6846 codespace ./cli kernel images/4096x40        0   393324   393365   394632 
%CPU %MEM ARGS Sat Sep 26 20:12:23 UTC 2026
 0.0  0.0 grep --color=auto ./cli       1  2172
16.8  4.8 ./cli kernel images/4096x40   1 394632
16.9  4.8 ./cli kernel images/4096x40   1 394612
16.9  4.8 ./cli kernel images/4096x40   0 394580
16.9  4.8 ./cli kernel images/4096x40   0 394592
17.0  4.8 ./cli kernel images/4096x40   0 394572
  PID User     Command                         Swap      USS      PSS      RSS 
16189 codespace /usr/bin/python3 /usr/bin/s        0    12084    12291    14588 
 6842 codespace ./cli kernel images/4096x40        0   393320   393359   394572 
 6844 codespace ./cli kernel images/4096x40        0   393320   393359   394580 
 6848 codespace ./cli kernel images/4096x40        0   393320   393362   394612 
 6839 codespace ./cli kernel images/4096x40        0   393324   393363   394592 
 6846 codespace ./cli kernel images/4096x40        0   393324   393367   394632 
%CPU %MEM ARGS Sat Sep 26 20:12:24 UTC 2026
 0.0  0.0 grep --color=auto ./cli       0  2244
16.8  4.8 ./cli kernel images/4096x40   0 394632
16.9  4.8 ./cli kernel images/4096x40   0 394612
16.9  4.8 ./cli kernel images/4096x40   0 394580
16.9  4.8 ./cli kernel images/4096x40   0 394592
17.0  4.8 ./cli kernel images/4096x40   0 394572
  PID User     Command                         Swap      USS      PSS      RSS 
16198 codespace /usr/bin/python3 /usr/bin/s        0    12060    12247    14540 
 6842 codespace ./cli kernel images/4096x40        0   393320   393359   394572 
 6844 codespace ./cli kernel images/4096x40        0   393320   393359   394580 
 6848 codespace ./cli kernel images/4096x40        0   393320   393362   394612 
 6839 codespace ./cli kernel images/4096x40        0   393324   393363   394592 
 6846 codespace ./cli kernel images/4096x40        0   393324   393368   394632 
%CPU %MEM ARGS Sat Sep 26 20:12:26 UTC 2026
 0.0  0.0 grep --color=auto ./cli       0  2156
16.8  4.8 ./cli kernel images/4096x40   0 394632
16.9  4.8 ./cli kernel images/4096x40   0 394612
16.9  4.8 ./cli kernel images/4096x40   0 394580
16.9  4.8 ./cli kernel images/4096x40   0 394592
17.0  4.8 ./cli kernel images/4096x40   1 394572
  PID User     Command                         Swap      USS      PSS      RSS 
16214 codespace /usr/bin/python3 /usr/bin/s        0    12072    12265    14568 
 6842 codespace ./cli kernel images/4096x40        0   393320   393359   394572 
 6844 codespace ./cli kernel images/4096x40        0   393320   393359   394580 
 6848 codespace ./cli kernel images/4096x40        0   393320   393361   394612 
 6839 codespace ./cli kernel images/4096x40        0   393324   393363   394592 
 6846 codespace ./cli kernel images/4096x40        0   393324   393367   394632 
%CPU %MEM ARGS Sat Sep 26 20:12:27 UTC 2026
 0.0  0.0 grep --color=auto ./cli       0  2164
16.8  4.8 ./cli kernel images/4096x40   0 394632
16.8  4.8 ./cli kernel images/4096x40   0 394612
16.8  4.8 ./cli kernel images/4096x40   0 394580
16.9  4.8 ./cli kernel images/4096x40   0 394592
17.0  4.8 ./cli kernel images/4096x40   0 394572
  PID User     Command                         Swap      USS      PSS      RSS 
16244 codespace /usr/bin/python3 /usr/bin/s        0    12060    12238    14448 
 6844 codespace ./cli kernel images/4096x40        0   393320   393358   394580 
 6842 codespace ./cli kernel images/4096x40        0   393320   393359   394572 
 6848 codespace ./cli kernel images/4096x40        0   393320   393362   394612 
 6839 codespace ./cli kernel images/4096x40        0   393324   393363   394592 
 6846 codespace ./cli kernel images/4096x40        0   393324   393367   394632 
%CPU %MEM ARGS Sat Sep 26 20:12:29 UTC 2026
 0.0  0.0 grep --color=auto ./cli       0  2156
16.8  4.8 ./cli kernel images/4096x40   1 394632
16.8  4.8 ./cli kernel images/4096x40   1 394612
16.8  4.8 ./cli kernel images/4096x40   1 394580
16.9  4.8 ./cli kernel images/4096x40   1 394592
17.0  4.8 ./cli kernel images/4096x40   1 394572
  PID User     Command                         Swap      USS      PSS      RSS 
16259 codespace /usr/bin/python3 /usr/bin/s        0    12052    12243    14472 
 6842 codespace ./cli kernel images/4096x40        0   393320   393359   394572 
 6844 codespace ./cli kernel images/4096x40        0   393320   393359   394580 
 6848 codespace ./cli kernel images/4096x40        0   393320   393361   394612 
 6839 codespace ./cli kernel images/4096x40        0   393324   393363   394592 
 6846 codespace ./cli kernel images/4096x40        0   393324   393367   394632 
%CPU %MEM ARGS Sat Sep 26 20:12:30 UTC 2026
 0.0  0.0 grep --color=auto ./cli       1  2208
16.8  4.8 ./cli kernel images/4096x40   0 394632
16.8  4.8 ./cli kernel images/4096x40   1 394612
16.8  4.8 ./cli kernel images/4096x40   1 394580
16.9  4.8 ./cli kernel images/4096x40   1 394592
17.0  4.8 ./cli kernel images/4096x40   1 394572
  PID User     Command                         Swap      USS      PSS      RSS 
16269 codespace /usr/bin/python3 /usr/bin/s        0    12064    12253    14544 
 6842 codespace ./cli kernel images/4096x40        0   393320   393359   394572 
 6844 codespace ./cli kernel images/4096x40        0   393320   393359   394580 
 6848 codespace ./cli kernel images/4096x40        0   393320   393362   394612 
 6839 codespace ./cli kernel images/4096x40        0   393324   393364   394592 
 6846 codespace ./cli kernel images/4096x40        0   393324   393367   394632 
%CPU %MEM ARGS Sat Sep 26 20:12:31 UTC 2026
 0.0  0.0 grep --color=auto ./cli       1  2160
16.8  4.8 ./cli kernel images/4096x40   1 394632
16.8  4.8 ./cli kernel images/4096x40   1 394612
16.8  4.8 ./cli kernel images/4096x40   1 394580
16.9  4.8 ./cli kernel images/4096x40   1 394592
17.0  4.8 ./cli kernel images/4096x40   1 394572
  PID User     Command                         Swap      USS      PSS      RSS 
16276 codespace /usr/bin/python3 /usr/bin/s        0    12064    12252    14536 
 6842 codespace ./cli kernel images/4096x40        0   393320   393359   394572 
 6844 codespace ./cli kernel images/4096x40        0   393320   393359   394580 
 6848 codespace ./cli kernel images/4096x40        0   393320   393362   394612 
 6839 codespace ./cli kernel images/4096x40        0   393324   393363   394592 
 6846 codespace ./cli kernel images/4096x40        0   393324   393367   394632 
%CPU %MEM ARGS Sat Sep 26 20:12:32 UTC 2026
 0.0  0.0 grep --color=auto ./cli       1  2248
16.8  4.8 ./cli kernel images/4096x40   1 394632
16.8  4.8 ./cli kernel images/4096x40   1 394612
16.8  4.8 ./cli kernel images/4096x40   1 394580
16.9  4.8 ./cli kernel images/4096x40   1 394592
17.0  4.8 ./cli kernel images/4096x40   0 394572
  PID User     Command                         Swap      USS      PSS      RSS 
16288 codespace /usr/bin/python3 /usr/bin/s        0    12060    12244    14476 
 6842 codespace ./cli kernel images/4096x40        0   393320   393358   394572 
 6844 codespace ./cli kernel images/4096x40        0   393320   393359   394580 
 6848 codespace ./cli kernel images/4096x40        0   393320   393361   394612 
 6839 codespace ./cli kernel images/4096x40        0   393324   393364   394592 
 6846 codespace ./cli kernel images/4096x40        0   393324   393367   394632 
%CPU %MEM ARGS Sat Sep 26 20:12:33 UTC 2026
 0.0  0.0 grep --color=auto ./cli       0  2212
16.8  4.8 ./cli kernel images/4096x40   0 394632
16.8  4.8 ./cli kernel images/4096x40   0 394612
16.8  4.8 ./cli kernel images/4096x40   0 394580
16.9  4.8 ./cli kernel images/4096x40   0 394592
17.0  4.8 ./cli kernel images/4096x40   0 394572
  PID User     Command                         Swap      USS      PSS      RSS 
16304 codespace /usr/bin/python3 /usr/bin/s        0    12060    12246    14516 
 6842 codespace ./cli kernel images/4096x40        0   393320   393359   394572 
 6844 codespace ./cli kernel images/4096x40        0   393320   393359   394580 
 6848 codespace ./cli kernel images/4096x40        0   393320   393361   394612 
 6839 codespace ./cli kernel images/4096x40        0   393324   393364   394592 
 6846 codespace ./cli kernel images/4096x40        0   393324   393367   394632 
%CPU %MEM ARGS Sat Sep 26 20:12:35 UTC 2026
 0.0  0.0 grep --color=auto ./cli       0  2252
16.8  4.8 ./cli kernel images/4096x40   0 394632
16.8  4.8 ./cli kernel images/4096x40   0 394612
16.8  4.8 ./cli kernel images/4096x40   0 394580
16.9  4.8 ./cli kernel images/4096x40   0 394592
17.0  4.8 ./cli kernel images/4096x40   0 394572
  PID User     Command                         Swap      USS      PSS      RSS 
16314 codespace /usr/bin/python3 /usr/bin/s        0    12064    12252    14536 
 6842 codespace ./cli kernel images/4096x40        0   393320   393359   394572 
 6844 codespace ./cli kernel images/4096x40        0   393320   393359   394580 
 6848 codespace ./cli kernel images/4096x40        0   393320   393362   394612 
 6839 codespace ./cli kernel images/4096x40        0   393324   393363   394592 
 6846 codespace ./cli kernel images/4096x40        0   393324   393367   394632 
%CPU %MEM ARGS Sat Sep 26 20:12:36 UTC 2026
 0.0  0.0 grep --color=auto ./cli       0  2304
16.8  4.8 ./cli kernel images/4096x40   1 394632
16.8  4.8 ./cli kernel images/4096x40   0 394580
16.8  4.8 ./cli kernel images/4096x40   0 394612
16.9  4.8 ./cli kernel images/4096x40   0 394592
17.0  4.8 ./cli kernel images/4096x40   0 394572
  PID User     Command                         Swap      USS      PSS      RSS 
16321 codespace /usr/bin/python3 /usr/bin/s        0    12088    12267    14548 
 6842 codespace ./cli kernel images/4096x40        0   393320   393357   394572 
 6844 codespace ./cli kernel images/4096x40        0   393320   393357   394580 
 6848 codespace ./cli kernel images/4096x40        0   393320   393358   394612 
 6839 codespace ./cli kernel images/4096x40        0   393324   393363   394592 
 6846 codespace ./cli kernel images/4096x40        0   393324   393366   394632 
%CPU %MEM ARGS Sat Sep 26 20:12:37 UTC 2026
 0.0  0.0 grep --color=auto ./cli       0  2308
16.8  4.8 ./cli kernel images/4096x40   0 394632
16.8  4.8 ./cli kernel images/4096x40   0 394580
16.8  4.8 ./cli kernel images/4096x40   0 394612
16.8  4.8 ./cli kernel images/4096x40   0 394592
17.0  4.8 ./cli kernel images/4096x40   0 394572
  PID User     Command                         Swap      USS      PSS      RSS 
16350 codespace /usr/bin/python3 /usr/bin/s        0    12060    12252    14524 
 6842 codespace ./cli kernel images/4096x40        0   393320   393359   394572 
 6844 codespace ./cli kernel images/4096x40        0   393320   393359   394580 
 6848 codespace ./cli kernel images/4096x40        0   393320   393362   394612 
 6839 codespace ./cli kernel images/4096x40        0   393324   393363   394592 
 6846 codespace ./cli kernel images/4096x40        0   393324   393367   394632 
%CPU %MEM ARGS Sat Sep 26 20:12:39 UTC 2026
 0.0  0.0 grep --color=auto ./cli       0  2204
16.8  4.8 ./cli kernel images/4096x40   1 394632
16.8  4.8 ./cli kernel images/4096x40   1 394580
16.8  4.8 ./cli kernel images/4096x40   1 394612
16.8  4.8 ./cli kernel images/4096x40   0 394592
17.0  4.8 ./cli kernel images/4096x40   0 394572
  PID User     Command                         Swap      USS      PSS      RSS 
16366 codespace /usr/bin/python3 /usr/bin/s        0    11980    12204    14480 
 6844 codespace ./cli kernel images/4096x40        0   393320   393357   394580 
 6842 codespace ./cli kernel images/4096x40        0   393320   393358   394572 
 6848 codespace ./cli kernel images/4096x40        0   393320   393359   394612 
 6839 codespace ./cli kernel images/4096x40        0   393324   393363   394592 
 6846 codespace ./cli kernel images/4096x40        0   393324   393364   394632 
%CPU %MEM ARGS Sat Sep 26 20:12:40 UTC 2026
 0.0  0.0 grep --color=auto ./cli       0  2204
16.8  4.8 ./cli kernel images/4096x40   0 394632
16.8  4.8 ./cli kernel images/4096x40   1 394612
16.8  4.8 ./cli kernel images/4096x40   0 394580
16.8  4.8 ./cli kernel images/4096x40   0 394592
17.0  4.8 ./cli kernel images/4096x40   0 394572
  PID User     Command                         Swap      USS      PSS      RSS 
16380 codespace /usr/bin/python3 /usr/bin/s        0    12064    12238    14552 
 6842 codespace ./cli kernel images/4096x40        0   393320   393359   394572 
 6844 codespace ./cli kernel images/4096x40        0   393320   393359   394580 
 6848 codespace ./cli kernel images/4096x40        0   393320   393362   394612 
 6839 codespace ./cli kernel images/4096x40        0   393324   393363   394592 
 6846 codespace ./cli kernel images/4096x40        0   393324   393367   394632 
%CPU %MEM ARGS Sat Sep 26 20:12:41 UTC 2026
 0.0  0.0 grep --color=auto ./cli       0  2172
16.8  4.8 ./cli kernel images/4096x40   1 394632
16.8  4.8 ./cli kernel images/4096x40   0 394580
16.8  4.8 ./cli kernel images/4096x40   0 394612
16.8  4.8 ./cli kernel images/4096x40   0 394592
17.0  4.8 ./cli kernel images/4096x40   0 394572
  PID User     Command                         Swap      USS      PSS      RSS 
16391 codespace /usr/bin/python3 /usr/bin/s        0    12068    12255    14540 
 6842 codespace ./cli kernel images/4096x40        0   393320   393359   394572 
 6844 codespace ./cli kernel images/4096x40        0   393320   393359   394580 
 6848 codespace ./cli kernel images/4096x40        0   393320   393362   394612 
 6839 codespace ./cli kernel images/4096x40        0   393324   393363   394592 
 6846 codespace ./cli kernel images/4096x40        0   393324   393367   394632 
%CPU %MEM ARGS Sat Sep 26 20:12:43 UTC 2026
 0.0  0.0 grep --color=auto ./cli       0  2248
16.8  4.8 ./cli kernel images/4096x40   0 394632
16.8  4.8 ./cli kernel images/4096x40   1 394580
16.8  4.8 ./cli kernel images/4096x40   1 394612
16.8  4.8 ./cli kernel images/4096x40   1 394592
17.0  4.8 ./cli kernel images/4096x40   1 394572
  PID User     Command                         Swap      USS      PSS      RSS 
16399 codespace /usr/bin/python3 /usr/bin/s        0    12060    12250    14544 
 6842 codespace ./cli kernel images/4096x40        0   393320   393359   394572 
 6844 codespace ./cli kernel images/4096x40        0   393320   393359   394580 
 6848 codespace ./cli kernel images/4096x40        0   393320   393362   394612 
 6839 codespace ./cli kernel images/4096x40        0   393324   393363   394592 
 6846 codespace ./cli kernel images/4096x40        0   393324   393367   394632 
%CPU %MEM ARGS Sat Sep 26 20:12:44 UTC 2026
 0.0  0.0 grep --color=auto ./cli       0  2296
16.8  4.8 ./cli kernel images/4096x40   0 394632
16.8  4.8 ./cli kernel images/4096x40   0 394612
16.8  4.8 ./cli kernel images/4096x40   0 394580
16.8  4.8 ./cli kernel images/4096x40   0 394592
17.0  4.8 ./cli kernel images/4096x40   0 394572
  PID User     Command                         Swap      USS      PSS      RSS 
16412 codespace /usr/bin/python3 /usr/bin/s        0    12060    12244    14476 
 6842 codespace ./cli kernel images/4096x40        0   393320   393359   394572 
 6844 codespace ./cli kernel images/4096x40        0   393320   393359   394580 
 6848 codespace ./cli kernel images/4096x40        0   393320   393362   394612 
 6839 codespace ./cli kernel images/4096x40        0   393324   393363   394592 
 6846 codespace ./cli kernel images/4096x40        0   393324   393366   394632 
%CPU %MEM ARGS Sat Sep 26 20:12:45 UTC 2026
 0.0  0.0 grep --color=auto ./cli       0  2200
16.7  4.8 ./cli kernel images/4096x40   0 394632
16.8  4.8 ./cli kernel images/4096x40   0 394612
16.8  4.8 ./cli kernel images/4096x40   0 394580
16.8  4.8 ./cli kernel images/4096x40   1 394592
17.0  4.8 ./cli kernel images/4096x40   0 394572
  PID User     Command                         Swap      USS      PSS      RSS 
16423 codespace /usr/bin/python3 /usr/bin/s        0    12080    12277    14620 
 6842 codespace ./cli kernel images/4096x40        0   393320   393359   394572 
 6844 codespace ./cli kernel images/4096x40        0   393320   393359   394580 
 6848 codespace ./cli kernel images/4096x40        0   393320   393362   394612 
 6839 codespace ./cli kernel images/4096x40        0   393324   393363   394592 
 6846 codespace ./cli kernel images/4096x40        0   393324   393367   394632 
%CPU %MEM ARGS Sat Sep 26 20:12:47 UTC 2026
 0.0  0.0 grep --color=auto ./cli       0  2208
16.7  4.8 ./cli kernel images/4096x40   0 394632
16.8  4.8 ./cli kernel images/4096x40   0 394612
16.8  4.8 ./cli kernel images/4096x40   0 394580
16.8  4.8 ./cli kernel images/4096x40   1 394592
17.0  4.8 ./cli kernel images/4096x40   0 394572
  PID User     Command                         Swap      USS      PSS      RSS 
16438 codespace /usr/bin/python3 /usr/bin/s        0    12080    12275    14620 
 6842 codespace ./cli kernel images/4096x40        0   393320   393359   394572 
 6844 codespace ./cli kernel images/4096x40        0   393320   393359   394580 
 6848 codespace ./cli kernel images/4096x40        0   393320   393362   394612 
 6839 codespace ./cli kernel images/4096x40        0   393324   393363   394592 
 6846 codespace ./cli kernel images/4096x40        0   393324   393367   394632 
%CPU %MEM ARGS Sat Sep 26 20:12:49 UTC 2026
 0.0  0.0 grep --color=auto ./cli       0  2248
16.7  4.8 ./cli kernel images/4096x40   0 394632
16.8  4.8 ./cli kernel images/4096x40   1 394612
16.8  4.8 ./cli kernel images/4096x40   0 394580
16.8  4.8 ./cli kernel images/4096x40   1 394592
17.0  4.8 ./cli kernel images/4096x40   0 394572
  PID User     Command                         Swap      USS      PSS      RSS 
16471 codespace /usr/bin/python3 /usr/bin/s        0    12056    12240    14472 
 6842 codespace ./cli kernel images/4096x40        0   393320   393358   394572 
 6844 codespace ./cli kernel images/4096x40        0   393320   393359   394580 
 6848 codespace ./cli kernel images/4096x40        0   393320   393362   394612 
 6839 codespace ./cli kernel images/4096x40        0   393324   393363   394592 
 6846 codespace ./cli kernel images/4096x40        0   393324   393367   394632 
%CPU %MEM ARGS Sat Sep 26 20:12:50 UTC 2026
 0.0  0.0 grep --color=auto ./cli       0  2180
16.7  4.8 ./cli kernel images/4096x40   0 394632
16.8  4.8 ./cli kernel images/4096x40   1 394580
16.8  4.8 ./cli kernel images/4096x40   0 394612
16.8  4.8 ./cli kernel images/4096x40   0 394592
17.0  4.8 ./cli kernel images/4096x40   1 394572
  PID User     Command                         Swap      USS      PSS      RSS 
16484 codespace /usr/bin/python3 /usr/bin/s        0    12060    12253    14520 
 6842 codespace ./cli kernel images/4096x40        0   393320   393358   394572 
 6844 codespace ./cli kernel images/4096x40        0   393320   393358   394580 
 6848 codespace ./cli kernel images/4096x40        0   393320   393361   394612 
 6839 codespace ./cli kernel images/4096x40        0   393324   393363   394592 
 6846 codespace ./cli kernel images/4096x40        0   393324   393367   394632 
%CPU %MEM ARGS Sat Sep 26 20:12:51 UTC 2026
 0.0  0.0 grep --color=auto ./cli       1  2180
16.7  4.8 ./cli kernel images/4096x40   1 394632
16.8  4.8 ./cli kernel images/4096x40   0 394580
16.8  4.8 ./cli kernel images/4096x40   0 394612
16.8  4.8 ./cli kernel images/4096x40   0 394592
17.0  4.8 ./cli kernel images/4096x40   0 394572
  PID User     Command                         Swap      USS      PSS      RSS 
16495 codespace /usr/bin/python3 /usr/bin/s        0    12060    12256    14524 
 6842 codespace ./cli kernel images/4096x40        0   393320   393359   394572 
 6844 codespace ./cli kernel images/4096x40        0   393320   393359   394580 
 6848 codespace ./cli kernel images/4096x40        0   393320   393362   394612 
 6839 codespace ./cli kernel images/4096x40        0   393324   393363   394592 
 6846 codespace ./cli kernel images/4096x40        0   393324   393367   394632 
%CPU %MEM ARGS Sat Sep 26 20:12:52 UTC 2026
 0.0  0.0 grep --color=auto ./cli       0  2308
16.7  4.8 ./cli kernel images/4096x40   1 394632
16.8  4.8 ./cli kernel images/4096x40   0 394612
16.8  4.8 ./cli kernel images/4096x40   0 394580
16.8  4.8 ./cli kernel images/4096x40   0 394592
17.0  4.8 ./cli kernel images/4096x40   0 394572
  PID User     Command                         Swap      USS      PSS      RSS 
16503 codespace /usr/bin/python3 /usr/bin/s        0    12072    12259    14508 
 6842 codespace ./cli kernel images/4096x40        0   393320   393359   394572 
 6844 codespace ./cli kernel images/4096x40        0   393320   393359   394580 
 6848 codespace ./cli kernel images/4096x40        0   393320   393362   394612 
 6839 codespace ./cli kernel images/4096x40        0   393324   393363   394592 
 6846 codespace ./cli kernel images/4096x40        0   393324   393367   394632 
%CPU %MEM ARGS Sat Sep 26 20:12:54 UTC 2026
 0.0  0.0 grep --color=auto ./cli       1  2180
16.7  4.8 ./cli kernel images/4096x40   0 394632
16.8  4.8 ./cli kernel images/4096x40   1 394612
16.8  4.8 ./cli kernel images/4096x40   0 394580
16.8  4.8 ./cli kernel images/4096x40   0 394592
17.0  4.8 ./cli kernel images/4096x40   0 394572
  PID User     Command                         Swap      USS      PSS      RSS 
16511 codespace /usr/bin/python3 /usr/bin/s        0    12064    12227    14480 
 6839 codespace ./cli kernel images/4096x40        0   393324   393357   394592 
 6844 codespace ./cli kernel images/4096x40        0   393320   393357   394580 
 6842 codespace ./cli kernel images/4096x40        0   393320   393359   394572 
 6848 codespace ./cli kernel images/4096x40        0   393320   393360   394612 
 6846 codespace ./cli kernel images/4096x40        0   393324   393364   394632 
%CPU %MEM ARGS Sat Sep 26 20:12:55 UTC 2026
 0.0  0.0 grep --color=auto ./cli       0  2200
16.7  4.8 ./cli kernel images/4096x40   0 394632
16.7  4.8 ./cli kernel images/4096x40   0 394580
16.8  4.8 ./cli kernel images/4096x40   0 394612
16.8  4.8 ./cli kernel images/4096x40   0 394592
17.0  4.8 ./cli kernel images/4096x40   0 394572
  PID User     Command                         Swap      USS      PSS      RSS 
16536 codespace /usr/bin/python3 /usr/bin/s        0    12068    12256    14504 
 6842 codespace ./cli kernel images/4096x40        0   393320   393359   394572 
 6844 codespace ./cli kernel images/4096x40        0   393320   393359   394580 
 6848 codespace ./cli kernel images/4096x40        0   393320   393362   394612 
 6839 codespace ./cli kernel images/4096x40        0   393324   393363   394592 
 6846 codespace ./cli kernel images/4096x40        0   393324   393367   394632 
%CPU %MEM ARGS Sat Sep 26 20:12:57 UTC 2026
 0.0  0.0 grep --color=auto ./cli       0  2208
16.7  4.8 ./cli kernel images/4096x40   1 394632
16.7  4.8 ./cli kernel images/4096x40   0 394580
16.7  4.8 ./cli kernel images/4096x40   0 394612
16.8  4.8 ./cli kernel images/4096x40   0 394592
17.0  4.8 ./cli kernel images/4096x40   0 394572
  PID User     Command                         Swap      USS      PSS      RSS 
16544 codespace /usr/bin/python3 /usr/bin/s        0    12060    12244    14476 
 6842 codespace ./cli kernel images/4096x40        0   393320   393359   394572 
 6844 codespace ./cli kernel images/4096x40        0   393320   393359   394580 
 6848 codespace ./cli kernel images/4096x40        0   393320   393362   394612 
 6839 codespace ./cli kernel images/4096x40        0   393324   393364   394592 
 6846 codespace ./cli kernel images/4096x40        0   393324   393367   394632 
%CPU %MEM ARGS Sat Sep 26 20:12:58 UTC 2026
 0.0  0.0 grep --color=auto ./cli       0  2172
16.7  4.8 ./cli kernel images/4096x40   1 394632
16.7  4.8 ./cli kernel images/4096x40   1 394580
16.7  4.8 ./cli kernel images/4096x40   1 394612
16.8  4.8 ./cli kernel images/4096x40   1 394592
16.9  4.8 ./cli kernel images/4096x40   1 394572
  PID User     Command                         Swap      USS      PSS      RSS 
16563 codespace /usr/bin/python3 /usr/bin/s        0    12060    12247    14540 
 6842 codespace ./cli kernel images/4096x40        0   393320   393359   394572 
 6844 codespace ./cli kernel images/4096x40        0   393320   393359   394580 
 6848 codespace ./cli kernel images/4096x40        0   393320   393362   394612 
 6839 codespace ./cli kernel images/4096x40        0   393324   393363   394592 
 6846 codespace ./cli kernel images/4096x40        0   393324   393366   394632 
%CPU %MEM ARGS Sat Sep 26 20:12:59 UTC 2026
 0.0  0.0 grep --color=auto ./cli       1  2344
16.7  4.8 ./cli kernel images/4096x40   1 394632
16.7  4.8 ./cli kernel images/4096x40   1 394580
16.7  4.8 ./cli kernel images/4096x40   1 394612
16.8  4.8 ./cli kernel images/4096x40   0 394592
16.9  4.8 ./cli kernel images/4096x40   1 394572
  PID User     Command                         Swap      USS      PSS      RSS 
16582 codespace /usr/bin/python3 /usr/bin/s        0    12052    12242    14480 
 6842 codespace ./cli kernel images/4096x40        0   393320   393359   394572 
 6844 codespace ./cli kernel images/4096x40        0   393320   393359   394580 
 6848 codespace ./cli kernel images/4096x40        0   393320   393362   394612 
 6839 codespace ./cli kernel images/4096x40        0   393324   393363   394592 
 6846 codespace ./cli kernel images/4096x40        0   393324   393367   394632 
%CPU %MEM ARGS Sat Sep 26 20:13:01 UTC 2026
 0.0  0.0 grep --color=auto ./cli       1  2176
16.7  4.8 ./cli kernel images/4096x40   1 394632
16.7  4.8 ./cli kernel images/4096x40   1 394580
16.7  4.8 ./cli kernel images/4096x40   1 394612
16.8  4.8 ./cli kernel images/4096x40   1 394592
16.9  4.8 ./cli kernel images/4096x40   1 394572
  PID User     Command                         Swap      USS      PSS      RSS 
16595 codespace /usr/bin/python3 /usr/bin/s        0    12060    12248    14540 
 6842 codespace ./cli kernel images/4096x40        0   393320   393359   394572 
 6844 codespace ./cli kernel images/4096x40        0   393320   393359   394580 
 6848 codespace ./cli kernel images/4096x40        0   393320   393362   394612 
 6839 codespace ./cli kernel images/4096x40        0   393324   393363   394592 
 6846 codespace ./cli kernel images/4096x40        0   393324   393367   394632 
%CPU %MEM ARGS Sat Sep 26 20:13:02 UTC 2026
 0.0  0.0 grep --color=auto ./cli       0  2176
16.7  4.8 ./cli kernel images/4096x40   0 394632
16.7  4.8 ./cli kernel images/4096x40   0 394580
16.7  4.8 ./cli kernel images/4096x40   1 394612
16.8  4.8 ./cli kernel images/4096x40   0 394592
16.9  4.8 ./cli kernel images/4096x40   1 394572
  PID User     Command                         Swap      USS      PSS      RSS 
16602 codespace /usr/bin/python3 /usr/bin/s        0    11980    12203    14480 
 6842 codespace ./cli kernel images/4096x40        0   393320   393358   394572 
 6844 codespace ./cli kernel images/4096x40        0   393320   393359   394580 
 6848 codespace ./cli kernel images/4096x40        0   393320   393360   394612 
 6839 codespace ./cli kernel images/4096x40        0   393324   393363   394592 
 6846 codespace ./cli kernel images/4096x40        0   393324   393363   394632 
%CPU %MEM ARGS Sat Sep 26 20:13:03 UTC 2026
 0.0  0.0 grep --color=auto ./cli       1  2300
16.7  4.8 ./cli kernel images/4096x40   0 394632
16.7  4.8 ./cli kernel images/4096x40   0 394580
16.7  4.8 ./cli kernel images/4096x40   0 394612
16.8  4.8 ./cli kernel images/4096x40   0 394592
16.9  4.8 ./cli kernel images/4096x40   0 394572
  PID User     Command                         Swap      USS      PSS      RSS 
16623 codespace /usr/bin/python3 /usr/bin/s        0    12060    12254    14524 
 6842 codespace ./cli kernel images/4096x40        0   393320   393359   394572 
 6844 codespace ./cli kernel images/4096x40        0   393320   393359   394580 
 6848 codespace ./cli kernel images/4096x40        0   393320   393362   394612 
 6839 codespace ./cli kernel images/4096x40        0   393324   393363   394592 
 6846 codespace ./cli kernel images/4096x40        0   393324   393367   394632 
%CPU %MEM ARGS Sat Sep 26 20:13:04 UTC 2026
 0.0  0.0 grep --color=auto ./cli       0  2212
16.7  4.8 ./cli kernel images/4096x40   1 394632
16.7  4.8 ./cli kernel images/4096x40   1 394580
16.7  4.8 ./cli kernel images/4096x40   1 394612
16.8  4.8 ./cli kernel images/4096x40   1 394592
16.9  4.8 ./cli kernel images/4096x40   1 394572
  PID User     Command                         Swap      USS      PSS      RSS 
16634 codespace /usr/bin/python3 /usr/bin/s        0    12060    12248    14540 
 6842 codespace ./cli kernel images/4096x40        0   393320   393359   394572 
 6844 codespace ./cli kernel images/4096x40        0   393320   393359   394580 
 6848 codespace ./cli kernel images/4096x40        0   393320   393362   394612 
 6839 codespace ./cli kernel images/4096x40        0   393324   393363   394592 
 6846 codespace ./cli kernel images/4096x40        0   393324   393367   394632 
%CPU %MEM ARGS Sat Sep 26 20:13:06 UTC 2026
 0.0  0.0 grep --color=auto ./cli       0  2168
16.7  4.8 ./cli kernel images/4096x40   1 394632
16.7  4.8 ./cli kernel images/4096x40   1 394580
16.7  4.8 ./cli kernel images/4096x40   1 394612
16.8  4.8 ./cli kernel images/4096x40   1 394592
16.9  4.8 ./cli kernel images/4096x40   1 394572
  PID User     Command                         Swap      USS      PSS      RSS 
16641 codespace /usr/bin/python3 /usr/bin/s        0    12052    12242    14516 
 6842 codespace ./cli kernel images/4096x40        0   393320   393357   394572 
 6844 codespace ./cli kernel images/4096x40        0   393320   393359   394580 
 6848 codespace ./cli kernel images/4096x40        0   393320   393362   394612 
 6839 codespace ./cli kernel images/4096x40        0   393324   393363   394592 
 6846 codespace ./cli kernel images/4096x40        0   393324   393367   394632 
%CPU %MEM ARGS Sat Sep 26 20:13:07 UTC 2026
 0.0  0.0 grep --color=auto ./cli       1  2248
16.7  4.8 ./cli kernel images/4096x40   1 394632
16.7  4.8 ./cli kernel images/4096x40   1 394580
16.7  4.8 ./cli kernel images/4096x40   1 394612
16.7  4.8 ./cli kernel images/4096x40   0 394592
16.9  4.8 ./cli kernel images/4096x40   0 394572
  PID User     Command                         Swap      USS      PSS      RSS 
16655 codespace /usr/bin/python3 /usr/bin/s        0    12060    12244    14476 
 6842 codespace ./cli kernel images/4096x40        0   393320   393359   394572 
 6844 codespace ./cli kernel images/4096x40        0   393320   393359   394580 
 6848 codespace ./cli kernel images/4096x40        0   393320   393361   394612 
 6839 codespace ./cli kernel images/4096x40        0   393324   393363   394592 
 6846 codespace ./cli kernel images/4096x40        0   393324   393367   394632 
%CPU %MEM ARGS Sat Sep 26 20:13:09 UTC 2026
 0.0  0.0 grep --color=auto ./cli       0  2296
16.7  4.8 ./cli kernel images/4096x40   1 394632
16.7  4.8 ./cli kernel images/4096x40   1 394580
16.7  4.8 ./cli kernel images/4096x40   1 394612
16.7  4.8 ./cli kernel images/4096x40   0 394592
16.9  4.8 ./cli kernel images/4096x40   1 394572
  PID User     Command                         Swap      USS      PSS      RSS 
16666 codespace /usr/bin/python3 /usr/bin/s        0    12060    12243    14476 
 6839 codespace ./cli kernel images/4096x40        0   393324   393359   394592 
 6842 codespace ./cli kernel images/4096x40        0   393320   393359   394572 
 6844 codespace ./cli kernel images/4096x40        0   393320   393359   394580 
 6848 codespace ./cli kernel images/4096x40        0   393320   393361   394612 
 6846 codespace ./cli kernel images/4096x40        0   393324   393366   394632 
%CPU %MEM ARGS Sat Sep 26 20:13:10 UTC 2026
 0.0  0.0 grep --color=auto ./cli       0  2208
16.7  4.8 ./cli kernel images/4096x40   0 394632
16.7  4.8 ./cli kernel images/4096x40   0 394580
16.7  4.8 ./cli kernel images/4096x40   0 394612
16.7  4.8 ./cli kernel images/4096x40   0 394592
16.9  4.8 ./cli kernel images/4096x40   0 394572
  PID User     Command                         Swap      USS      PSS      RSS 
16700 codespace /usr/bin/python3 /usr/bin/s        0    12060    12243    14436 
 6842 codespace ./cli kernel images/4096x40        0   393320   393359   394572 
 6844 codespace ./cli kernel images/4096x40        0   393320   393359   394580 
 6848 codespace ./cli kernel images/4096x40        0   393320   393362   394612 
 6839 codespace ./cli kernel images/4096x40        0   393324   393363   394592 
 6846 codespace ./cli kernel images/4096x40        0   393324   393366   394632 
%CPU %MEM ARGS Sat Sep 26 20:13:12 UTC 2026
 0.0  0.0 grep --color=auto ./cli       1  2200
16.7  4.8 ./cli kernel images/4096x40   1 394632
16.7  4.8 ./cli kernel images/4096x40   1 394580
16.7  4.8 ./cli kernel images/4096x40   0 394612
16.7  4.8 ./cli kernel images/4096x40   1 394592
16.9  4.8 ./cli kernel images/4096x40   1 394572
  PID User     Command                         Swap      USS      PSS      RSS 
16710 codespace /usr/bin/python3 /usr/bin/s        0    12072    12258    14508 
 6842 codespace ./cli kernel images/4096x40        0   393320   393357   394572 
 6844 codespace ./cli kernel images/4096x40        0   393320   393359   394580 
 6848 codespace ./cli kernel images/4096x40        0   393320   393362   394612 
 6839 codespace ./cli kernel images/4096x40        0   393324   393363   394592 
 6846 codespace ./cli kernel images/4096x40        0   393324   393367   394632 
%CPU %MEM ARGS Sat Sep 26 20:13:13 UTC 2026
 0.0  0.0 grep --color=auto ./cli       1  2260
16.7  4.8 ./cli kernel images/4096x40   1 394632
16.7  4.8 ./cli kernel images/4096x40   1 394580
16.7  4.8 ./cli kernel images/4096x40   1 394612
16.7  4.8 ./cli kernel images/4096x40   1 394592
16.9  4.8 ./cli kernel images/4096x40   1 394572
  PID User     Command                         Swap      USS      PSS      RSS 
16726 codespace /usr/bin/python3 /usr/bin/s        0    12072    12286    14592 
 6842 codespace ./cli kernel images/4096x40        0   393320   393359   394572 
 6844 codespace ./cli kernel images/4096x40        0   393320   393359   394580 
 6848 codespace ./cli kernel images/4096x40        0   393320   393362   394612 
 6839 codespace ./cli kernel images/4096x40        0   393324   393363   394592 
 6846 codespace ./cli kernel images/4096x40        0   393324   393367   394632 
%CPU %MEM ARGS Sat Sep 26 20:13:14 UTC 2026
 0.0  0.0 grep --color=auto ./cli       1  2372
16.7  4.8 ./cli kernel images/4096x40   1 394632
16.7  4.8 ./cli kernel images/4096x40   1 394580
16.7  4.8 ./cli kernel images/4096x40   0 394612
16.7  4.8 ./cli kernel images/4096x40   1 394592
16.9  4.8 ./cli kernel images/4096x40   1 394572
  PID User     Command                         Swap      USS      PSS      RSS 
16734 codespace /usr/bin/python3 /usr/bin/s        0    12060    12250    14544 
 6842 codespace ./cli kernel images/4096x40        0   393320   393359   394572 
 6844 codespace ./cli kernel images/4096x40        0   393320   393359   394580 
 6848 codespace ./cli kernel images/4096x40        0   393320   393362   394612 
 6839 codespace ./cli kernel images/4096x40        0   393324   393363   394592 
 6846 codespace ./cli kernel images/4096x40        0   393324   393367   394632 
%CPU %MEM ARGS Sat Sep 26 20:13:16 UTC 2026
 0.0  0.0 grep --color=auto ./cli       1  2156
16.7  4.8 ./cli kernel images/4096x40   1 394632
16.7  4.8 ./cli kernel images/4096x40   1 394580
16.7  4.8 ./cli kernel images/4096x40   1 394612
16.7  4.8 ./cli kernel images/4096x40   1 394592
16.9  4.8 ./cli kernel images/4096x40   1 394572
  PID User     Command                         Swap      USS      PSS      RSS 
16746 codespace /usr/bin/python3 /usr/bin/s        0    12068    12269    14576 
 6844 codespace ./cli kernel images/4096x40        0   393320   393359   394580 
 6842 codespace ./cli kernel images/4096x40        0   393320   393360   394572 
 6848 codespace ./cli kernel images/4096x40        0   393320   393362   394612 
 6839 codespace ./cli kernel images/4096x40        0   393324   393364   394592 
 6846 codespace ./cli kernel images/4096x40        0   393324   393367   394632 
%CPU %MEM ARGS Sat Sep 26 20:13:17 UTC 2026
 0.0  0.0 grep --color=auto ./cli       1  2320
16.7  4.8 ./cli kernel images/4096x40   1 394632
16.7  4.8 ./cli kernel images/4096x40   1 394580
16.7  4.8 ./cli kernel images/4096x40   1 394612
16.7  4.8 ./cli kernel images/4096x40   1 394592
16.9  4.8 ./cli kernel images/4096x40   1 394572
  PID User     Command                         Swap      USS      PSS      RSS 
16754 codespace /usr/bin/python3 /usr/bin/s        0    12060    12254    14520 
 6842 codespace ./cli kernel images/4096x40        0   393320   393359   394572 
 6844 codespace ./cli kernel images/4096x40        0   393320   393359   394580 
 6848 codespace ./cli kernel images/4096x40        0   393320   393362   394612 
 6839 codespace ./cli kernel images/4096x40        0   393324   393363   394592 
 6846 codespace ./cli kernel images/4096x40        0   393324   393367   394632 
%CPU %MEM ARGS Sat Sep 26 20:13:18 UTC 2026
 0.0  0.0 grep --color=auto ./cli       1  2344
16.7  4.8 ./cli kernel images/4096x40   1 394632
16.7  4.8 ./cli kernel images/4096x40   1 394580
16.7  4.8 ./cli kernel images/4096x40   1 394612
16.7  4.8 ./cli kernel images/4096x40   1 394592
16.9  4.8 ./cli kernel images/4096x40   0 394572
  PID User     Command                         Swap      USS      PSS      RSS 
16772 codespace /usr/bin/python3 /usr/bin/s        0    12060    12257    14524 
 6842 codespace ./cli kernel images/4096x40        0   393320   393359   394572 
 6844 codespace ./cli kernel images/4096x40        0   393320   393359   394580 
 6848 codespace ./cli kernel images/4096x40        0   393320   393361   394612 
 6839 codespace ./cli kernel images/4096x40        0   393324   393363   394592 
 6846 codespace ./cli kernel images/4096x40        0   393324   393367   394632 
%CPU %MEM ARGS Sat Sep 26 20:13:19 UTC 2026
 0.0  0.0 grep --color=auto ./cli       1  2172
16.7  4.8 ./cli kernel images/4096x40   1 394632
16.7  4.8 ./cli kernel images/4096x40   0 394580
16.7  4.8 ./cli kernel images/4096x40   1 394612
16.7  4.8 ./cli kernel images/4096x40   1 394592
16.9  4.8 ./cli kernel images/4096x40   1 394572
  PID User     Command                         Swap      USS      PSS      RSS 
16779 codespace /usr/bin/python3 /usr/bin/s        0    12004    12247    14588 
 6842 codespace ./cli kernel images/4096x40        0   393320   393358   394572 
 6844 codespace ./cli kernel images/4096x40        0   393320   393358   394580 
 6848 codespace ./cli kernel images/4096x40        0   393320   393360   394612 
 6839 codespace ./cli kernel images/4096x40        0   393324   393363   394592 
 6846 codespace ./cli kernel images/4096x40        0   393324   393366   394632 
%CPU %MEM ARGS Sat Sep 26 20:13:21 UTC 2026
 0.0  0.0 grep --color=auto ./cli       0  2288
16.7  4.8 ./cli kernel images/4096x40   1 394632
16.7  4.8 ./cli kernel images/4096x40   0 394612
16.7  4.8 ./cli kernel images/4096x40   0 394580
16.7  4.8 ./cli kernel images/4096x40   1 394592
16.9  4.8 ./cli kernel images/4096x40   0 394572
  PID User     Command                         Swap      USS      PSS      RSS 
16811 codespace /usr/bin/python3 /usr/bin/s        0    12060    12251    14544 
 6842 codespace ./cli kernel images/4096x40        0   393320   393359   394572 
 6844 codespace ./cli kernel images/4096x40        0   393320   393359   394580 
 6848 codespace ./cli kernel images/4096x40        0   393320   393362   394612 
 6839 codespace ./cli kernel images/4096x40        0   393324   393363   394592 
 6846 codespace ./cli kernel images/4096x40        0   393324   393367   394632 
%CPU %MEM ARGS Sat Sep 26 20:13:22 UTC 2026
 0.0  0.0 grep --color=auto ./cli       0  2152
16.7  4.8 ./cli kernel images/4096x40   0 394632
16.7  4.8 ./cli kernel images/4096x40   0 394612
16.7  4.8 ./cli kernel images/4096x40   0 394580
16.7  4.8 ./cli kernel images/4096x40   0 394592
16.9  4.8 ./cli kernel images/4096x40   0 394572
  PID User     Command                         Swap      USS      PSS      RSS 
16822 codespace /usr/bin/python3 /usr/bin/s        0    12024    12226    14552 
 6842 codespace ./cli kernel images/4096x40        0   393320   393359   394572 
 6844 codespace ./cli kernel images/4096x40        0   393320   393359   394580 
 6848 codespace ./cli kernel images/4096x40        0   393320   393362   394612 
 6839 codespace ./cli kernel images/4096x40        0   393324   393363   394592 
 6846 codespace ./cli kernel images/4096x40        0   393324   393367   394632 
%CPU %MEM ARGS Sat Sep 26 20:13:24 UTC 2026
 0.0  0.0 grep --color=auto ./cli       1  2164
16.7  4.8 ./cli kernel images/4096x40   0 394632
16.7  4.8 ./cli kernel images/4096x40   0 394612
16.7  4.8 ./cli kernel images/4096x40   0 394580
16.7  4.8 ./cli kernel images/4096x40   0 394592
16.9  4.8 ./cli kernel images/4096x40   1 394572
  PID User     Command                         Swap      USS      PSS      RSS 
16830 codespace /usr/bin/python3 /usr/bin/s        0    12052    12242    14516 
 6839 codespace ./cli kernel images/4096x40        0   393324   393359   394592 
 6842 codespace ./cli kernel images/4096x40        0   393320   393359   394572 
 6844 codespace ./cli kernel images/4096x40        0   393320   393359   394580 
 6848 codespace ./cli kernel images/4096x40        0   393320   393362   394612 
 6846 codespace ./cli kernel images/4096x40        0   393324   393367   394632 
%CPU %MEM ARGS Sat Sep 26 20:13:25 UTC 2026
 0.0  0.0 grep --color=auto ./cli       0  2172
16.6  4.8 ./cli kernel images/4096x40   1 394632
16.7  4.8 ./cli kernel images/4096x40   1 394580
16.7  4.8 ./cli kernel images/4096x40   0 394612
16.7  4.8 ./cli kernel images/4096x40   0 394592
16.9  4.8 ./cli kernel images/4096x40   0 394572
  PID User     Command                         Swap      USS      PSS      RSS 
16848 codespace /usr/bin/python3 /usr/bin/s        0    12060    12248    14540 
 6842 codespace ./cli kernel images/4096x40        0   393320   393358   394572 
 6844 codespace ./cli kernel images/4096x40        0   393320   393358   394580 
 6848 codespace ./cli kernel images/4096x40        0   393320   393362   394612 
 6839 codespace ./cli kernel images/4096x40        0   393324   393363   394592 
 6846 codespace ./cli kernel images/4096x40        0   393324   393365   394632 
%CPU %MEM ARGS Sat Sep 26 20:13:27 UTC 2026
 0.0  0.0 grep --color=auto ./cli       1  2252
16.6  4.8 ./cli kernel images/4096x40   0 394632
16.7  4.8 ./cli kernel images/4096x40   1 394580
16.7  4.8 ./cli kernel images/4096x40   0 394612
16.7  4.8 ./cli kernel images/4096x40   0 394592
16.9  4.8 ./cli kernel images/4096x40   0 394572
  PID User     Command                         Swap      USS      PSS      RSS 
16861 codespace /usr/bin/python3 /usr/bin/s        0    12040    12230    14524 
 6842 codespace ./cli kernel images/4096x40        0   393320   393359   394572 
 6844 codespace ./cli kernel images/4096x40        0   393320   393359   394580 
 6848 codespace ./cli kernel images/4096x40        0   393320   393362   394612 
 6839 codespace ./cli kernel images/4096x40        0   393324   393364   394592 
 6846 codespace ./cli kernel images/4096x40        0   393324   393367   394632 
%CPU %MEM ARGS Sat Sep 26 20:13:28 UTC 2026
 0.0  0.0 grep --color=auto ./cli       0  2172
16.6  4.8 ./cli kernel images/4096x40   1 394632
16.7  4.8 ./cli kernel images/4096x40   0 394580
16.7  4.8 ./cli kernel images/4096x40   1 394612
16.7  4.8 ./cli kernel images/4096x40   0 394592
16.9  4.8 ./cli kernel images/4096x40   0 394572
  PID User     Command                         Swap      USS      PSS      RSS 
16868 codespace /usr/bin/python3 /usr/bin/s        0    12084    12279    14592 
 6842 codespace ./cli kernel images/4096x40        0   393320   393359   394572 
 6844 codespace ./cli kernel images/4096x40        0   393320   393359   394580 
 6848 codespace ./cli kernel images/4096x40        0   393320   393362   394612 
 6839 codespace ./cli kernel images/4096x40        0   393324   393363   394592 
 6846 codespace ./cli kernel images/4096x40        0   393324   393367   394632 
%CPU %MEM ARGS Sat Sep 26 20:13:29 UTC 2026
 0.0  0.0 grep --color=auto ./cli       0  2164
16.7  4.8 ./cli kernel images/4096x40   0 394580
16.7  4.8 ./cli kernel images/4096x40   1 394632
16.7  4.8 ./cli kernel images/4096x40   0 394612
16.7  4.8 ./cli kernel images/4096x40   0 394592
16.8  4.8 ./cli kernel images/4096x40   0 394572
  PID User     Command                         Swap      USS      PSS      RSS 
16877 codespace /usr/bin/python3 /usr/bin/s        0    12060    12248    14540 
 6842 codespace ./cli kernel images/4096x40        0   393320   393359   394572 
 6844 codespace ./cli kernel images/4096x40        0   393320   393359   394580 
 6848 codespace ./cli kernel images/4096x40        0   393320   393362   394612 
 6839 codespace ./cli kernel images/4096x40        0   393324   393363   394592 
 6846 codespace ./cli kernel images/4096x40        0   393324   393367   394632 
%CPU %MEM ARGS Sat Sep 26 20:13:31 UTC 2026
 0.0  0.0 grep --color=auto ./cli       0  2344
16.6  4.8 ./cli kernel images/4096x40   0 394580
16.7  4.8 ./cli kernel images/4096x40   0 394632
16.7  4.8 ./cli kernel images/4096x40   0 394612
16.7  4.8 ./cli kernel images/4096x40   0 394592
16.8  4.8 ./cli kernel images/4096x40   0 394572
  PID User     Command                         Swap      USS      PSS      RSS 
16913 codespace /usr/bin/python3 /usr/bin/s        0    12060    12245    14516 
 6844 codespace ./cli kernel images/4096x40        0   393320   393357   394580 
 6842 codespace ./cli kernel images/4096x40        0   393320   393358   394572 
 6848 codespace ./cli kernel images/4096x40        0   393320   393360   394612 
 6839 codespace ./cli kernel images/4096x40        0   393324   393363   394592 
 6846 codespace ./cli kernel images/4096x40        0   393324   393365   394632 
%CPU %MEM ARGS Sat Sep 26 20:13:32 UTC 2026
 0.0  0.0 grep --color=auto ./cli       1  2156
16.6  4.8 ./cli kernel images/4096x40   0 394580
16.6  4.8 ./cli kernel images/4096x40   0 394612
16.6  4.8 ./cli kernel images/4096x40   0 394632
16.7  4.8 ./cli kernel images/4096x40   1 394592
16.8  4.8 ./cli kernel images/4096x40   0 394572
  PID User     Command                         Swap      USS      PSS      RSS 
16930 codespace /usr/bin/python3 /usr/bin/s        0    12068    12264    14568 
 6842 codespace ./cli kernel images/4096x40        0   393320   393359   394572 
 6844 codespace ./cli kernel images/4096x40        0   393320   393359   394580 
 6848 codespace ./cli kernel images/4096x40        0   393320   393362   394612 
 6839 codespace ./cli kernel images/4096x40        0   393324   393364   394592 
 6846 codespace ./cli kernel images/4096x40        0   393324   393367   394632 
%CPU %MEM ARGS Sat Sep 26 20:13:34 UTC 2026
 0.0  0.0 grep --color=auto ./cli       1  2252
16.6  4.8 ./cli kernel images/4096x40   0 394580
16.6  4.8 ./cli kernel images/4096x40   0 394612
16.6  4.8 ./cli kernel images/4096x40   0 394632
16.7  4.8 ./cli kernel images/4096x40   1 394592
16.8  4.8 ./cli kernel images/4096x40   1 394572
  PID User     Command                         Swap      USS      PSS      RSS 
16939 codespace /usr/bin/python3 /usr/bin/s        0    12052    12253    14560 
 6842 codespace ./cli kernel images/4096x40        0   393320   393359   394572 
 6844 codespace ./cli kernel images/4096x40        0   393320   393359   394580 
 6848 codespace ./cli kernel images/4096x40        0   393320   393362   394612 
 6839 codespace ./cli kernel images/4096x40        0   393324   393364   394592 
 6846 codespace ./cli kernel images/4096x40        0   393324   393367   394632 
%CPU %MEM ARGS Sat Sep 26 20:13:35 UTC 2026
 0.0  0.0 grep --color=auto ./cli       1  2160
16.6  4.8 ./cli kernel images/4096x40   0 394612
16.6  4.8 ./cli kernel images/4096x40   1 394580
16.6  4.8 ./cli kernel images/4096x40   1 394632
16.7  4.8 ./cli kernel images/4096x40   1 394592
16.8  4.8 ./cli kernel images/4096x40   1 394572
  PID User     Command                         Swap      USS      PSS      RSS 
16946 codespace /usr/bin/python3 /usr/bin/s        0    12052    12242    14480 
 6842 codespace ./cli kernel images/4096x40        0   393320   393359   394572 
 6844 codespace ./cli kernel images/4096x40        0   393320   393359   394580 
 6848 codespace ./cli kernel images/4096x40        0   393320   393362   394612 
 6839 codespace ./cli kernel images/4096x40        0   393324   393363   394592 
 6846 codespace ./cli kernel images/4096x40        0   393324   393367   394632 
%CPU %MEM ARGS Sat Sep 26 20:13:37 UTC 2026
 0.0  0.0 grep --color=auto ./cli       1  2340
16.6  4.8 ./cli kernel images/4096x40   1 394612
16.6  4.8 ./cli kernel images/4096x40   1 394580
16.6  4.8 ./cli kernel images/4096x40   1 394632
16.7  4.8 ./cli kernel images/4096x40   1 394592
16.8  4.8 ./cli kernel images/4096x40   1 394572
  PID User     Command                         Swap      USS      PSS      RSS 
16959 codespace /usr/bin/python3 /usr/bin/s        0    12060    12254    14524 
 6842 codespace ./cli kernel images/4096x40        0   393320   393359   394572 
 6844 codespace ./cli kernel images/4096x40        0   393320   393359   394580 
 6848 codespace ./cli kernel images/4096x40        0   393320   393362   394612 
 6839 codespace ./cli kernel images/4096x40        0   393324   393363   394592 
 6846 codespace ./cli kernel images/4096x40        0   393324   393367   394632 
%CPU %MEM ARGS Sat Sep 26 20:13:38 UTC 2026
 0.0  0.0 grep --color=auto ./cli       1  2180
16.6  4.8 ./cli kernel images/4096x40   1 394612
16.6  4.8 ./cli kernel images/4096x40   1 394580
16.6  4.8 ./cli kernel images/4096x40   1 394632
16.7  4.8 ./cli kernel images/4096x40   1 394592
16.8  4.8 ./cli kernel images/4096x40   1 394572
  PID User     Command                         Swap      USS      PSS      RSS 
16967 codespace /usr/bin/python3 /usr/bin/s        0    12064    12250    14480 
 6844 codespace ./cli kernel images/4096x40        0   393320   393355   394580 
 6839 codespace ./cli kernel images/4096x40        0   393324   393359   394592 
 6842 codespace ./cli kernel images/4096x40        0   393320   393359   394572 
 6846 codespace ./cli kernel images/4096x40        0   393324   393362   394632 
 6848 codespace ./cli kernel images/4096x40        0   393320   393362   394612 
%CPU %MEM ARGS Sat Sep 26 20:13:39 UTC 2026
 0.0  0.0 grep --color=auto ./cli       0  2292
16.6  4.8 ./cli kernel images/4096x40   1 394612
16.6  4.8 ./cli kernel images/4096x40   1 394580
16.6  4.8 ./cli kernel images/4096x40   1 394632
16.7  4.8 ./cli kernel images/4096x40   1 394592
16.8  1.9 ./cli kernel images/4096x40   1 159168
  PID User     Command                         Swap      USS      PSS      RSS 
16986 codespace /usr/bin/python3 /usr/bin/s        0    12072    12261    14508 
 6844 codespace ./cli kernel images/4096x40        0   393320   393363   394580 
 6848 codespace ./cli kernel images/4096x40        0   393320   393366   394612 
 6839 codespace ./cli kernel images/4096x40        0   393324   393367   394592 
 6846 codespace ./cli kernel images/4096x40        0   393324   393371   394632 
%CPU %MEM ARGS Sat Sep 26 20:13:40 UTC 2026
 0.0  0.0 grep --color=auto ./cli       1  2252
16.6  4.8 ./cli kernel images/4096x40   1 394612
16.6  4.8 ./cli kernel images/4096x40   0 394632
16.6  4.8 ./cli kernel images/4096x40   1 394580
16.7  4.8 ./cli kernel images/4096x40   1 394592
  PID User     Command                         Swap      USS      PSS      RSS 
16993 codespace /usr/bin/python3 /usr/bin/s        0    12060    12235    14524 
 6844 codespace ./cli kernel images/4096x40        0   393320   393362   394580 
 6848 codespace ./cli kernel images/4096x40        0   393320   393365   394612 
 6839 codespace ./cli kernel images/4096x40        0   393324   393367   394592 
 6846 codespace ./cli kernel images/4096x40        0   393324   393370   394632 
%CPU %MEM ARGS Sat Sep 26 20:13:42 UTC 2026
 0.0  0.0 grep --color=auto ./cli       1  2276
16.6  4.8 ./cli kernel images/4096x40   1 394612
16.6  4.8 ./cli kernel images/4096x40   1 394580
16.6  4.8 ./cli kernel images/4096x40   1 394632
16.7  4.8 ./cli kernel images/4096x40   1 394592
  PID User     Command                         Swap      USS      PSS      RSS 
17028 codespace /usr/bin/python3 /usr/bin/s        0    12060    12265    14592 
 6844 codespace ./cli kernel images/4096x40        0   393320   393363   394580 
 6848 codespace ./cli kernel images/4096x40        0   393320   393366   394612 
 6839 codespace ./cli kernel images/4096x40        0   393324   393367   394592 
 6846 codespace ./cli kernel images/4096x40        0   393324   393372   394632 
%CPU %MEM ARGS Sat Sep 26 20:13:43 UTC 2026
 0.0  0.0 grep --color=auto ./cli       1  2128
16.6  4.8 ./cli kernel images/4096x40   1 394612
16.6  4.8 ./cli kernel images/4096x40   1 394632
16.6  4.8 ./cli kernel images/4096x40   1 394580
16.7  4.8 ./cli kernel images/4096x40   1 394592
  PID User     Command                         Swap      USS      PSS      RSS 
17038 codespace /usr/bin/python3 /usr/bin/s        0    12068    12258    14548 
 6844 codespace ./cli kernel images/4096x40        0   393320   393363   394580 
 6848 codespace ./cli kernel images/4096x40        0   393320   393366   394612 
 6839 codespace ./cli kernel images/4096x40        0   393324   393367   394592 
 6846 codespace ./cli kernel images/4096x40        0   393324   393370   394632 
%CPU %MEM ARGS Sat Sep 26 20:13:44 UTC 2026
 0.0  0.0 grep --color=auto ./cli       1  2180
16.6  4.8 ./cli kernel images/4096x40   0 394612
16.6  4.8 ./cli kernel images/4096x40   1 394632
16.6  4.8 ./cli kernel images/4096x40   1 394580
16.7  4.8 ./cli kernel images/4096x40   1 394592
  PID User     Command                         Swap      USS      PSS      RSS 
17045 codespace /usr/bin/python3 /usr/bin/s        0    12084    12279    14592 
 6844 codespace ./cli kernel images/4096x40        0   393320   393363   394580 
 6848 codespace ./cli kernel images/4096x40        0   393320   393366   394612 
 6839 codespace ./cli kernel images/4096x40        0   393324   393367   394592 
 6846 codespace ./cli kernel images/4096x40        0   393324   393371   394632 
%CPU %MEM ARGS Sat Sep 26 20:13:45 UTC 2026
 0.0  0.0 grep --color=auto ./cli       0  2184
16.6  4.8 ./cli kernel images/4096x40   1 394612
16.6  4.8 ./cli kernel images/4096x40   1 394632
16.6  4.8 ./cli kernel images/4096x40   1 394580
16.7  0.7 ./cli kernel images/4096x40   1 62724
  PID User     Command                         Swap      USS      PSS      RSS 
17052 codespace /usr/bin/python3 /usr/bin/s        0    12056    12241    14472 
 6844 codespace ./cli kernel images/4096x40        0   393320   393364   394580 
 6848 codespace ./cli kernel images/4096x40        0   393320   393366   394612 
 6846 codespace ./cli kernel images/4096x40        0   393324   393371   394632 
%CPU %MEM ARGS Sat Sep 26 20:13:47 UTC 2026
 0.0  0.0 grep --color=auto ./cli       0  2308
16.6  4.8 ./cli kernel images/4096x40   1 394612
16.6  4.8 ./cli kernel images/4096x40   1 394632
16.6  4.8 ./cli kernel images/4096x40   1 394580
  PID User     Command                         Swap      USS      PSS      RSS 
17065 codespace /usr/bin/python3 /usr/bin/s        0    12060    12230    14508 
 6844 codespace ./cli kernel images/4096x40        0   393320   393359   394580 
 6848 codespace ./cli kernel images/4096x40        0   393320   393363   394612 
 6846 codespace ./cli kernel images/4096x40        0   393324   393367   394632 
%CPU %MEM ARGS Sat Sep 26 20:13:48 UTC 2026
 0.0  0.0 grep --color=auto ./cli       0  2160
16.6  4.8 ./cli kernel images/4096x40   1 394632
16.6  1.4 ./cli kernel images/4096x40   0 120384
16.6  4.8 ./cli kernel images/4096x40   0 394612
  PID User     Command                         Swap      USS      PSS      RSS 
 6846 ?        ?                                  0      100      150     1408 
17098 codespace /usr/bin/python3 /usr/bin/s        0    12052    12248    14536 
 6848 codespace ./cli kernel images/4096x40        0   393320   393374   394612 
