%CPU %MEM ARGS Fri Sep 25 20:56:20 UTC 2026
 0.0  0.0 ./cli kernel images/4096x40   1  1404
 0.0  0.0 grep --color=auto ./cli       0  2296
  PID User     Command                         Swap      USS      PSS      RSS 
28207 codespace ./cli kernel images/4096x40        0      896      950     2104 
28204 codespace /usr/bin/python3 /usr/bin/s        0    11928    12176    14484 
%CPU %MEM ARGS Fri Sep 25 20:56:20 UTC 2026
 0.0  0.0 grep --color=auto ./cli       1  2296
85.0  0.0 ./cli kernel images/4096x40   0  4032
  PID User     Command                         Swap      USS      PSS      RSS 
28207 codespace ./cli kernel images/4096x40        0     3216     3270     4424 
28213 codespace /usr/bin/python3 /usr/bin/s        0    12032    12257    14476 
%CPU %MEM ARGS Fri Sep 25 20:56:21 UTC 2026
 0.0  0.0 grep --color=auto ./cli       0  2248
88.4  0.0 ./cli kernel images/4096x40   1  6136
  PID User     Command                         Swap      USS      PSS      RSS 
28207 codespace ./cli kernel images/4096x40        0     5312     5366     6520 
28224 codespace /usr/bin/python3 /usr/bin/s        0    12048    12296    14572 
%CPU %MEM ARGS Fri Sep 25 20:56:21 UTC 2026
 0.0  0.0 grep --color=auto ./cli       1  2156
91.8  0.1 ./cli kernel images/4096x40   0  8432
  PID User     Command                         Swap      USS      PSS      RSS 
28207 codespace ./cli kernel images/4096x40        0     7640     7694     8848 
28229 codespace /usr/bin/python3 /usr/bin/s        0    12052    12309    14568 
%CPU %MEM ARGS Fri Sep 25 20:56:21 UTC 2026
 0.0  0.0 grep --color=auto ./cli       0  2152
92.9  0.1 ./cli kernel images/4096x40   0 10656
  PID User     Command                         Swap      USS      PSS      RSS 
28207 codespace ./cli kernel images/4096x40        0     9832     9880    11040 
28247 codespace /usr/bin/python3 /usr/bin/s        0    12040    12239    14460 
%CPU %MEM ARGS Fri Sep 25 20:56:22 UTC 2026
 0.0  0.0 grep --color=auto ./cli       1  2176
93.5  0.1 ./cli kernel images/4096x40   1 12976
  PID User     Command                         Swap      USS      PSS      RSS 
28207 codespace ./cli kernel images/4096x40        0    12184    12232    13392 
28252 codespace /usr/bin/python3 /usr/bin/s        0    12044    12243    14452 
%CPU %MEM ARGS Fri Sep 25 20:56:22 UTC 2026
 0.0  0.0 grep --color=auto ./cli       1  2300
94.0  0.1 ./cli kernel images/4096x40   1 15304
  PID User     Command                         Swap      USS      PSS      RSS 
28257 codespace /usr/bin/python3 /usr/bin/s        0    12036    12238    14520 
28207 codespace ./cli kernel images/4096x40        0    14480    14528    15688 
%CPU %MEM ARGS Fri Sep 25 20:56:22 UTC 2026
 0.0  0.0 grep --color=auto ./cli       1  2156
94.4  0.2 ./cli kernel images/4096x40   0 17636
  PID User     Command                         Swap      USS      PSS      RSS 
28270 codespace /usr/bin/python3 /usr/bin/s        0    12036    12267    14492 
28207 codespace ./cli kernel images/4096x40        0    16828    16882    18036 
%CPU %MEM ARGS Fri Sep 25 20:56:22 UTC 2026
 0.0  0.0 grep --color=auto ./cli       1  2248
94.6  0.2 ./cli kernel images/4096x40   1 19940
  PID User     Command                         Swap      USS      PSS      RSS 
28276 codespace /usr/bin/python3 /usr/bin/s        0    12036    12264    14492 
28207 codespace ./cli kernel images/4096x40        0    19108    19162    20316 
%CPU %MEM ARGS Fri Sep 25 20:56:23 UTC 2026
 0.0  0.0 grep --color=auto ./cli       1  2340
94.8  0.2 ./cli kernel images/4096x40   1 22220
  PID User     Command                         Swap      USS      PSS      RSS 
28284 codespace /usr/bin/python3 /usr/bin/s        0    12032    12256    14480 
28207 codespace ./cli kernel images/4096x40        0    21412    21466    22620 
%CPU %MEM ARGS Fri Sep 25 20:56:23 UTC 2026
 0.0  0.0 grep --color=auto ./cli       0  2184
94.4  0.2 ./cli kernel images/4096x40   1 24344
  PID User     Command                         Swap      USS      PSS      RSS 
28298 codespace /usr/bin/python3 /usr/bin/s        0    12032    12232    14480 
28207 codespace ./cli kernel images/4096x40        0    23500    23552    24708 
%CPU %MEM ARGS Fri Sep 25 20:56:23 UTC 2026
 0.0  0.0 grep --color=auto ./cli       0  2180
94.0  0.3 ./cli kernel images/4096x40   1 26440
  PID User     Command                         Swap      USS      PSS      RSS 
28304 codespace /usr/bin/python3 /usr/bin/s        0    12044    12269    14452 
28207 codespace ./cli kernel images/4096x40        0    25848    25902    27056 
%CPU %MEM ARGS Fri Sep 25 20:56:24 UTC 2026
 0.0  0.0 grep --color=auto ./cli       0  2160
93.8  0.3 ./cli kernel images/4096x40   1 28980
  PID User     Command                         Swap      USS      PSS      RSS 
28309 codespace /usr/bin/python3 /usr/bin/s        0    12040    12268    14496 
28207 codespace ./cli kernel images/4096x40        0    28168    28222    29376 
%CPU %MEM ARGS Fri Sep 25 20:56:24 UTC 2026
 0.0  0.0 grep --color=auto ./cli       1  2160
94.0  0.3 ./cli kernel images/4096x40   1 31304
  PID User     Command                         Swap      USS      PSS      RSS 
28314 codespace /usr/bin/python3 /usr/bin/s        0    12040    12265    14452 
28207 codespace ./cli kernel images/4096x40        0    30480    30534    31688 
%CPU %MEM ARGS Fri Sep 25 20:56:24 UTC 2026
 0.0  0.0 grep --color=auto ./cli       1  2176
94.1  0.4 ./cli kernel images/4096x40   1 33604
  PID User     Command                         Swap      USS      PSS      RSS 
28321 codespace /usr/bin/python3 /usr/bin/s        0    12036    12266    14516 
28207 codespace ./cli kernel images/4096x40        0    32836    32890    34044 
%CPU %MEM ARGS Fri Sep 25 20:56:25 UTC 2026
 0.0  0.0 grep --color=auto ./cli       1  2308
94.5  0.4 ./cli kernel images/4096x40   1 35960
  PID User     Command                         Swap      USS      PSS      RSS 
28326 codespace /usr/bin/python3 /usr/bin/s        0    12044    12265    14412 
28207 codespace ./cli kernel images/4096x40        0    35144    35198    36352 
%CPU %MEM ARGS Fri Sep 25 20:56:25 UTC 2026
 0.0  0.0 grep --color=auto ./cli       0  2168
94.6  0.4 ./cli kernel images/4096x40   1 38124
  PID User     Command                         Swap      USS      PSS      RSS 
28337 codespace /usr/bin/python3 /usr/bin/s        0    12032    12264    14508 
28207 codespace ./cli kernel images/4096x40        0    37284    37338    38492 
%CPU %MEM ARGS Fri Sep 25 20:56:25 UTC 2026
 0.0  0.0 grep --color=auto ./cli       0  2304
94.7  0.4 ./cli kernel images/4096x40   1 40516
  PID User     Command                         Swap      USS      PSS      RSS 
28342 codespace /usr/bin/python3 /usr/bin/s        0    12036    12283    14544 
28207 codespace ./cli kernel images/4096x40        0    39840    39894    41048 
%CPU %MEM ARGS Fri Sep 25 20:56:25 UTC 2026
 0.0  0.0 grep --color=auto ./cli       1  2248
94.3  0.5 ./cli kernel images/4096x40   1 42788
  PID User     Command                         Swap      USS      PSS      RSS 
28348 codespace /usr/bin/python3 /usr/bin/s        0    12036    12283    14544 
28207 codespace ./cli kernel images/4096x40        0    41996    42050    43204 
%CPU %MEM ARGS Fri Sep 25 20:56:26 UTC 2026
 0.0  0.0 grep --color=auto ./cli       1  2276
94.5  0.5 ./cli kernel images/4096x40   1 45132
  PID User     Command                         Swap      USS      PSS      RSS 
28353 codespace /usr/bin/python3 /usr/bin/s        0    12040    12276    14540 
28207 codespace ./cli kernel images/4096x40        0    44400    44454    45608 
%CPU %MEM ARGS Fri Sep 25 20:56:26 UTC 2026
 0.0  0.0 grep --color=auto ./cli       1  2168
94.1  0.5 ./cli kernel images/4096x40   1 47320
  PID User     Command                         Swap      USS      PSS      RSS 
28361 codespace /usr/bin/python3 /usr/bin/s        0    12040    12276    14492 
28207 codespace ./cli kernel images/4096x40        0    46536    46590    47744 
%CPU %MEM ARGS Fri Sep 25 20:56:26 UTC 2026
 0.0  0.0 grep --color=auto ./cli       1  2168
94.2  0.6 ./cli kernel images/4096x40   0 49680
  PID User     Command                         Swap      USS      PSS      RSS 
28368 codespace /usr/bin/python3 /usr/bin/s        0    12032    12257    14448 
28207 codespace ./cli kernel images/4096x40        0    48816    48870    50024 
%CPU %MEM ARGS Fri Sep 25 20:56:27 UTC 2026
 0.0  0.0 grep --color=auto ./cli       0  2176
94.2  0.6 ./cli kernel images/4096x40   1 51764
  PID User     Command                         Swap      USS      PSS      RSS 
28374 codespace /usr/bin/python3 /usr/bin/s        0    12036    12281    14544 
28207 codespace ./cli kernel images/4096x40        0    51008    51062    52216 
%CPU %MEM ARGS Fri Sep 25 20:56:27 UTC 2026
 0.0  0.0 grep --color=auto ./cli       0  2344
92.6  0.6 ./cli kernel images/4096x40   0 53324
  PID User     Command                         Swap      USS      PSS      RSS 
28389 codespace /usr/bin/python3 /usr/bin/s        0    12036    12264    14452 
28207 codespace ./cli kernel images/4096x40        0    52536    52590    53744 
%CPU %MEM ARGS Fri Sep 25 20:56:28 UTC 2026
 0.0  0.0 grep --color=auto ./cli       1  2340
89.7  0.6 ./cli kernel images/4096x40   1 55112
  PID User     Command                         Swap      USS      PSS      RSS 
28412 codespace /usr/bin/python3 /usr/bin/s        0    12032    12263    14500 
28207 codespace ./cli kernel images/4096x40        0    54228    54282    55436 
%CPU %MEM ARGS Fri Sep 25 20:56:28 UTC 2026
 0.0  0.0 grep --color=auto ./cli       0  2288
89.6  0.7 ./cli kernel images/4096x40   1 57196
  PID User     Command                         Swap      USS      PSS      RSS 
28418 codespace /usr/bin/python3 /usr/bin/s        0    12036    12265    14512 
28207 codespace ./cli kernel images/4096x40        0    56380    56434    57588 
%CPU %MEM ARGS Fri Sep 25 20:56:28 UTC 2026
 0.0  0.0 grep --color=auto ./cli       0  2148
90.1  0.7 ./cli kernel images/4096x40   1 59424
  PID User     Command                         Swap      USS      PSS      RSS 
28424 codespace /usr/bin/python3 /usr/bin/s        0    12044    12291    14600 
28207 codespace ./cli kernel images/4096x40        0    58580    58634    59788 
%CPU %MEM ARGS Fri Sep 25 20:56:28 UTC 2026
 0.0  0.0 grep --color=auto ./cli       1  2172
90.1  0.7 ./cli kernel images/4096x40   0 61644
  PID User     Command                         Swap      USS      PSS      RSS 
28431 codespace /usr/bin/python3 /usr/bin/s        0    12056    12257    14480 
28207 codespace ./cli kernel images/4096x40        0    60996    61046    62204 
%CPU %MEM ARGS Fri Sep 25 20:56:29 UTC 2026
 0.0  0.0 grep --color=auto ./cli       0  2184
89.5  0.7 ./cli kernel images/4096x40   1 63684
  PID User     Command                         Swap      USS      PSS      RSS 
28443 codespace /usr/bin/python3 /usr/bin/s        0    12040    12270    14508 
28207 codespace ./cli kernel images/4096x40        0    62860    62913    64068 
%CPU %MEM ARGS Fri Sep 25 20:56:29 UTC 2026
 0.0  0.0 grep --color=auto ./cli       1  2340
89.5  0.8 ./cli kernel images/4096x40   0 65816
  PID User     Command                         Swap      USS      PSS      RSS 
28449 codespace /usr/bin/python3 /usr/bin/s        0    12032    12262    14452 
28207 codespace ./cli kernel images/4096x40        0    64988    65042    66196 
%CPU %MEM ARGS Fri Sep 25 20:56:29 UTC 2026
 0.0  0.0 grep --color=auto ./cli       1  2252
89.4  0.8 ./cli kernel images/4096x40   0 67776
  PID User     Command                         Swap      USS      PSS      RSS 
28460 codespace /usr/bin/python3 /usr/bin/s        0    12036    12252    14480 
28207 codespace ./cli kernel images/4096x40        0    66920    66974    68128 
%CPU %MEM ARGS Fri Sep 25 20:56:30 UTC 2026
 0.0  0.0 grep --color=auto ./cli       0  2192
89.6  0.8 ./cli kernel images/4096x40   0 69888
  PID User     Command                         Swap      USS      PSS      RSS 
28468 codespace /usr/bin/python3 /usr/bin/s        0    12060    12287    14480 
28207 codespace ./cli kernel images/4096x40        0    69092    69146    70300 
%CPU %MEM ARGS Fri Sep 25 20:56:30 UTC 2026
 0.0  0.0 grep --color=auto ./cli       1  2248
89.6  0.8 ./cli kernel images/4096x40   1 72128
  PID User     Command                         Swap      USS      PSS      RSS 
28474 codespace /usr/bin/python3 /usr/bin/s        0    12048    12281    14500 
28207 codespace ./cli kernel images/4096x40        0    71408    71462    72616 
%CPU %MEM ARGS Fri Sep 25 20:56:30 UTC 2026
 0.0  0.0 grep --color=auto ./cli       0  2152
89.7  0.9 ./cli kernel images/4096x40   0 74176
  PID User     Command                         Swap      USS      PSS      RSS 
28481 codespace /usr/bin/python3 /usr/bin/s        0    12036    12266    14520 
28207 codespace ./cli kernel images/4096x40        0    73488    73541    74696 
%CPU %MEM ARGS Fri Sep 25 20:56:31 UTC 2026
 0.0  0.0 grep --color=auto ./cli       1  2252
89.5  0.9 ./cli kernel images/4096x40   0 76532
  PID User     Command                         Swap      USS      PSS      RSS 
28487 codespace /usr/bin/python3 /usr/bin/s        0    12036    12262    14452 
28207 codespace ./cli kernel images/4096x40        0    75804    75857    77012 
%CPU %MEM ARGS Fri Sep 25 20:56:31 UTC 2026
 0.0  0.0 grep --color=auto ./cli       0  2248
89.6  0.9 ./cli kernel images/4096x40   1 78864
  PID User     Command                         Swap      USS      PSS      RSS 
28493 codespace /usr/bin/python3 /usr/bin/s        0    12056    12281    14468 
28207 codespace ./cli kernel images/4096x40        0    78000    78054    79208 
%CPU %MEM ARGS Fri Sep 25 20:56:31 UTC 2026
 0.0  0.0 grep --color=auto ./cli       1  2252
89.6  0.9 ./cli kernel images/4096x40   0 80936
  PID User     Command                         Swap      USS      PSS      RSS 
28500 codespace /usr/bin/python3 /usr/bin/s        0    12040    12271    14496 
28207 codespace ./cli kernel images/4096x40        0    80116    80170    81324 
%CPU %MEM ARGS Fri Sep 25 20:56:32 UTC 2026
 0.0  0.0 grep --color=auto ./cli       1  2164
89.4  1.0 ./cli kernel images/4096x40   1 82592
  PID User     Command                         Swap      USS      PSS      RSS 
28512 codespace /usr/bin/python3 /usr/bin/s        0    12036    12262    14448 
28207 codespace ./cli kernel images/4096x40        0    81576    81630    82784 
%CPU %MEM ARGS Fri Sep 25 20:56:32 UTC 2026
 0.0  0.0 grep --color=auto ./cli       1  2160
89.3  1.0 ./cli kernel images/4096x40   1 84564
  PID User     Command                         Swap      USS      PSS      RSS 
28518 codespace /usr/bin/python3 /usr/bin/s        0    12036    12264    14452 
28207 codespace ./cli kernel images/4096x40        0    83732    83786    84940 
%CPU %MEM ARGS Fri Sep 25 20:56:32 UTC 2026
 0.0  0.0 grep --color=auto ./cli       0  2248
89.3  1.0 ./cli kernel images/4096x40   0 86824
  PID User     Command                         Swap      USS      PSS      RSS 
28524 codespace /usr/bin/python3 /usr/bin/s        0    12036    12267    14504 
28207 codespace ./cli kernel images/4096x40        0    86152    86206    87360 
%CPU %MEM ARGS Fri Sep 25 20:56:33 UTC 2026
 0.0  0.0 grep --color=auto ./cli       0  2340
89.5  1.0 ./cli kernel images/4096x40   0 89284
  PID User     Command                         Swap      USS      PSS      RSS 
28531 codespace /usr/bin/python3 /usr/bin/s        0    12036    12267    14504 
28207 codespace ./cli kernel images/4096x40        0    88488    88542    89696 
%CPU %MEM ARGS Fri Sep 25 20:56:33 UTC 2026
 0.0  0.0 grep --color=auto ./cli       0  2252
89.6  1.1 ./cli kernel images/4096x40   0 91472
  PID User     Command                         Swap      USS      PSS      RSS 
28537 codespace /usr/bin/python3 /usr/bin/s        0    12040    12273    14496 
28207 codespace ./cli kernel images/4096x40        0    90636    90690    91844 
%CPU %MEM ARGS Fri Sep 25 20:56:33 UTC 2026
 0.0  0.0 grep --color=auto ./cli       1  2208
89.7  1.1 ./cli kernel images/4096x40   0 93696
  PID User     Command                         Swap      USS      PSS      RSS 
28543 codespace /usr/bin/python3 /usr/bin/s        0    12036    12282    14568 
28207 codespace ./cli kernel images/4096x40        0    92848    92902    94056 
%CPU %MEM ARGS Fri Sep 25 20:56:33 UTC 2026
 0.0  0.0 grep --color=auto ./cli       0  2176
89.8  1.1 ./cli kernel images/4096x40   1 95764
  PID User     Command                         Swap      USS      PSS      RSS 
28550 codespace /usr/bin/python3 /usr/bin/s        0    12032    12263    14500 
28207 codespace ./cli kernel images/4096x40        0    94720    94774    95928 
%CPU %MEM ARGS Fri Sep 25 20:56:34 UTC 2026
 0.0  0.0 grep --color=auto ./cli       1  2344
89.4  1.1 ./cli kernel images/4096x40   0 97328
  PID User     Command                         Swap      USS      PSS      RSS 
28562 codespace /usr/bin/python3 /usr/bin/s        0    12036    12264    14516 
28207 codespace ./cli kernel images/4096x40        0    96476    96530    97684 
%CPU %MEM ARGS Fri Sep 25 20:56:34 UTC 2026
 0.0  0.0 grep --color=auto ./cli       1  2252
89.2  1.2 ./cli kernel images/4096x40   0 99188
  PID User     Command                         Swap      USS      PSS      RSS 
28568 codespace /usr/bin/python3 /usr/bin/s        0    12032    12234    14516 
28207 codespace ./cli kernel images/4096x40        0    98396    98448    99604 
%CPU %MEM ARGS Fri Sep 25 20:56:34 UTC 2026
 0.0  0.0 grep --color=auto ./cli       0  2164
89.1  1.2 ./cli kernel images/4096x40   0 101160
  PID User     Command                         Swap      USS      PSS      RSS 
28581 codespace /usr/bin/python3 /usr/bin/s        0    12036    12261    14480 
28207 codespace ./cli kernel images/4096x40        0   100320   100374   101528 
%CPU %MEM ARGS Fri Sep 25 20:56:35 UTC 2026
 0.0  0.0 grep --color=auto ./cli       0  2340
89.1  1.2 ./cli kernel images/4096x40   0 103140
  PID User     Command                         Swap      USS      PSS      RSS 
28587 codespace /usr/bin/python3 /usr/bin/s        0    12040    12260    14408 
28207 codespace ./cli kernel images/4096x40        0   102308   102362   103516 
%CPU %MEM ARGS Fri Sep 25 20:56:35 UTC 2026
 0.0  0.0 grep --color=auto ./cli       1  2160
89.2  1.2 ./cli kernel images/4096x40   0 105384
  PID User     Command                         Swap      USS      PSS      RSS 
28593 codespace /usr/bin/python3 /usr/bin/s        0    12036    12266    14516 
28207 codespace ./cli kernel images/4096x40        0   104544   104598   105752 
%CPU %MEM ARGS Fri Sep 25 20:56:35 UTC 2026
 0.0  0.0 grep --color=auto ./cli       1  2212
89.4  1.3 ./cli kernel images/4096x40   0 107592
  PID User     Command                         Swap      USS      PSS      RSS 
28599 codespace /usr/bin/python3 /usr/bin/s        0    12036    12268    14512 
28207 codespace ./cli kernel images/4096x40        0   106772   106826   107980 
%CPU %MEM ARGS Fri Sep 25 20:56:36 UTC 2026
 0.0  0.0 grep --color=auto ./cli       0  2300
89.3  1.3 ./cli kernel images/4096x40   0 109372
  PID User     Command                         Swap      USS      PSS      RSS 
28606 codespace /usr/bin/python3 /usr/bin/s        0    12032    12260    14488 
28207 codespace ./cli kernel images/4096x40        0   108456   108510   109664 
%CPU %MEM ARGS Fri Sep 25 20:56:36 UTC 2026
 0.0  0.0 grep --color=auto ./cli       0  2180
89.0  1.3 ./cli kernel images/4096x40   1 111044
  PID User     Command                         Swap      USS      PSS      RSS 
28618 codespace /usr/bin/python3 /usr/bin/s        0    12036    12257    14476 
28207 codespace ./cli kernel images/4096x40        0   110216   110270   111424 
%CPU %MEM ARGS Fri Sep 25 20:56:36 UTC 2026
 0.0  0.0 grep --color=auto ./cli       0  2300
89.0  1.3 ./cli kernel images/4096x40   0 113160
  PID User     Command                         Swap      USS      PSS      RSS 
28624 codespace /usr/bin/python3 /usr/bin/s        0    12036    12283    14544 
28207 codespace ./cli kernel images/4096x40        0   112324   112378   113532 
%CPU %MEM ARGS Fri Sep 25 20:56:36 UTC 2026
 0.0  0.0 grep --color=auto ./cli       1  2208
89.0  1.4 ./cli kernel images/4096x40   0 115332
  PID User     Command                         Swap      USS      PSS      RSS 
28631 codespace /usr/bin/python3 /usr/bin/s        0    12040    12267    14460 
28207 codespace ./cli kernel images/4096x40        0   114548   114602   115756 
%CPU %MEM ARGS Fri Sep 25 20:56:37 UTC 2026
 0.0  0.0 grep --color=auto ./cli       1  2296
89.1  1.4 ./cli kernel images/4096x40   0 117400
  PID User     Command                         Swap      USS      PSS      RSS 
28637 codespace /usr/bin/python3 /usr/bin/s        0    12040    12267    14448 
28207 codespace ./cli kernel images/4096x40        0   116564   116618   117772 
%CPU %MEM ARGS Fri Sep 25 20:56:37 UTC 2026
 0.0  0.0 grep --color=auto ./cli       0  2184
89.2  1.4 ./cli kernel images/4096x40   0 119544
  PID User     Command                         Swap      USS      PSS      RSS 
28643 codespace /usr/bin/python3 /usr/bin/s        0    12032    12277    14540 
28207 codespace ./cli kernel images/4096x40        0   118712   118766   119920 
%CPU %MEM ARGS Fri Sep 25 20:56:37 UTC 2026
 0.0  0.0 grep --color=auto ./cli       0  2304
89.4  1.4 ./cli kernel images/4096x40   1 121832
  PID User     Command                         Swap      USS      PSS      RSS 
28650 codespace /usr/bin/python3 /usr/bin/s        0    12044    12277    14512 
28207 codespace ./cli kernel images/4096x40        0   121000   121054   122208 
%CPU %MEM ARGS Fri Sep 25 20:56:38 UTC 2026
 0.0  0.0 grep --color=auto ./cli       0  2296
88.9  1.5 ./cli kernel images/4096x40   1 123224
  PID User     Command                         Swap      USS      PSS      RSS 
28668 codespace /usr/bin/python3 /usr/bin/s        0    12036    12266    14492 
28207 codespace ./cli kernel images/4096x40        0   122296   122350   123504 
%CPU %MEM ARGS Fri Sep 25 20:56:38 UTC 2026
 0.0  0.0 grep --color=auto ./cli       1  2164
88.2  1.5 ./cli kernel images/4096x40   0 124580
  PID User     Command                         Swap      USS      PSS      RSS 
28684 codespace /usr/bin/python3 /usr/bin/s        0    12000    12246    14524 
28207 codespace ./cli kernel images/4096x40        0   123700   123753   124908 
%CPU %MEM ARGS Fri Sep 25 20:56:38 UTC 2026
 0.0  0.0 grep --color=auto ./cli       1  2176
88.1  1.5 ./cli kernel images/4096x40   0 126832
  PID User     Command                         Swap      USS      PSS      RSS 
28693 codespace /usr/bin/python3 /usr/bin/s        0    12048    12304    14564 
28207 codespace ./cli kernel images/4096x40        0   125952   126006   127160 
%CPU %MEM ARGS Fri Sep 25 20:56:39 UTC 2026
 0.0  0.0 grep --color=auto ./cli       0  2288
88.2  1.5 ./cli kernel images/4096x40   1 128916
  PID User     Command                         Swap      USS      PSS      RSS 
28699 codespace /usr/bin/python3 /usr/bin/s        0    12036    12262    14452 
28207 codespace ./cli kernel images/4096x40        0   128088   128142   129296 
%CPU %MEM ARGS Fri Sep 25 20:56:39 UTC 2026
 0.0  0.0 grep --color=auto ./cli       0  2152
88.2  1.6 ./cli kernel images/4096x40   1 130956
  PID User     Command                         Swap      USS      PSS      RSS 
28705 codespace /usr/bin/python3 /usr/bin/s        0    12032    12257    14452 
28207 codespace ./cli kernel images/4096x40        0   130136   130190   131344 
%CPU %MEM ARGS Fri Sep 25 20:56:39 UTC 2026
 0.0  0.0 grep --color=auto ./cli       0  2212
88.3  1.6 ./cli kernel images/4096x40   0 133120
  PID User     Command                         Swap      USS      PSS      RSS 
28711 codespace /usr/bin/python3 /usr/bin/s        0    12044    12272    14460 
28207 codespace ./cli kernel images/4096x40        0   132296   132350   133504 
%CPU %MEM ARGS Fri Sep 25 20:56:40 UTC 2026
 0.0  0.0 grep --color=auto ./cli       1  2192
88.5  1.6 ./cli kernel images/4096x40   1 135360
  PID User     Command                         Swap      USS      PSS      RSS 
28718 codespace /usr/bin/python3 /usr/bin/s        0    12048    12306    14564 
28207 codespace ./cli kernel images/4096x40        0   134520   134574   135728 
%CPU %MEM ARGS Fri Sep 25 20:56:40 UTC 2026
 0.0  0.0 grep --color=auto ./cli       1  2168
88.4  1.6 ./cli kernel images/4096x40   0 137192
  PID User     Command                         Swap      USS      PSS      RSS 
28730 codespace /usr/bin/python3 /usr/bin/s        0    12036    12255    14564 
28207 codespace ./cli kernel images/4096x40        0   136368   136419   137576 
%CPU %MEM ARGS Fri Sep 25 20:56:40 UTC 2026
 0.0  0.0 grep --color=auto ./cli       1  2208
88.4  1.7 ./cli kernel images/4096x40   0 139168
  PID User     Command                         Swap      USS      PSS      RSS 
28739 codespace /usr/bin/python3 /usr/bin/s        0    12036    12264    14452 
28207 codespace ./cli kernel images/4096x40        0   138232   138286   139440 
%CPU %MEM ARGS Fri Sep 25 20:56:40 UTC 2026
 0.0  0.0 grep --color=auto ./cli       1  2288
88.2  1.7 ./cli kernel images/4096x40   0 141080
  PID User     Command                         Swap      USS      PSS      RSS 
28749 codespace /usr/bin/python3 /usr/bin/s        0    12036    12268    14516 
28207 codespace ./cli kernel images/4096x40        0   140236   140290   141444 
%CPU %MEM ARGS Fri Sep 25 20:56:41 UTC 2026
 0.0  0.0 grep --color=auto ./cli       0  2160
88.1  1.7 ./cli kernel images/4096x40   0 142896
  PID User     Command                         Swap      USS      PSS      RSS 
28755 codespace /usr/bin/python3 /usr/bin/s        0    12052    12310    14568 
28207 codespace ./cli kernel images/4096x40        0   142060   142114   143268 
%CPU %MEM ARGS Fri Sep 25 20:56:41 UTC 2026
 0.0  0.0 grep --color=auto ./cli       1  2268
88.2  1.7 ./cli kernel images/4096x40   0 145076
  PID User     Command                         Swap      USS      PSS      RSS 
28761 codespace /usr/bin/python3 /usr/bin/s        0    12036    12269    14508 
28207 codespace ./cli kernel images/4096x40        0   144156   144210   145364 
%CPU %MEM ARGS Fri Sep 25 20:56:41 UTC 2026
 0.0  0.0 grep --color=auto ./cli       0  2252
88.3  1.8 ./cli kernel images/4096x40   1 147104
  PID User     Command                         Swap      USS      PSS      RSS 
28768 codespace /usr/bin/python3 /usr/bin/s        0    12036    12267    14504 
28207 codespace ./cli kernel images/4096x40        0   146232   146286   147440 
%CPU %MEM ARGS Fri Sep 25 20:56:42 UTC 2026
 0.0  0.0 grep --color=auto ./cli       1  2192
88.3  1.8 ./cli kernel images/4096x40   1 149212
  PID User     Command                         Swap      USS      PSS      RSS 
28774 codespace /usr/bin/python3 /usr/bin/s        0    12068    12301    14524 
28207 codespace ./cli kernel images/4096x40        0   148376   148430   149584 
%CPU %MEM ARGS Fri Sep 25 20:56:42 UTC 2026
 0.0  0.0 grep --color=auto ./cli       0  2200
88.3  1.8 ./cli kernel images/4096x40   0 151264
  PID User     Command                         Swap      USS      PSS      RSS 
28780 codespace /usr/bin/python3 /usr/bin/s        0    12040    12269    14452 
28207 codespace ./cli kernel images/4096x40        0   150428   150482   151636 
%CPU %MEM ARGS Fri Sep 25 20:56:42 UTC 2026
 0.0  0.0 grep --color=auto ./cli       1  2176
88.4  1.8 ./cli kernel images/4096x40   0 153476
  PID User     Command                         Swap      USS      PSS      RSS 
28786 codespace /usr/bin/python3 /usr/bin/s        0    12036    12224    14452 
28207 codespace ./cli kernel images/4096x40        0   152832   152880   154040 
%CPU %MEM ARGS Fri Sep 25 20:56:43 UTC 2026
 0.0  0.0 grep --color=auto ./cli       1  2292
88.4  1.9 ./cli kernel images/4096x40   0 155936
  PID User     Command                         Swap      USS      PSS      RSS 
28799 codespace /usr/bin/python3 /usr/bin/s        0    12036    12283    14544 
28207 codespace ./cli kernel images/4096x40        0   155064   155118   156272 
%CPU %MEM ARGS Fri Sep 25 20:56:43 UTC 2026
 0.0  0.0 grep --color=auto ./cli       1  2180
88.4  1.9 ./cli kernel images/4096x40   0 158072
  PID User     Command                         Swap      USS      PSS      RSS 
28805 codespace /usr/bin/python3 /usr/bin/s        0    12068    12295    14524 
28207 codespace ./cli kernel images/4096x40        0   157256   157310   158464 
%CPU %MEM ARGS Fri Sep 25 20:56:43 UTC 2026
 0.0  0.0 grep --color=auto ./cli       1  2196
88.4  1.9 ./cli kernel images/4096x40   0 160168
  PID User     Command                         Swap      USS      PSS      RSS 
28811 codespace /usr/bin/python3 /usr/bin/s        0    12036    12262    14460 
28207 codespace ./cli kernel images/4096x40        0   159300   159354   160508 
%CPU %MEM ARGS Fri Sep 25 20:56:43 UTC 2026
 0.0  0.0 grep --color=auto ./cli       0  2252
88.5  1.9 ./cli kernel images/4096x40   0 162296
  PID User     Command                         Swap      USS      PSS      RSS 
28818 codespace /usr/bin/python3 /usr/bin/s        0    12040    12281    14548 
28207 codespace ./cli kernel images/4096x40        0   161484   161538   162692 
%CPU %MEM ARGS Fri Sep 25 20:56:44 UTC 2026
 0.0  0.0 grep --color=auto ./cli       1  2156
88.6  2.0 ./cli kernel images/4096x40   0 164496
  PID User     Command                         Swap      USS      PSS      RSS 
28824 codespace /usr/bin/python3 /usr/bin/s        0    12040    12268    14456 
28207 codespace ./cli kernel images/4096x40        0   163552   163606   164760 
%CPU %MEM ARGS Fri Sep 25 20:56:44 UTC 2026
 0.0  0.0 grep --color=auto ./cli       1  2340
88.5  2.0 ./cli kernel images/4096x40   1 166288
  PID User     Command                         Swap      USS      PSS      RSS 
28830 codespace /usr/bin/python3 /usr/bin/s        0    12036    12266    14456 
28207 codespace ./cli kernel images/4096x40        0   165444   165498   166652 
%CPU %MEM ARGS Fri Sep 25 20:56:44 UTC 2026
 0.0  0.0 grep --color=auto ./cli       0  2152
88.6  2.0 ./cli kernel images/4096x40   0 168364
  PID User     Command                         Swap      USS      PSS      RSS 
28837 codespace /usr/bin/python3 /usr/bin/s        0    12036    12265    14516 
28207 codespace ./cli kernel images/4096x40        0   167568   167622   168776 
%CPU %MEM ARGS Fri Sep 25 20:56:45 UTC 2026
 0.0  0.0 grep --color=auto ./cli       0  2200
88.6  2.0 ./cli kernel images/4096x40   1 170684
  PID User     Command                         Swap      USS      PSS      RSS 
28849 codespace /usr/bin/python3 /usr/bin/s        0    12032    12262    14484 
28207 codespace ./cli kernel images/4096x40        0   169824   169878   171032 
%CPU %MEM ARGS Fri Sep 25 20:56:45 UTC 2026
 0.0  0.0 grep --color=auto ./cli       1  2248
88.6  2.1 ./cli kernel images/4096x40   1 172716
  PID User     Command                         Swap      USS      PSS      RSS 
28855 codespace /usr/bin/python3 /usr/bin/s        0    12040    12270    14492 
28207 codespace ./cli kernel images/4096x40        0   171892   171946   173100 
%CPU %MEM ARGS Fri Sep 25 20:56:45 UTC 2026
 0.0  0.0 grep --color=auto ./cli       1  2308
88.7  2.1 ./cli kernel images/4096x40   1 174720
  PID User     Command                         Swap      USS      PSS      RSS 
28867 codespace /usr/bin/python3 /usr/bin/s        0    12036    12235    14452 
28207 codespace ./cli kernel images/4096x40        0   173876   173928   175084 
%CPU %MEM ARGS Fri Sep 25 20:56:46 UTC 2026
 0.0  0.0 grep --color=auto ./cli       1  2180
88.7  2.1 ./cli kernel images/4096x40   1 176776
  PID User     Command                         Swap      USS      PSS      RSS 
28874 codespace /usr/bin/python3 /usr/bin/s        0    12032    12262    14516 
28207 codespace ./cli kernel images/4096x40        0   175968   176022   177176 
%CPU %MEM ARGS Fri Sep 25 20:56:46 UTC 2026
 0.0  0.0 grep --color=auto ./cli       1  2152
88.6  2.1 ./cli kernel images/4096x40   0 178548
  PID User     Command                         Swap      USS      PSS      RSS 
28880 codespace /usr/bin/python3 /usr/bin/s        0    12036    12261    14452 
28207 codespace ./cli kernel images/4096x40        0   177728   177782   178936 
%CPU %MEM ARGS Fri Sep 25 20:56:46 UTC 2026
 0.0  0.0 grep --color=auto ./cli       0  2248
88.7  2.2 ./cli kernel images/4096x40   1 180648
  PID User     Command                         Swap      USS      PSS      RSS 
28886 codespace /usr/bin/python3 /usr/bin/s        0    12044    12273    14520 
28207 codespace ./cli kernel images/4096x40        0   179780   179834   180988 
%CPU %MEM ARGS Fri Sep 25 20:56:46 UTC 2026
 0.0  0.0 grep --color=auto ./cli       0  2160
88.7  2.2 ./cli kernel images/4096x40   0 182764
  PID User     Command                         Swap      USS      PSS      RSS 
28893 codespace /usr/bin/python3 /usr/bin/s        0    12048    12296    14572 
28207 codespace ./cli kernel images/4096x40        0   181924   181978   183132 
%CPU %MEM ARGS Fri Sep 25 20:56:47 UTC 2026
 0.0  0.0 grep --color=auto ./cli       1  2180
88.5  2.2 ./cli kernel images/4096x40   1 184380
  PID User     Command                         Swap      USS      PSS      RSS 
28905 codespace /usr/bin/python3 /usr/bin/s        0    12036    12244    14432 
28207 codespace ./cli kernel images/4096x40        0   183536   183590   184744 
%CPU %MEM ARGS Fri Sep 25 20:56:47 UTC 2026
 0.0  0.0 grep --color=auto ./cli       0  2136
88.6  2.2 ./cli kernel images/4096x40   1 186556
  PID User     Command                         Swap      USS      PSS      RSS 
28911 codespace /usr/bin/python3 /usr/bin/s        0    12068    12297    14524 
28207 codespace ./cli kernel images/4096x40        0   185720   185774   186928 
%CPU %MEM ARGS Fri Sep 25 20:56:47 UTC 2026
 0.0  0.0 grep --color=auto ./cli       0  2288
88.7  2.3 ./cli kernel images/4096x40   1 188760
  PID User     Command                         Swap      USS      PSS      RSS 
28917 codespace /usr/bin/python3 /usr/bin/s        0    12048    12305    14564 
28207 codespace ./cli kernel images/4096x40        0   187848   187902   189056 
%CPU %MEM ARGS Fri Sep 25 20:56:48 UTC 2026
 0.0  0.0 grep --color=auto ./cli       1  2252
88.6  2.3 ./cli kernel images/4096x40   1 190680
  PID User     Command                         Swap      USS      PSS      RSS 
28924 codespace /usr/bin/python3 /usr/bin/s        0    12032    12256    14452 
28207 codespace ./cli kernel images/4096x40        0   189884   189938   191092 
%CPU %MEM ARGS Fri Sep 25 20:56:48 UTC 2026
 0.0  0.0 grep --color=auto ./cli       0  2156
88.6  2.3 ./cli kernel images/4096x40   1 192684
  PID User     Command                         Swap      USS      PSS      RSS 
28936 codespace /usr/bin/python3 /usr/bin/s        0    12044    12289    14520 
28207 codespace ./cli kernel images/4096x40        0   191944   191998   193152 
%CPU %MEM ARGS Fri Sep 25 20:56:48 UTC 2026
 0.0  0.0 grep --color=auto ./cli       1  2160
88.3  2.3 ./cli kernel images/4096x40   0 194792
  PID User     Command                         Swap      USS      PSS      RSS 
28955 codespace /usr/bin/python3 /usr/bin/s        0    12036    12264    14492 
28207 codespace ./cli kernel images/4096x40        0   193944   193998   195152 
%CPU %MEM ARGS Fri Sep 25 20:56:49 UTC 2026
 0.0  0.0 grep --color=auto ./cli       0  2300
88.3  2.4 ./cli kernel images/4096x40   0 196752
  PID User     Command                         Swap      USS      PSS      RSS 
28964 codespace /usr/bin/python3 /usr/bin/s        0    12044    12271    14496 
28207 codespace ./cli kernel images/4096x40        0   195932   195986   197140 
%CPU %MEM ARGS Fri Sep 25 20:56:49 UTC 2026
 0.0  0.0 grep --color=auto ./cli       0  2288
88.2  2.4 ./cli kernel images/4096x40   1 203008
  PID User     Command                         Swap      USS      PSS      RSS 
28973 codespace /usr/bin/python3 /usr/bin/s        0    12036    12263    14488 
28207 codespace ./cli kernel images/4096x40        0   203876   203933   205148 
%CPU %MEM ARGS Fri Sep 25 20:56:49 UTC 2026
 0.0  0.0 grep --color=auto ./cli       0  2152
88.1  2.6 ./cli kernel images/4096x40   0 215168
  PID User     Command                         Swap      USS      PSS      RSS 
28979 codespace /usr/bin/python3 /usr/bin/s        0    12012    12244    14488 
28207 codespace ./cli kernel images/4096x40        0   216096   216153   217368 
%CPU %MEM ARGS Fri Sep 25 20:56:50 UTC 2026
 0.0  0.0 grep --color=auto ./cli       0  2152
88.2  2.8 ./cli kernel images/4096x40   0 228780
  PID User     Command                         Swap      USS      PSS      RSS 
28986 codespace /usr/bin/python3 /usr/bin/s        0    12040    12272    14524 
28207 codespace ./cli kernel images/4096x40        0   229760   229817   231032 
%CPU %MEM ARGS Fri Sep 25 20:56:50 UTC 2026
 0.0  0.0 grep --color=auto ./cli       1  2340
88.4  2.9 ./cli kernel images/4096x40   1 242428
  PID User     Command                         Swap      USS      PSS      RSS 
28992 codespace /usr/bin/python3 /usr/bin/s        0    12036    12261    14456 
28207 codespace ./cli kernel images/4096x40        0   242820   242877   244092 
%CPU %MEM ARGS Fri Sep 25 20:56:50 UTC 2026
 0.0  0.0 grep --color=auto ./cli       0  2196
88.3  3.1 ./cli kernel images/4096x40   0 254548
  PID User     Command                         Swap      USS      PSS      RSS 
28998 codespace /usr/bin/python3 /usr/bin/s        0    12036    12283    14544 
28207 codespace ./cli kernel images/4096x40        0   255716   255773   256988 
%CPU %MEM ARGS Fri Sep 25 20:56:50 UTC 2026
 0.0  0.0 grep --color=auto ./cli       0  2304
88.4  3.2 ./cli kernel images/4096x40   0 268028
  PID User     Command                         Swap      USS      PSS      RSS 
29005 codespace /usr/bin/python3 /usr/bin/s        0    12036    12265    14488 
28207 codespace ./cli kernel images/4096x40        0   269072   269129   270344 
%CPU %MEM ARGS Fri Sep 25 20:56:51 UTC 2026
 0.0  0.0 grep --color=auto ./cli       0  2208
88.5  3.4 ./cli kernel images/4096x40   0 281968
  PID User     Command                         Swap      USS      PSS      RSS 
29011 codespace /usr/bin/python3 /usr/bin/s        0    12012    12212    14424 
28207 codespace ./cli kernel images/4096x40        0   282580   282635   283852 
%CPU %MEM ARGS Fri Sep 25 20:56:51 UTC 2026
 0.0  0.0 grep --color=auto ./cli       0  2176
88.1  3.5 ./cli kernel images/4096x40   1 290868
  PID User     Command                         Swap      USS      PSS      RSS 
29028 codespace /usr/bin/python3 /usr/bin/s        0    12036    12266    14504 
28207 codespace ./cli kernel images/4096x40        0   291652   291709   292924 
%CPU %MEM ARGS Fri Sep 25 20:56:51 UTC 2026
 0.0  0.0 grep --color=auto ./cli       1  2192
88.2  3.7 ./cli kernel images/4096x40   1 303376
  PID User     Command                         Swap      USS      PSS      RSS 
29035 codespace /usr/bin/python3 /usr/bin/s        0    12040    12266    14452 
28207 codespace ./cli kernel images/4096x40        0   304388   304445   305660 
%CPU %MEM ARGS Fri Sep 25 20:56:52 UTC 2026
 0.0  0.0 grep --color=auto ./cli       1  2172
88.3  3.8 ./cli kernel images/4096x40   1 316848
  PID User     Command                         Swap      USS      PSS      RSS 
29041 codespace /usr/bin/python3 /usr/bin/s        0    12036    12267    14492 
28207 codespace ./cli kernel images/4096x40        0   317948   318005   319220 
%CPU %MEM ARGS Fri Sep 25 20:56:52 UTC 2026
 0.0  0.0 grep --color=auto ./cli       0  2236
88.3  4.0 ./cli kernel images/4096x40   0 329972
  PID User     Command                         Swap      USS      PSS      RSS 
29047 codespace /usr/bin/python3 /usr/bin/s        0    12036    12265    14488 
28207 codespace ./cli kernel images/4096x40        0   331208   331265   332480 
%CPU %MEM ARGS Fri Sep 25 20:56:52 UTC 2026
 0.0  0.0 grep --color=auto ./cli       1  2176
88.4  4.2 ./cli kernel images/4096x40   1 343188
  PID User     Command                         Swap      USS      PSS      RSS 
29053 codespace /usr/bin/python3 /usr/bin/s        0    12028    12257    14512 
28207 codespace ./cli kernel images/4096x40        0   344308   344365   345580 
%CPU %MEM ARGS Fri Sep 25 20:56:53 UTC 2026
 0.0  0.0 grep --color=auto ./cli       0  2192
88.5  4.3 ./cli kernel images/4096x40   0 356688
  PID User     Command                         Swap      USS      PSS      RSS 
29060 codespace /usr/bin/python3 /usr/bin/s        0    12040    12287    14596 
28207 codespace ./cli kernel images/4096x40        0   357776   357833   359048 
%CPU %MEM ARGS Fri Sep 25 20:56:53 UTC 2026
 0.0  0.0 grep --color=auto ./cli       1  2200
88.5  4.5 ./cli kernel images/4096x40   1 369592
  PID User     Command                         Swap      USS      PSS      RSS 
29066 codespace /usr/bin/python3 /usr/bin/s        0    12040    12269    14524 
28207 codespace ./cli kernel images/4096x40        0   370704   370761   371976 
%CPU %MEM ARGS Fri Sep 25 20:56:53 UTC 2026
 0.0  0.0 grep --color=auto ./cli       0  2304
88.5  4.6 ./cli kernel images/4096x40   1 381720
  PID User     Command                         Swap      USS      PSS      RSS 
29078 codespace /usr/bin/python3 /usr/bin/s        0    12048    12301    14564 
28207 codespace ./cli kernel images/4096x40        0   383116   383173   384388 
%CPU %MEM ARGS Fri Sep 25 20:56:53 UTC 2026
 0.0  0.0 grep --color=auto ./cli       1  2288
88.6  4.8 ./cli kernel images/4096x40   1 394592
  PID User     Command                         Swap      USS      PSS      RSS 
29085 codespace /usr/bin/python3 /usr/bin/s        0    12044    12288    14568 
28207 codespace ./cli kernel images/4096x40        0   393336   393393   394608 
%CPU %MEM ARGS Fri Sep 25 20:56:54 UTC 2026
 0.0  0.0 grep --color=auto ./cli       1  2160
88.2  4.8 ./cli kernel images/4096x40   1 394608
  PID User     Command                         Swap      USS      PSS      RSS 
29091 codespace /usr/bin/python3 /usr/bin/s        0    12036    12263    14512 
28207 codespace ./cli kernel images/4096x40        0   393336   393393   394608 
%CPU %MEM ARGS Fri Sep 25 20:56:54 UTC 2026
 0.0  0.0 grep --color=auto ./cli       0  2180
87.8  4.8 ./cli kernel images/4096x40   0 394608
  PID User     Command                         Swap      USS      PSS      RSS 
29097 codespace /usr/bin/python3 /usr/bin/s        0    12032    12255    14396 
28207 codespace ./cli kernel images/4096x40        0   393336   393393   394608 
%CPU %MEM ARGS Fri Sep 25 20:56:55 UTC 2026
 0.0  0.0 grep --color=auto ./cli       0  2340
87.5  4.8 ./cli kernel images/4096x40   1 394608
  PID User     Command                         Swap      USS      PSS      RSS 
29105 codespace /usr/bin/python3 /usr/bin/s        0    12040    12267    14452 
28207 codespace ./cli kernel images/4096x40        0   393336   393393   394608 
%CPU %MEM ARGS Fri Sep 25 20:56:55 UTC 2026
 0.0  0.0 grep --color=auto ./cli       1  2304
87.2  4.8 ./cli kernel images/4096x40   0 394608
  PID User     Command                         Swap      USS      PSS      RSS 
29111 codespace /usr/bin/python3 /usr/bin/s        0    12040    12252    14460 
28207 codespace ./cli kernel images/4096x40        0   393336   393393   394608 
%CPU %MEM ARGS Fri Sep 25 20:56:55 UTC 2026
 0.0  0.0 grep --color=auto ./cli       1  2128
86.7  4.8 ./cli kernel images/4096x40   1 394608
  PID User     Command                         Swap      USS      PSS      RSS 
29124 codespace /usr/bin/python3 /usr/bin/s        0    12040    12267    14520 
28207 codespace ./cli kernel images/4096x40        0   393336   393393   394608 
%CPU %MEM ARGS Fri Sep 25 20:56:56 UTC 2026
 0.0  0.0 grep --color=auto ./cli       0  2288
86.5  4.8 ./cli kernel images/4096x40   0 394608
  PID User     Command                         Swap      USS      PSS      RSS 
29131 codespace /usr/bin/python3 /usr/bin/s        0    12036    12266    14504 
28207 codespace ./cli kernel images/4096x40        0   393336   393393   394608 
%CPU %MEM ARGS Fri Sep 25 20:56:56 UTC 2026
 0.0  0.0 grep --color=auto ./cli       0  2304
86.0  4.8 ./cli kernel images/4096x40   1 394608
  PID User     Command                         Swap      USS      PSS      RSS 
29138 codespace /usr/bin/python3 /usr/bin/s        0    12036    12236    14452 
28207 codespace ./cli kernel images/4096x40        0   393336   393391   394608 
%CPU %MEM ARGS Fri Sep 25 20:56:57 UTC 2026
 0.0  0.0 grep --color=auto ./cli       1  2200
85.7  4.8 ./cli kernel images/4096x40   0 394608
  PID User     Command                         Swap      USS      PSS      RSS 
29151 codespace /usr/bin/python3 /usr/bin/s        0    12040    12286    14596 
28207 codespace ./cli kernel images/4096x40        0   393336   393393   394608 
%CPU %MEM ARGS Fri Sep 25 20:56:57 UTC 2026
 0.0  0.0 grep --color=auto ./cli       1  2156
85.4  4.8 ./cli kernel images/4096x40   0 394608
  PID User     Command                         Swap      USS      PSS      RSS 
29158 codespace /usr/bin/python3 /usr/bin/s        0    12044    12268    14460 
28207 codespace ./cli kernel images/4096x40        0   393336   393393   394608 
%CPU %MEM ARGS Fri Sep 25 20:56:58 UTC 2026
 0.0  0.0 grep --color=auto ./cli       1  2252
85.1  4.8 ./cli kernel images/4096x40   1 394608
  PID User     Command                         Swap      USS      PSS      RSS 
29169 codespace /usr/bin/python3 /usr/bin/s        0    12036    12281    14544 
28207 codespace ./cli kernel images/4096x40        0   393336   393393   394608 
%CPU %MEM ARGS Fri Sep 25 20:56:58 UTC 2026
 0.0  0.0 grep --color=auto ./cli       1  2172
84.9  4.8 ./cli kernel images/4096x40   0 394608
  PID User     Command                         Swap      USS      PSS      RSS 
29177 codespace /usr/bin/python3 /usr/bin/s        0    12016    12245    14468 
28207 codespace ./cli kernel images/4096x40        0   393336   393393   394608 
%CPU %MEM ARGS Fri Sep 25 20:56:58 UTC 2026
 0.0  0.0 grep --color=auto ./cli       0  2248
84.5  4.8 ./cli kernel images/4096x40   1 394608
  PID User     Command                         Swap      USS      PSS      RSS 
29192 codespace /usr/bin/python3 /usr/bin/s        0    12036    12265    14512 
28207 codespace ./cli kernel images/4096x40        0   393336   393393   394608 
%CPU %MEM ARGS Fri Sep 25 20:56:59 UTC 2026
 0.0  0.0 grep --color=auto ./cli       0  2176
84.1  4.8 ./cli kernel images/4096x40   1 394608
  PID User     Command                         Swap      USS      PSS      RSS 
29208 codespace /usr/bin/python3 /usr/bin/s        0    12036    12263    14456 
28207 codespace ./cli kernel images/4096x40        0   393336   393393   394608 
%CPU %MEM ARGS Fri Sep 25 20:56:59 UTC 2026
 0.0  0.0 grep --color=auto ./cli       0  2176
84.0  4.8 ./cli kernel images/4096x40   0 394608
  PID User     Command                         Swap      USS      PSS      RSS 
29213 codespace /usr/bin/python3 /usr/bin/s        0    12036    12260    14452 
28207 codespace ./cli kernel images/4096x40        0   393336   393393   394608 
%CPU %MEM ARGS Fri Sep 25 20:57:00 UTC 2026
 0.0  0.0 grep --color=auto ./cli       0  2344
83.7  4.8 ./cli kernel images/4096x40   0 394608
  PID User     Command                         Swap      USS      PSS      RSS 
29223 codespace /usr/bin/python3 /usr/bin/s        0    12064    12290    14472 
28207 codespace ./cli kernel images/4096x40        0   393336   393393   394608 
%CPU %MEM ARGS Fri Sep 25 20:57:00 UTC 2026
 0.0  0.0 grep --color=auto ./cli       1  2284
83.4  4.8 ./cli kernel images/4096x40   1 394608
  PID User     Command                         Swap      USS      PSS      RSS 
29233 codespace /usr/bin/python3 /usr/bin/s        0    12040    12271    14496 
28207 codespace ./cli kernel images/4096x40        0   393336   393393   394608 
%CPU %MEM ARGS Fri Sep 25 20:57:01 UTC 2026
 0.0  0.0 grep --color=auto ./cli       0  2196
83.2  4.8 ./cli kernel images/4096x40   0 394608
  PID User     Command                         Swap      USS      PSS      RSS 
29240 codespace /usr/bin/python3 /usr/bin/s        0    12036    12265    14488 
28207 codespace ./cli kernel images/4096x40        0   393336   393393   394608 
%CPU %MEM ARGS Fri Sep 25 20:57:01 UTC 2026
 0.0  0.0 grep --color=auto ./cli       1  2248
83.0  4.8 ./cli kernel images/4096x40   0 394608
  PID User     Command                         Swap      USS      PSS      RSS 
29246 codespace /usr/bin/python3 /usr/bin/s        0    12036    12265    14512 
28207 codespace ./cli kernel images/4096x40        0   393336   393393   394608 
%CPU %MEM ARGS Fri Sep 25 20:57:01 UTC 2026
 0.0  0.0 grep --color=auto ./cli       0  2180
82.9  4.8 ./cli kernel images/4096x40   0 394608
  PID User     Command                         Swap      USS      PSS      RSS 
29251 codespace /usr/bin/python3 /usr/bin/s        0    12044    12271    14452 
28207 codespace ./cli kernel images/4096x40        0   393336   393393   394608 
%CPU %MEM ARGS Fri Sep 25 20:57:02 UTC 2026
 0.0  0.0 grep --color=auto ./cli       1  2288
82.7  4.8 ./cli kernel images/4096x40   0 394608
  PID User     Command                         Swap      USS      PSS      RSS 
29258 codespace /usr/bin/python3 /usr/bin/s        0    12036    12265    14520 
28207 codespace ./cli kernel images/4096x40        0   393336   393393   394608 
%CPU %MEM ARGS Fri Sep 25 20:57:02 UTC 2026
 0.0  0.0 grep --color=auto ./cli       1  2144
82.4  4.8 ./cli kernel images/4096x40   0 394608
  PID User     Command                         Swap      USS      PSS      RSS 
29267 codespace /usr/bin/python3 /usr/bin/s        0    12040    12257    14568 
28207 codespace ./cli kernel images/4096x40        0   393336   393390   394608 
%CPU %MEM ARGS Fri Sep 25 20:57:02 UTC 2026
 0.0  0.0 grep --color=auto ./cli       1  2156
82.0  4.8 ./cli kernel images/4096x40   1 394608
  PID User     Command                         Swap      USS      PSS      RSS 
29283 codespace /usr/bin/python3 /usr/bin/s        0    12044    12271    14452 
28207 codespace ./cli kernel images/4096x40        0   393336   393393   394608 
%CPU %MEM ARGS Fri Sep 25 20:57:03 UTC 2026
 0.0  0.0 grep --color=auto ./cli       0  2292
81.8  4.8 ./cli kernel images/4096x40   1 394608
  PID User     Command                         Swap      USS      PSS      RSS 
29289 codespace /usr/bin/python3 /usr/bin/s        0    12044    12290    14568 
28207 codespace ./cli kernel images/4096x40        0   393336   393393   394608 
%CPU %MEM ARGS Fri Sep 25 20:57:03 UTC 2026
 0.0  0.0 grep --color=auto ./cli       1  2292
81.6  4.8 ./cli kernel images/4096x40   1 394608
  PID User     Command                         Swap      USS      PSS      RSS 
29295 codespace /usr/bin/python3 /usr/bin/s        0    12036    12263    14456 
28207 codespace ./cli kernel images/4096x40        0   393336   393392   394608 
%CPU %MEM ARGS Fri Sep 25 20:57:04 UTC 2026
 0.0  0.0 grep --color=auto ./cli       1  2304
81.4  4.8 ./cli kernel images/4096x40   0 394608
  PID User     Command                         Swap      USS      PSS      RSS 
29302 codespace /usr/bin/python3 /usr/bin/s        0    12036    12260    14452 
28207 codespace ./cli kernel images/4096x40        0   393336   393393   394608 
%CPU %MEM ARGS Fri Sep 25 20:57:04 UTC 2026
 0.0  0.0 grep --color=auto ./cli       1  2212
81.2  4.8 ./cli kernel images/4096x40   1 394608
  PID User     Command                         Swap      USS      PSS      RSS 
29308 codespace /usr/bin/python3 /usr/bin/s        0    12036    12266    14504 
28207 codespace ./cli kernel images/4096x40        0   393336   393393   394608 
%CPU %MEM ARGS Fri Sep 25 20:57:04 UTC 2026
 0.0  0.0 grep --color=auto ./cli       0  2308
80.9  4.8 ./cli kernel images/4096x40   0 394608
  PID User     Command                         Swap      USS      PSS      RSS 
29320 codespace /usr/bin/python3 /usr/bin/s        0    11964    12220    14456 
28207 codespace ./cli kernel images/4096x40        0   393336   393391   394608 
%CPU %MEM ARGS Fri Sep 25 20:57:05 UTC 2026
 0.0  0.0 grep --color=auto ./cli       1  2172
80.7  4.8 ./cli kernel images/4096x40   1 394608
  PID User     Command                         Swap      USS      PSS      RSS 
29327 codespace /usr/bin/python3 /usr/bin/s        0    12036    12268    14500 
28207 codespace ./cli kernel images/4096x40        0   393336   393393   394608 
%CPU %MEM ARGS Fri Sep 25 20:57:05 UTC 2026
 0.0  0.0 grep --color=auto ./cli       0  2192
80.5  4.8 ./cli kernel images/4096x40   1 394608
  PID User     Command                         Swap      USS      PSS      RSS 
29333 codespace /usr/bin/python3 /usr/bin/s        0    12044    12272    14452 
28207 codespace ./cli kernel images/4096x40        0   393336   393393   394608 
%CPU %MEM ARGS Fri Sep 25 20:57:06 UTC 2026
 0.0  0.0 grep --color=auto ./cli       1  2156
80.3  4.8 ./cli kernel images/4096x40   0 394608
  PID User     Command                         Swap      USS      PSS      RSS 
29340 codespace /usr/bin/python3 /usr/bin/s        0    12044    12271    14452 
28207 codespace ./cli kernel images/4096x40        0   393336   393393   394608 
%CPU %MEM ARGS Fri Sep 25 20:57:06 UTC 2026
 0.0  0.0 grep --color=auto ./cli       1  2160
80.2  4.8 ./cli kernel images/4096x40   0 394608
  PID User     Command                         Swap      USS      PSS      RSS 
29346 codespace /usr/bin/python3 /usr/bin/s        0    12040    12267    14452 
28207 codespace ./cli kernel images/4096x40        0   393336   393393   394608 
%CPU %MEM ARGS Fri Sep 25 20:57:06 UTC 2026
 0.0  0.0 grep --color=auto ./cli       1  2144
80.0  4.8 ./cli kernel images/4096x40   0 394608
  PID User     Command                         Swap      USS      PSS      RSS 
29352 codespace /usr/bin/python3 /usr/bin/s        0    12032    12262    14484 
28207 codespace ./cli kernel images/4096x40        0   393336   393393   394608 
%CPU %MEM ARGS Fri Sep 25 20:57:07 UTC 2026
 0.0  0.0 grep --color=auto ./cli       0  2156
79.6  4.8 ./cli kernel images/4096x40   0 394608
  PID User     Command                         Swap      USS      PSS      RSS 
29366 codespace /usr/bin/python3 /usr/bin/s        0    12036    12261    14444 
28207 codespace ./cli kernel images/4096x40        0   393336   393393   394608 
%CPU %MEM ARGS Fri Sep 25 20:57:07 UTC 2026
 0.0  0.0 grep --color=auto ./cli       1  2248
79.5  4.8 ./cli kernel images/4096x40   0 394608
  PID User     Command                         Swap      USS      PSS      RSS 
29372 codespace /usr/bin/python3 /usr/bin/s        0    12036    12281    14544 
28207 codespace ./cli kernel images/4096x40        0   393336   393393   394608 
%CPU %MEM ARGS Fri Sep 25 20:57:08 UTC 2026
 0.0  0.0 grep --color=auto ./cli       0  2184
79.1  4.8 ./cli kernel images/4096x40   0 394608
  PID User     Command                         Swap      USS      PSS      RSS 
29385 codespace /usr/bin/python3 /usr/bin/s        0    12036    12253    14440 
28207 codespace ./cli kernel images/4096x40        0   393336   393393   394608 
%CPU %MEM ARGS Fri Sep 25 20:57:08 UTC 2026
 0.0  0.0 grep --color=auto ./cli       0  2252
78.9  4.8 ./cli kernel images/4096x40   0 394608
  PID User     Command                         Swap      USS      PSS      RSS 
29392 codespace /usr/bin/python3 /usr/bin/s        0    12040    12265    14452 
28207 codespace ./cli kernel images/4096x40        0   393336   393393   394608 
%CPU %MEM ARGS Fri Sep 25 20:57:09 UTC 2026
 0.0  0.0 grep --color=auto ./cli       1  2164
78.8  4.8 ./cli kernel images/4096x40   0 394608
  PID User     Command                         Swap      USS      PSS      RSS 
29399 codespace /usr/bin/python3 /usr/bin/s        0    12036    12237    14456 
28207 codespace ./cli kernel images/4096x40        0   393336   393387   394608 
%CPU %MEM ARGS Fri Sep 25 20:57:09 UTC 2026
 0.0  0.0 grep --color=auto ./cli       1  2248
78.4  4.8 ./cli kernel images/4096x40   0 394608
  PID User     Command                         Swap      USS      PSS      RSS 
29427 codespace /usr/bin/python3 /usr/bin/s        0    12036    12261    14448 
28207 codespace ./cli kernel images/4096x40        0   393336   393393   394608 
%CPU %MEM ARGS Fri Sep 25 20:57:10 UTC 2026
 0.0  0.0 grep --color=auto ./cli       0  2184
78.2  4.8 ./cli kernel images/4096x40   0 394608
  PID User     Command                         Swap      USS      PSS      RSS 
29436 codespace /usr/bin/python3 /usr/bin/s        0    12032    12263    14516 
28207 codespace ./cli kernel images/4096x40        0   393336   393393   394608 
%CPU %MEM ARGS Fri Sep 25 20:57:10 UTC 2026
 0.0  0.0 grep --color=auto ./cli       0  2196
78.0  4.8 ./cli kernel images/4096x40   0 394608
  PID User     Command                         Swap      USS      PSS      RSS 
29443 codespace /usr/bin/python3 /usr/bin/s        0    12036    12264    14456 
28207 codespace ./cli kernel images/4096x40        0   393336   393393   394608 
%CPU %MEM ARGS Fri Sep 25 20:57:10 UTC 2026
 0.0  0.0 grep --color=auto ./cli       0  2156
77.9  4.8 ./cli kernel images/4096x40   0 394608
  PID User     Command                         Swap      USS      PSS      RSS 
29449 codespace /usr/bin/python3 /usr/bin/s        0    12036    12262    14452 
28207 codespace ./cli kernel images/4096x40        0   393336   393393   394608 
%CPU %MEM ARGS Fri Sep 25 20:57:11 UTC 2026
 0.0  0.0 grep --color=auto ./cli       0  2204
77.7  4.8 ./cli kernel images/4096x40   0 394608
  PID User     Command                         Swap      USS      PSS      RSS 
29456 codespace /usr/bin/python3 /usr/bin/s        0    12060    12287    14512 
28207 codespace ./cli kernel images/4096x40        0   393336   393393   394608 
%CPU %MEM ARGS Fri Sep 25 20:57:11 UTC 2026
 0.0  0.0 grep --color=auto ./cli       0  2164
77.6  4.8 ./cli kernel images/4096x40   1 394608
  PID User     Command                         Swap      USS      PSS      RSS 
29462 codespace /usr/bin/python3 /usr/bin/s        0    11976    12234    14460 
28207 codespace ./cli kernel images/4096x40        0   393336   393393   394608 
%CPU %MEM ARGS Fri Sep 25 20:57:12 UTC 2026
 0.0  0.0 grep --color=auto ./cli       0  2256
77.3  4.8 ./cli kernel images/4096x40   1 394608
  PID User     Command                         Swap      USS      PSS      RSS 
29475 codespace /usr/bin/python3 /usr/bin/s        0    12044    12297    14564 
28207 codespace ./cli kernel images/4096x40        0   393336   393393   394608 
%CPU %MEM ARGS Fri Sep 25 20:57:12 UTC 2026
 0.0  0.0 grep --color=auto ./cli       0  2164
77.1  4.8 ./cli kernel images/4096x40   0 394608
  PID User     Command                         Swap      USS      PSS      RSS 
29482 codespace /usr/bin/python3 /usr/bin/s        0    12036    12280    14564 
28207 codespace ./cli kernel images/4096x40        0   393336   393393   394608 
%CPU %MEM ARGS Fri Sep 25 20:57:12 UTC 2026
 0.0  0.0 grep --color=auto ./cli       0  2156
77.0  4.8 ./cli kernel images/4096x40   1 394608
  PID User     Command                         Swap      USS      PSS      RSS 
29489 codespace /usr/bin/python3 /usr/bin/s        0    12032    12263    14500 
28207 codespace ./cli kernel images/4096x40        0   393336   393393   394608 
%CPU %MEM ARGS Fri Sep 25 20:57:13 UTC 2026
 0.0  0.0 grep --color=auto ./cli       0  2340
76.9  4.8 ./cli kernel images/4096x40   0 394608
  PID User     Command                         Swap      USS      PSS      RSS 
29496 codespace /usr/bin/python3 /usr/bin/s        0    12032    12262    14508 
28207 codespace ./cli kernel images/4096x40        0   393336   393393   394608 
%CPU %MEM ARGS Fri Sep 25 20:57:13 UTC 2026
 0.0  0.0 grep --color=auto ./cli       0  2192
76.7  4.8 ./cli kernel images/4096x40   1 394608
  PID User     Command                         Swap      USS      PSS      RSS 
29507 codespace /usr/bin/python3 /usr/bin/s        0    12040    12268    14492 
28207 codespace ./cli kernel images/4096x40        0   393336   393393   394608 
%CPU %MEM ARGS Fri Sep 25 20:57:14 UTC 2026
 0.0  0.0 grep --color=auto ./cli       1  2152
76.5  4.8 ./cli kernel images/4096x40   0 394608
  PID User     Command                         Swap      USS      PSS      RSS 
29522 codespace /usr/bin/python3 /usr/bin/s        0    12036    12269    14504 
28207 codespace ./cli kernel images/4096x40        0   393336   393393   394608 
%CPU %MEM ARGS Fri Sep 25 20:57:14 UTC 2026
 0.0  0.0 grep --color=auto ./cli       1  2200
76.4  4.8 ./cli kernel images/4096x40   0 394608
  PID User     Command                         Swap      USS      PSS      RSS 
29528 codespace /usr/bin/python3 /usr/bin/s        0    12036    12269    14504 
28207 codespace ./cli kernel images/4096x40        0   393336   393393   394608 
%CPU %MEM ARGS Fri Sep 25 20:57:15 UTC 2026
 0.0  0.0 grep --color=auto ./cli       0  2160
76.3  4.8 ./cli kernel images/4096x40   0 394608
  PID User     Command                         Swap      USS      PSS      RSS 
29535 codespace /usr/bin/python3 /usr/bin/s        0    12036    12263    14452 
28207 codespace ./cli kernel images/4096x40        0   393336   393393   394608 
%CPU %MEM ARGS Fri Sep 25 20:57:15 UTC 2026
 0.0  0.0 grep --color=auto ./cli       0  2156
76.1  4.8 ./cli kernel images/4096x40   1 394608
  PID User     Command                         Swap      USS      PSS      RSS 
29541 codespace /usr/bin/python3 /usr/bin/s        0    12036    12267    14504 
28207 codespace ./cli kernel images/4096x40        0   393336   393393   394608 
%CPU %MEM ARGS Fri Sep 25 20:57:15 UTC 2026
 0.0  0.0 grep --color=auto ./cli       1  2172
76.1  4.8 ./cli kernel images/4096x40   0 394608
  PID User     Command                         Swap      USS      PSS      RSS 
29546 codespace /usr/bin/python3 /usr/bin/s        0    12040    12273    14496 
28207 codespace ./cli kernel images/4096x40        0   393336   393393   394608 
%CPU %MEM ARGS Fri Sep 25 20:57:16 UTC 2026
 0.0  0.0 grep --color=auto ./cli       0  2304
76.0  4.8 ./cli kernel images/4096x40   1 394608
  PID User     Command                         Swap      USS      PSS      RSS 
29554 codespace /usr/bin/python3 /usr/bin/s        0    11968    12228    14452 
28207 codespace ./cli kernel images/4096x40        0   393336   393393   394608 
%CPU %MEM ARGS Fri Sep 25 20:57:16 UTC 2026
 0.0  0.0 grep --color=auto ./cli       0  2156
75.8  4.8 ./cli kernel images/4096x40   0 394608
  PID User     Command                         Swap      USS      PSS      RSS 
29566 codespace /usr/bin/python3 /usr/bin/s        0    12036    12283    14596 
28207 codespace ./cli kernel images/4096x40        0   393336   393393   394608 
%CPU %MEM ARGS Fri Sep 25 20:57:17 UTC 2026
 0.0  0.0 grep --color=auto ./cli       0  2156
75.7  4.8 ./cli kernel images/4096x40   0 394608
  PID User     Command                         Swap      USS      PSS      RSS 
29574 codespace /usr/bin/python3 /usr/bin/s        0    12036    12265    14512 
28207 codespace ./cli kernel images/4096x40        0   393336   393393   394608 
%CPU %MEM ARGS Fri Sep 25 20:57:17 UTC 2026
 0.0  0.0 grep --color=auto ./cli       1  2156
75.6  4.8 ./cli kernel images/4096x40   0 394608
  PID User     Command                         Swap      USS      PSS      RSS 
29580 codespace /usr/bin/python3 /usr/bin/s        0    12036    12267    14492 
28207 codespace ./cli kernel images/4096x40        0   393336   393393   394608 
%CPU %MEM ARGS Fri Sep 25 20:57:17 UTC 2026
 0.0  0.0 grep --color=auto ./cli       1  2196
75.5  4.8 ./cli kernel images/4096x40   0 394608
  PID User     Command                         Swap      USS      PSS      RSS 
29586 codespace /usr/bin/python3 /usr/bin/s        0    12036    12267    14484 
28207 codespace ./cli kernel images/4096x40        0   393336   393393   394608 
%CPU %MEM ARGS Fri Sep 25 20:57:18 UTC 2026
 0.0  0.0 grep --color=auto ./cli       0  2180
75.4  4.8 ./cli kernel images/4096x40   1 394608
  PID User     Command                         Swap      USS      PSS      RSS 
29592 codespace /usr/bin/python3 /usr/bin/s        0    12040    12269    14452 
28207 codespace ./cli kernel images/4096x40        0   393336   393393   394608 
%CPU %MEM ARGS Fri Sep 25 20:57:18 UTC 2026
 0.0  0.0 grep --color=auto ./cli       1  2192
75.3  4.8 ./cli kernel images/4096x40   1 394608
  PID User     Command                         Swap      USS      PSS      RSS 
29599 codespace /usr/bin/python3 /usr/bin/s        0    12036    12250    14424 
28207 codespace ./cli kernel images/4096x40        0   393336   393392   394608 
%CPU %MEM ARGS Fri Sep 25 20:57:19 UTC 2026
 0.0  0.0 grep --color=auto ./cli       0  2164
75.1  4.8 ./cli kernel images/4096x40   0 394608
  PID User     Command                         Swap      USS      PSS      RSS 
29611 codespace /usr/bin/python3 /usr/bin/s        0    12032    12263    14512 
28207 codespace ./cli kernel images/4096x40        0   393336   393393   394608 
%CPU %MEM ARGS Fri Sep 25 20:57:19 UTC 2026
 0.0  0.0 grep --color=auto ./cli       0  2212
75.0  4.8 ./cli kernel images/4096x40   1 394608
  PID User     Command                         Swap      USS      PSS      RSS 
29624 codespace /usr/bin/python3 /usr/bin/s        0    12036    12263    14452 
28207 codespace ./cli kernel images/4096x40        0   393336   393391   394608 
%CPU %MEM ARGS Fri Sep 25 20:57:19 UTC 2026
 0.0  0.0 grep --color=auto ./cli       0  2340
74.7  4.8 ./cli kernel images/4096x40   1 394608
  PID User     Command                         Swap      USS      PSS      RSS 
29643 codespace /usr/bin/python3 /usr/bin/s        0    12048    12300    14564 
28207 codespace ./cli kernel images/4096x40        0   393336   393393   394608 
%CPU %MEM ARGS Fri Sep 25 20:57:20 UTC 2026
 0.0  0.0 grep --color=auto ./cli       0  2156
74.5  4.8 ./cli kernel images/4096x40   1 394608
  PID User     Command                         Swap      USS      PSS      RSS 
29656 codespace /usr/bin/python3 /usr/bin/s        0    12040    12284    14596 
28207 codespace ./cli kernel images/4096x40        0   393336   393393   394608 
%CPU %MEM ARGS Fri Sep 25 20:57:20 UTC 2026
 0.0  0.0 grep --color=auto ./cli       1  2288
74.4  4.8 ./cli kernel images/4096x40   0 394608
  PID User     Command                         Swap      USS      PSS      RSS 
29662 codespace /usr/bin/python3 /usr/bin/s        0    12036    12269    14492 
28207 codespace ./cli kernel images/4096x40        0   393336   393393   394608 
%CPU %MEM ARGS Fri Sep 25 20:57:21 UTC 2026
 0.0  0.0 grep --color=auto ./cli       1  2200
74.2  4.8 ./cli kernel images/4096x40   0 394608
  PID User     Command                         Swap      USS      PSS      RSS 
29676 codespace /usr/bin/python3 /usr/bin/s        0    12036    12266    14516 
28207 codespace ./cli kernel images/4096x40        0   393336   393393   394608 
%CPU %MEM ARGS Fri Sep 25 20:57:21 UTC 2026
 0.0  0.0 grep --color=auto ./cli       1  2184
74.1  4.8 ./cli kernel images/4096x40   0 394608
  PID User     Command                         Swap      USS      PSS      RSS 
29683 codespace /usr/bin/python3 /usr/bin/s        0    12036    12265    14452 
28207 codespace ./cli kernel images/4096x40        0   393336   393393   394608 
%CPU %MEM ARGS Fri Sep 25 20:57:22 UTC 2026
 0.0  0.0 grep --color=auto ./cli       1  2168
74.0  4.8 ./cli kernel images/4096x40   1 394608
  PID User     Command                         Swap      USS      PSS      RSS 
29690 codespace /usr/bin/python3 /usr/bin/s        0    12036    12271    14488 
28207 codespace ./cli kernel images/4096x40        0   393336   393393   394608 
%CPU %MEM ARGS Fri Sep 25 20:57:22 UTC 2026
 0.0  0.0 grep --color=auto ./cli       1  2176
73.9  4.8 ./cli kernel images/4096x40   0 394608
  PID User     Command                         Swap      USS      PSS      RSS 
29696 codespace /usr/bin/python3 /usr/bin/s        0    12036    12255    14424 
28207 codespace ./cli kernel images/4096x40        0   393336   393393   394608 
%CPU %MEM ARGS Fri Sep 25 20:57:23 UTC 2026
 0.0  0.0 grep --color=auto ./cli       0  2252
73.8  4.8 ./cli kernel images/4096x40   1 394608
  PID User     Command                         Swap      USS      PSS      RSS 
29702 codespace /usr/bin/python3 /usr/bin/s        0    12036    12264    14492 
28207 codespace ./cli kernel images/4096x40        0   393336   393393   394608 
%CPU %MEM ARGS Fri Sep 25 20:57:23 UTC 2026
 0.0  0.0 grep --color=auto ./cli       0  2240
73.7  4.8 ./cli kernel images/4096x40   1 394608
  PID User     Command                         Swap      USS      PSS      RSS 
29711 codespace /usr/bin/python3 /usr/bin/s        0    11976    12212    14428 
28207 codespace ./cli kernel images/4096x40        0   393336   393393   394608 
%CPU %MEM ARGS Fri Sep 25 20:57:23 UTC 2026
 0.0  0.0 grep --color=auto ./cli       1  2204
73.6  4.8 ./cli kernel images/4096x40   0 394608
  PID User     Command                         Swap      USS      PSS      RSS 
29721 codespace /usr/bin/python3 /usr/bin/s        0    12044    12292    14568 
28207 codespace ./cli kernel images/4096x40        0   393336   393393   394608 
%CPU %MEM ARGS Fri Sep 25 20:57:24 UTC 2026
 0.0  0.0 grep --color=auto ./cli       1  2200
73.5  4.8 ./cli kernel images/4096x40   1 394608
  PID User     Command                         Swap      USS      PSS      RSS 
29729 codespace /usr/bin/python3 /usr/bin/s        0    12040    12270    14524 
28207 codespace ./cli kernel images/4096x40        0   393336   393393   394608 
%CPU %MEM ARGS Fri Sep 25 20:57:24 UTC 2026
 0.0  0.0 grep --color=auto ./cli       0  2184
73.4  4.8 ./cli kernel images/4096x40   1 394608
  PID User     Command                         Swap      USS      PSS      RSS 
29735 codespace /usr/bin/python3 /usr/bin/s        0    12036    12262    14452 
28207 codespace ./cli kernel images/4096x40        0   393336   393393   394608 
%CPU %MEM ARGS Fri Sep 25 20:57:25 UTC 2026
 0.0  0.0 grep --color=auto ./cli       1  2172
73.3  4.8 ./cli kernel images/4096x40   0 394608
  PID User     Command                         Swap      USS      PSS      RSS 
29741 codespace /usr/bin/python3 /usr/bin/s        0    12032    12241    14492 
28207 codespace ./cli kernel images/4096x40        0   393336   393391   394608 
%CPU %MEM ARGS Fri Sep 25 20:57:25 UTC 2026
 0.0  0.0 grep --color=auto ./cli       0  2292
73.1  4.8 ./cli kernel images/4096x40   1 394608
  PID User     Command                         Swap      USS      PSS      RSS 
29754 codespace /usr/bin/python3 /usr/bin/s        0    12036    12266    14512 
28207 codespace ./cli kernel images/4096x40        0   393336   393393   394608 
%CPU %MEM ARGS Fri Sep 25 20:57:25 UTC 2026
 0.0  0.0 grep --color=auto ./cli       1  2152
73.0  4.8 ./cli kernel images/4096x40   0 394608
  PID User     Command                         Swap      USS      PSS      RSS 
29766 codespace /usr/bin/python3 /usr/bin/s        0    12028    12276    14552 
28207 codespace ./cli kernel images/4096x40        0   393336   393393   394608 
%CPU %MEM ARGS Fri Sep 25 20:57:26 UTC 2026
 0.0  0.0 grep --color=auto ./cli       1  2208
73.0  4.8 ./cli kernel images/4096x40   1 394608
  PID User     Command                         Swap      USS      PSS      RSS 
29772 codespace /usr/bin/python3 /usr/bin/s        0    12036    12271    14488 
28207 codespace ./cli kernel images/4096x40        0   393336   393393   394608 
%CPU %MEM ARGS Fri Sep 25 20:57:26 UTC 2026
 0.0  0.0 grep --color=auto ./cli       1  2160
72.9  4.8 ./cli kernel images/4096x40   1 394608
  PID User     Command                         Swap      USS      PSS      RSS 
29779 codespace /usr/bin/python3 /usr/bin/s        0    12044    12292    14568 
28207 codespace ./cli kernel images/4096x40        0   393336   393391   394608 
%CPU %MEM ARGS Fri Sep 25 20:57:27 UTC 2026
 0.0  0.0 grep --color=auto ./cli       1  2160
72.8  4.8 ./cli kernel images/4096x40   0 394608
  PID User     Command                         Swap      USS      PSS      RSS 
29786 codespace /usr/bin/python3 /usr/bin/s        0    12044    12271    14452 
28207 codespace ./cli kernel images/4096x40        0   393336   393393   394608 
%CPU %MEM ARGS Fri Sep 25 20:57:27 UTC 2026
 0.0  0.0 grep --color=auto ./cli       1  2156
72.7  4.8 ./cli kernel images/4096x40   1 394608
  PID User     Command                         Swap      USS      PSS      RSS 
29792 codespace /usr/bin/python3 /usr/bin/s        0    12040    12270    14456 
28207 codespace ./cli kernel images/4096x40        0   393336   393393   394608 
%CPU %MEM ARGS Fri Sep 25 20:57:28 UTC 2026
 0.0  0.0 grep --color=auto ./cli       0  2168
72.5  4.8 ./cli kernel images/4096x40   1 394608
  PID User     Command                         Swap      USS      PSS      RSS 
29802 codespace /usr/bin/python3 /usr/bin/s        0    12036    12270    14492 
28207 codespace ./cli kernel images/4096x40        0   393336   393393   394608 
%CPU %MEM ARGS Fri Sep 25 20:57:28 UTC 2026
 0.0  0.0 grep --color=auto ./cli       0  2252
72.4  4.8 ./cli kernel images/4096x40   0 394608
  PID User     Command                         Swap      USS      PSS      RSS 
29812 codespace /usr/bin/python3 /usr/bin/s        0    12036    12290    14552 
28207 codespace ./cli kernel images/4096x40        0   393336   393393   394608 
%CPU %MEM ARGS Fri Sep 25 20:57:28 UTC 2026
 0.0  0.0 grep --color=auto ./cli       0  2292
72.4  4.8 ./cli kernel images/4096x40   1 394608
  PID User     Command                         Swap      USS      PSS      RSS 
29817 codespace /usr/bin/python3 /usr/bin/s        0    12036    12268    14504 
28207 codespace ./cli kernel images/4096x40        0   393336   393393   394608 
%CPU %MEM ARGS Fri Sep 25 20:57:29 UTC 2026
 0.0  0.0 grep --color=auto ./cli       0  2304
72.2  4.8 ./cli kernel images/4096x40   1 394608
  PID User     Command                         Swap      USS      PSS      RSS 
29824 codespace /usr/bin/python3 /usr/bin/s        0    12036    12263    14512 
28207 codespace ./cli kernel images/4096x40        0   393336   393393   394608 
%CPU %MEM ARGS Fri Sep 25 20:57:29 UTC 2026
 0.0  0.0 grep --color=auto ./cli       1  2152
72.1  4.8 ./cli kernel images/4096x40   0 394608
  PID User     Command                         Swap      USS      PSS      RSS 
29830 codespace /usr/bin/python3 /usr/bin/s        0    12048    12301    14564 
28207 codespace ./cli kernel images/4096x40        0   393336   393393   394608 
%CPU %MEM ARGS Fri Sep 25 20:57:30 UTC 2026
 0.0  0.0 grep --color=auto ./cli       0  2304
72.1  4.8 ./cli kernel images/4096x40   1 394608
  PID User     Command                         Swap      USS      PSS      RSS 
29836 codespace /usr/bin/python3 /usr/bin/s        0    12040    12286    14596 
28207 codespace ./cli kernel images/4096x40        0   393336   393393   394608 
%CPU %MEM ARGS Fri Sep 25 20:57:30 UTC 2026
 0.0  0.0 grep --color=auto ./cli       0  2248
71.9  4.8 ./cli kernel images/4096x40   0 394608
  PID User     Command                         Swap      USS      PSS      RSS 
29855 codespace /usr/bin/python3 /usr/bin/s        0    12040    12288    14596 
28207 codespace ./cli kernel images/4096x40        0   393336   393393   394608 
%CPU %MEM ARGS Fri Sep 25 20:57:30 UTC 2026
 0.0  0.0 grep --color=auto ./cli       1  2176
71.7  4.8 ./cli kernel images/4096x40   0 394608
  PID User     Command                         Swap      USS      PSS      RSS 
29878 codespace /usr/bin/python3 /usr/bin/s        0    12040    12267    14460 
28207 codespace ./cli kernel images/4096x40        0   393336   393393   394608 
%CPU %MEM ARGS Fri Sep 25 20:57:31 UTC 2026
 0.0  0.0 grep --color=auto ./cli       1  2180
71.6  4.8 ./cli kernel images/4096x40   0 394608
  PID User     Command                         Swap      USS      PSS      RSS 
29885 codespace /usr/bin/python3 /usr/bin/s        0    12036    12250    14424 
28207 codespace ./cli kernel images/4096x40        0   393336   393393   394608 
%CPU %MEM ARGS Fri Sep 25 20:57:31 UTC 2026
 0.0  0.0 grep --color=auto ./cli       0  2288
71.6  4.8 ./cli kernel images/4096x40   0 394608
  PID User     Command                         Swap      USS      PSS      RSS 
29891 codespace /usr/bin/python3 /usr/bin/s        0    12040    12266    14452 
28207 codespace ./cli kernel images/4096x40        0   393336   393392   394608 
%CPU %MEM ARGS Fri Sep 25 20:57:32 UTC 2026
 0.0  0.0 grep --color=auto ./cli       0  2200
71.5  4.8 ./cli kernel images/4096x40   1 394608
  PID User     Command                         Swap      USS      PSS      RSS 
29897 codespace /usr/bin/python3 /usr/bin/s        0    12036    12255    14400 
28207 codespace ./cli kernel images/4096x40        0   393336   393392   394608 
%CPU %MEM ARGS Fri Sep 25 20:57:32 UTC 2026
 0.0  0.0 grep --color=auto ./cli       1  2200
71.5  4.8 ./cli kernel images/4096x40   0 394608
  PID User     Command                         Swap      USS      PSS      RSS 
29905 codespace /usr/bin/python3 /usr/bin/s        0    12036    12264    14512 
28207 codespace ./cli kernel images/4096x40        0   393336   393392   394608 
%CPU %MEM ARGS Fri Sep 25 20:57:32 UTC 2026
 0.0  0.0 grep --color=auto ./cli       1  2248
71.4  4.8 ./cli kernel images/4096x40   0 394608
  PID User     Command                         Swap      USS      PSS      RSS 
29917 codespace /usr/bin/python3 /usr/bin/s        0    12036    12261    14452 
28207 codespace ./cli kernel images/4096x40        0   393336   393393   394608 
%CPU %MEM ARGS Fri Sep 25 20:57:33 UTC 2026
 0.0  0.0 grep --color=auto ./cli       1  2208
71.3  4.8 ./cli kernel images/4096x40   0 394608
  PID User     Command                         Swap      USS      PSS      RSS 
29924 codespace /usr/bin/python3 /usr/bin/s        0    12040    12270    14516 
28207 codespace ./cli kernel images/4096x40        0   393336   393393   394608 
%CPU %MEM ARGS Fri Sep 25 20:57:33 UTC 2026
 0.0  0.0 grep --color=auto ./cli       1  2168
71.3  4.8 ./cli kernel images/4096x40   0 394608
  PID User     Command                         Swap      USS      PSS      RSS 
29929 codespace /usr/bin/python3 /usr/bin/s        0    12036    12281    14544 
28207 codespace ./cli kernel images/4096x40        0   393336   393393   394608 
%CPU %MEM ARGS Fri Sep 25 20:57:34 UTC 2026
 0.0  0.0 grep --color=auto ./cli       1  2160
71.2  4.8 ./cli kernel images/4096x40   0 394608
  PID User     Command                         Swap      USS      PSS      RSS 
29934 codespace /usr/bin/python3 /usr/bin/s        0    12040    12289    14596 
28207 codespace ./cli kernel images/4096x40        0   393336   393393   394608 
%CPU %MEM ARGS Fri Sep 25 20:57:34 UTC 2026
 0.0  0.0 grep --color=auto ./cli       0  2180
71.3  4.8 ./cli kernel images/4096x40   1 394608
  PID User     Command                         Swap      USS      PSS      RSS 
29940 codespace /usr/bin/python3 /usr/bin/s        0    12044    12269    14452 
28207 codespace ./cli kernel images/4096x40        0   393336   393393   394608 
%CPU %MEM ARGS Fri Sep 25 20:57:34 UTC 2026
 0.0  0.0 grep --color=auto ./cli       0  2292
71.2  4.8 ./cli kernel images/4096x40   1 394608
  PID User     Command                         Swap      USS      PSS      RSS 
29949 codespace /usr/bin/python3 /usr/bin/s        0    12032    12264    14460 
28207 codespace ./cli kernel images/4096x40        0   393336   393392   394608 
%CPU %MEM ARGS Fri Sep 25 20:57:35 UTC 2026
 0.0  0.0 grep --color=auto ./cli       0  2184
71.2  4.8 ./cli kernel images/4096x40   1 394608
  PID User     Command                         Swap      USS      PSS      RSS 
29959 codespace /usr/bin/python3 /usr/bin/s        0    12000    12225    14416 
28207 codespace ./cli kernel images/4096x40        0   393336   393393   394608 
%CPU %MEM ARGS Fri Sep 25 20:57:35 UTC 2026
 0.0  0.0 grep --color=auto ./cli       0  2208
71.1  4.8 ./cli kernel images/4096x40   1 394608
  PID User     Command                         Swap      USS      PSS      RSS 
29964 codespace /usr/bin/python3 /usr/bin/s        0    12036    12263    14480 
28207 codespace ./cli kernel images/4096x40        0   393336   393393   394608 
%CPU %MEM ARGS Fri Sep 25 20:57:35 UTC 2026
 0.0  0.0 grep --color=auto ./cli       0  2200
71.1  4.8 ./cli kernel images/4096x40   0 394608
  PID User     Command                         Swap      USS      PSS      RSS 
29969 codespace /usr/bin/python3 /usr/bin/s        0    12036    12269    14488 
28207 codespace ./cli kernel images/4096x40        0   393336   393393   394608 
%CPU %MEM ARGS Fri Sep 25 20:57:36 UTC 2026
 0.0  0.0 grep --color=auto ./cli       1  2208
71.0  4.8 ./cli kernel images/4096x40   0 394608
  PID User     Command                         Swap      USS      PSS      RSS 
29975 codespace /usr/bin/python3 /usr/bin/s        0    12032    12232    14456 
28207 codespace ./cli kernel images/4096x40        0   393336   393391   394608 
%CPU %MEM ARGS Fri Sep 25 20:57:36 UTC 2026
 0.0  0.0 grep --color=auto ./cli       0  2248
71.0  4.8 ./cli kernel images/4096x40   1 394608
  PID User     Command                         Swap      USS      PSS      RSS 
29986 codespace /usr/bin/python3 /usr/bin/s        0    12032    12239    14484 
28207 codespace ./cli kernel images/4096x40        0   393336   393389   394608 
%CPU %MEM ARGS Fri Sep 25 20:57:37 UTC 2026
 0.0  0.0 grep --color=auto ./cli       0  2132
70.9  4.8 ./cli kernel images/4096x40   1 394608
  PID User     Command                         Swap      USS      PSS      RSS 
29998 codespace /usr/bin/python3 /usr/bin/s        0    12036    12266    14512 
28207 codespace ./cli kernel images/4096x40        0   393336   393393   394608 
%CPU %MEM ARGS Fri Sep 25 20:57:37 UTC 2026
 0.0  0.0 grep --color=auto ./cli       0  2288
70.9  4.8 ./cli kernel images/4096x40   1 394608
  PID User     Command                         Swap      USS      PSS      RSS 
30004 codespace /usr/bin/python3 /usr/bin/s        0    12036    12266    14512 
28207 codespace ./cli kernel images/4096x40        0   393336   393393   394608 
%CPU %MEM ARGS Fri Sep 25 20:57:37 UTC 2026
 0.0  0.0 grep --color=auto ./cli       0  2208
70.8  4.8 ./cli kernel images/4096x40   0 394608
  PID User     Command                         Swap      USS      PSS      RSS 
30010 codespace /usr/bin/python3 /usr/bin/s        0    12044    12271    14452 
28207 codespace ./cli kernel images/4096x40        0   393336   393393   394608 
%CPU %MEM ARGS Fri Sep 25 20:57:38 UTC 2026
 0.0  0.0 grep --color=auto ./cli       1  2248
70.8  4.8 ./cli kernel images/4096x40   0 394608
  PID User     Command                         Swap      USS      PSS      RSS 
30016 codespace /usr/bin/python3 /usr/bin/s        0    12036    12262    14452 
28207 codespace ./cli kernel images/4096x40        0   393336   393393   394608 
%CPU %MEM ARGS Fri Sep 25 20:57:38 UTC 2026
 0.0  0.0 grep --color=auto ./cli       1  2252
70.8  4.8 ./cli kernel images/4096x40   0 394608
  PID User     Command                         Swap      USS      PSS      RSS 
30021 codespace /usr/bin/python3 /usr/bin/s        0    12032    12266    14500 
28207 codespace ./cli kernel images/4096x40        0   393336   393393   394608 
%CPU %MEM ARGS Fri Sep 25 20:57:38 UTC 2026
 0.0  0.0 grep --color=auto ./cli       0  2184
70.8  4.8 ./cli kernel images/4096x40   1 394608
  PID User     Command                         Swap      USS      PSS      RSS 
30026 codespace /usr/bin/python3 /usr/bin/s        0    12036    12270    14504 
28207 codespace ./cli kernel images/4096x40        0   393336   393393   394608 
%CPU %MEM ARGS Fri Sep 25 20:57:39 UTC 2026
 0.0  0.0 grep --color=auto ./cli       1  2300
70.7  4.8 ./cli kernel images/4096x40   1 394608
  PID User     Command                         Swap      USS      PSS      RSS 
30035 codespace /usr/bin/python3 /usr/bin/s        0    12040    12267    14452 
28207 codespace ./cli kernel images/4096x40        0   393336   393393   394608 
%CPU %MEM ARGS Fri Sep 25 20:57:39 UTC 2026
 0.0  0.0 grep --color=auto ./cli       1  2208
70.7  4.8 ./cli kernel images/4096x40   0 394608
  PID User     Command                         Swap      USS      PSS      RSS 
30043 codespace /usr/bin/python3 /usr/bin/s        0    12048    12301    14564 
28207 codespace ./cli kernel images/4096x40        0   393336   393393   394608 
%CPU %MEM ARGS Fri Sep 25 20:57:40 UTC 2026
 0.0  0.0 grep --color=auto ./cli       0  2156
70.7  4.8 ./cli kernel images/4096x40   0 394608
  PID User     Command                         Swap      USS      PSS      RSS 
30049 codespace /usr/bin/python3 /usr/bin/s        0    12036    12282    14568 
28207 codespace ./cli kernel images/4096x40        0   393336   393393   394608 
%CPU %MEM ARGS Fri Sep 25 20:57:40 UTC 2026
 0.0  0.0 grep --color=auto ./cli       1  2204
70.7  4.8 ./cli kernel images/4096x40   1 394608
  PID User     Command                         Swap      USS      PSS      RSS 
30055 codespace /usr/bin/python3 /usr/bin/s        0    12048    12277    14456 
28207 codespace ./cli kernel images/4096x40        0   393336   393393   394608 
%CPU %MEM ARGS Fri Sep 25 20:57:40 UTC 2026
 0.0  0.0 grep --color=auto ./cli       1  2156
70.6  4.8 ./cli kernel images/4096x40   0 394608
  PID User     Command                         Swap      USS      PSS      RSS 
30066 codespace /usr/bin/python3 /usr/bin/s        0    12036    12262    14512 
28207 codespace ./cli kernel images/4096x40        0   393336   393391   394608 
%CPU %MEM ARGS Fri Sep 25 20:57:41 UTC 2026
 0.0  0.0 grep --color=auto ./cli       0  2288
70.5  4.8 ./cli kernel images/4096x40   0 394608
  PID User     Command                         Swap      USS      PSS      RSS 
30087 codespace /usr/bin/python3 /usr/bin/s        0    12036    12266    14520 
28207 codespace ./cli kernel images/4096x40        0   393336   393393   394608 
%CPU %MEM ARGS Fri Sep 25 20:57:41 UTC 2026
 0.0  0.0 grep --color=auto ./cli       1  2180
70.4  4.8 ./cli kernel images/4096x40   0 394608
  PID User     Command                         Swap      USS      PSS      RSS 
30095 codespace /usr/bin/python3 /usr/bin/s        0    12000    12207    14456 
28207 codespace ./cli kernel images/4096x40        0   393336   393391   394608 
%CPU %MEM ARGS Fri Sep 25 20:57:42 UTC 2026
 0.0  0.0 grep --color=auto ./cli       0  2168
70.4  4.8 ./cli kernel images/4096x40   1 394608
  PID User     Command                         Swap      USS      PSS      RSS 
30107 codespace /usr/bin/python3 /usr/bin/s        0    12020    12248    14500 
28207 codespace ./cli kernel images/4096x40        0   393336   393393   394608 
%CPU %MEM ARGS Fri Sep 25 20:57:42 UTC 2026
 0.0  0.0 grep --color=auto ./cli       0  2196
70.4  4.8 ./cli kernel images/4096x40   1 394608
  PID User     Command                         Swap      USS      PSS      RSS 
30112 codespace /usr/bin/python3 /usr/bin/s        0    12004    12244    14512 
28207 codespace ./cli kernel images/4096x40        0   393336   393393   394608 
%CPU %MEM ARGS Fri Sep 25 20:57:43 UTC 2026
 0.0  0.0 grep --color=auto ./cli       1  2152
70.3  4.8 ./cli kernel images/4096x40   0 394608
  PID User     Command                         Swap      USS      PSS      RSS 
30117 codespace /usr/bin/python3 /usr/bin/s        0    12040    12282    14564 
28207 codespace ./cli kernel images/4096x40        0   393336   393393   394608 
%CPU %MEM ARGS Fri Sep 25 20:57:43 UTC 2026
 0.0  0.0 grep --color=auto ./cli       1  2208
70.3  4.8 ./cli kernel images/4096x40   1 394608
  PID User     Command                         Swap      USS      PSS      RSS 
30123 codespace /usr/bin/python3 /usr/bin/s        0    12036    12266    14520 
28207 codespace ./cli kernel images/4096x40        0   393336   393393   394608 
%CPU %MEM ARGS Fri Sep 25 20:57:43 UTC 2026
 0.0  0.0 grep --color=auto ./cli       0  2248
70.3  4.8 ./cli kernel images/4096x40   1 394608
  PID User     Command                         Swap      USS      PSS      RSS 
30134 codespace /usr/bin/python3 /usr/bin/s        0    12040    12268    14452 
28207 codespace ./cli kernel images/4096x40        0   393336   393393   394608 
%CPU %MEM ARGS Fri Sep 25 20:57:44 UTC 2026
 0.0  0.0 grep --color=auto ./cli       1  2196
70.3  4.8 ./cli kernel images/4096x40   0 394608
  PID User     Command                         Swap      USS      PSS      RSS 
30140 codespace /usr/bin/python3 /usr/bin/s        0    12040    12270    14492 
28207 codespace ./cli kernel images/4096x40        0   393336   393393   394608 
%CPU %MEM ARGS Fri Sep 25 20:57:44 UTC 2026
 0.0  0.0 grep --color=auto ./cli       1  2160
70.3  4.8 ./cli kernel images/4096x40   0 394608
  PID User     Command                         Swap      USS      PSS      RSS 
30145 codespace /usr/bin/python3 /usr/bin/s        0    12040    12292    14512 
28207 codespace ./cli kernel images/4096x40        0   393336   393393   394608 
%CPU %MEM ARGS Fri Sep 25 20:57:44 UTC 2026
 0.0  0.0 grep --color=auto ./cli       1  2156
70.3  4.8 ./cli kernel images/4096x40   1 394608
  PID User     Command                         Swap      USS      PSS      RSS 
30151 codespace /usr/bin/python3 /usr/bin/s        0    12036    12283    14596 
28207 codespace ./cli kernel images/4096x40        0   393336   393393   394608 
%CPU %MEM ARGS Fri Sep 25 20:57:45 UTC 2026
 0.0  0.0 grep --color=auto ./cli       1  2180
70.2  4.8 ./cli kernel images/4096x40   1 394608
  PID User     Command                         Swap      USS      PSS      RSS 
30157 codespace /usr/bin/python3 /usr/bin/s        0    12036    12266    14504 
28207 codespace ./cli kernel images/4096x40        0   393336   393393   394608 
%CPU %MEM ARGS Fri Sep 25 20:57:45 UTC 2026
 0.0  0.0 grep --color=auto ./cli       1  2252
70.2  4.8 ./cli kernel images/4096x40   1 394608
  PID User     Command                         Swap      USS      PSS      RSS 
30162 codespace /usr/bin/python3 /usr/bin/s        0    12036    12266    14520 
28207 codespace ./cli kernel images/4096x40        0   393336   393393   394608 
%CPU %MEM ARGS Fri Sep 25 20:57:46 UTC 2026
 0.0  0.0 grep --color=auto ./cli       1  2308
70.2  4.8 ./cli kernel images/4096x40   0 394608
  PID User     Command                         Swap      USS      PSS      RSS 
30173 codespace /usr/bin/python3 /usr/bin/s        0    12036    12266    14512 
28207 codespace ./cli kernel images/4096x40        0   393336   393393   394608 
%CPU %MEM ARGS Fri Sep 25 20:57:46 UTC 2026
 0.0  0.0 grep --color=auto ./cli       1  2152
70.2  4.8 ./cli kernel images/4096x40   1 394608
  PID User     Command                         Swap      USS      PSS      RSS 
30179 codespace /usr/bin/python3 /usr/bin/s        0    12036    12267    14520 
28207 codespace ./cli kernel images/4096x40        0   393336   393393   394608 
%CPU %MEM ARGS Fri Sep 25 20:57:46 UTC 2026
 0.0  0.0 grep --color=auto ./cli       1  2152
70.1  4.8 ./cli kernel images/4096x40   0 394608
  PID User     Command                         Swap      USS      PSS      RSS 
30184 codespace /usr/bin/python3 /usr/bin/s        0    12036    12266    14516 
28207 codespace ./cli kernel images/4096x40        0   393336   393393   394608 
%CPU %MEM ARGS Fri Sep 25 20:57:47 UTC 2026
 0.0  0.0 grep --color=auto ./cli       0  2324
70.1  4.8 ./cli kernel images/4096x40   1 394608
  PID User     Command                         Swap      USS      PSS      RSS 
30190 codespace /usr/bin/python3 /usr/bin/s        0    12044    12288    14568 
28207 codespace ./cli kernel images/4096x40        0   393336   393393   394608 
%CPU %MEM ARGS Fri Sep 25 20:57:47 UTC 2026
 0.0  0.0 grep --color=auto ./cli       1  2196
70.0  4.8 ./cli kernel images/4096x40   0 394608
  PID User     Command                         Swap      USS      PSS      RSS 
30201 codespace /usr/bin/python3 /usr/bin/s        0    12032    12248    14544 
28207 codespace ./cli kernel images/4096x40        0   393336   393391   394608 
%CPU %MEM ARGS Fri Sep 25 20:57:48 UTC 2026
 0.0  0.0 grep --color=auto ./cli       0  2248
70.0  4.8 ./cli kernel images/4096x40   0 394608
  PID User     Command                         Swap      USS      PSS      RSS 
30207 codespace /usr/bin/python3 /usr/bin/s        0    12048    12301    14564 
28207 codespace ./cli kernel images/4096x40        0   393336   393393   394608 
%CPU %MEM ARGS Fri Sep 25 20:57:48 UTC 2026
 0.0  0.0 grep --color=auto ./cli       0  2172
69.9  4.8 ./cli kernel images/4096x40   1 394608
  PID User     Command                         Swap      USS      PSS      RSS 
30219 codespace /usr/bin/python3 /usr/bin/s        0    12036    12262    14452 
28207 codespace ./cli kernel images/4096x40        0   393336   393393   394608 
%CPU %MEM ARGS Fri Sep 25 20:57:48 UTC 2026
 0.0  0.0 grep --color=auto ./cli       0  2168
69.9  4.8 ./cli kernel images/4096x40   1 394608
  PID User     Command                         Swap      USS      PSS      RSS 
30224 codespace /usr/bin/python3 /usr/bin/s        0    11984    12213    14460 
28207 codespace ./cli kernel images/4096x40        0   393336   393393   394608 
%CPU %MEM ARGS Fri Sep 25 20:57:49 UTC 2026
 0.0  0.0 grep --color=auto ./cli       1  2176
69.8  4.8 ./cli kernel images/4096x40   0 394608
  PID User     Command                         Swap      USS      PSS      RSS 
30229 codespace /usr/bin/python3 /usr/bin/s        0    12032    12245    14420 
28207 codespace ./cli kernel images/4096x40        0   393336   393393   394608 
%CPU %MEM ARGS Fri Sep 25 20:57:49 UTC 2026
 0.0  0.0 grep --color=auto ./cli       1  2184
69.9  4.8 ./cli kernel images/4096x40   0 394608
  PID User     Command                         Swap      USS      PSS      RSS 
30235 codespace /usr/bin/python3 /usr/bin/s        0    12036    12266    14516 
28207 codespace ./cli kernel images/4096x40        0   393336   393393   394608 
%CPU %MEM ARGS Fri Sep 25 20:57:49 UTC 2026
 0.0  0.0 grep --color=auto ./cli       0  2308
69.8  4.8 ./cli kernel images/4096x40   0 394608
  PID User     Command                         Swap      USS      PSS      RSS 
30241 codespace /usr/bin/python3 /usr/bin/s        0    12044    12276    14528 
28207 codespace ./cli kernel images/4096x40        0   393336   393393   394608 
%CPU %MEM ARGS Fri Sep 25 20:57:50 UTC 2026
 0.0  0.0 grep --color=auto ./cli       1  2160
69.8  4.8 ./cli kernel images/4096x40   1 394608
  PID User     Command                         Swap      USS      PSS      RSS 
30248 codespace /usr/bin/python3 /usr/bin/s        0    12036    12264    14516 
28207 codespace ./cli kernel images/4096x40        0   393336   393393   394608 
%CPU %MEM ARGS Fri Sep 25 20:57:50 UTC 2026
 0.0  0.0 grep --color=auto ./cli       1  2304
69.7  4.8 ./cli kernel images/4096x40   0 394608
  PID User     Command                         Swap      USS      PSS      RSS 
30258 codespace /usr/bin/python3 /usr/bin/s        0    11996    12223    14412 
28207 codespace ./cli kernel images/4096x40        0   393336   393393   394608 
%CPU %MEM ARGS Fri Sep 25 20:57:51 UTC 2026
 0.0  0.0 grep --color=auto ./cli       0  1728
69.7  4.8 ./cli kernel images/4096x40   0 394608
  PID User     Command                         Swap      USS      PSS      RSS 
30263 codespace /usr/bin/python3 /usr/bin/s        0    12028    12255    14448 
28207 codespace ./cli kernel images/4096x40        0   393336   393393   394608 
%CPU %MEM ARGS Fri Sep 25 20:57:51 UTC 2026
 0.0  0.0 grep --color=auto ./cli       1  2180
69.6  4.8 ./cli kernel images/4096x40   0 394608
  PID User     Command                         Swap      USS      PSS      RSS 
30287 codespace /usr/bin/python3 /usr/bin/s        0    12032    12259    14508 
28207 codespace ./cli kernel images/4096x40        0   393336   393393   394608 
%CPU %MEM ARGS Fri Sep 25 20:57:52 UTC 2026
 0.0  0.0 grep --color=auto ./cli       0  2340
69.6  4.8 ./cli kernel images/4096x40   1 394608
  PID User     Command                         Swap      USS      PSS      RSS 
30292 codespace /usr/bin/python3 /usr/bin/s        0    12024    12251    14440 
28207 codespace ./cli kernel images/4096x40        0   393336   393393   394608 
%CPU %MEM ARGS Fri Sep 25 20:57:52 UTC 2026
 0.0  0.0 grep --color=auto ./cli       0  2296
69.5  4.8 ./cli kernel images/4096x40   1 394608
  PID User     Command                         Swap      USS      PSS      RSS 
30298 codespace /usr/bin/python3 /usr/bin/s        0    12036    12244    14456 
28207 codespace ./cli kernel images/4096x40        0   393336   393393   394608 
%CPU %MEM ARGS Fri Sep 25 20:57:52 UTC 2026
 0.0  0.0 grep --color=auto ./cli       0  2180
69.5  4.8 ./cli kernel images/4096x40   1 394608
  PID User     Command                         Swap      USS      PSS      RSS 
30309 codespace /usr/bin/python3 /usr/bin/s        0    12048    12302    14564 
28207 codespace ./cli kernel images/4096x40        0   393336   393393   394608 
%CPU %MEM ARGS Fri Sep 25 20:57:53 UTC 2026
 0.0  0.0 grep --color=auto ./cli       0  2180
69.4  4.8 ./cli kernel images/4096x40   0 394608
  PID User     Command                         Swap      USS      PSS      RSS 
30321 codespace /usr/bin/python3 /usr/bin/s        0    12032    12233    14452 
28207 codespace ./cli kernel images/4096x40        0   393336   393391   394608 
%CPU %MEM ARGS Fri Sep 25 20:57:53 UTC 2026
 0.0  0.0 grep --color=auto ./cli       0  2192
69.4  4.8 ./cli kernel images/4096x40   1 394608
  PID User     Command                         Swap      USS      PSS      RSS 
30326 codespace /usr/bin/python3 /usr/bin/s        0    12080    12322    14588 
28207 codespace ./cli kernel images/4096x40        0   393336   393393   394608 
%CPU %MEM ARGS Fri Sep 25 20:57:54 UTC 2026
 0.0  0.0 grep --color=auto ./cli       1  2184
69.4  4.8 ./cli kernel images/4096x40   0 394608
  PID User     Command                         Swap      USS      PSS      RSS 
30331 codespace /usr/bin/python3 /usr/bin/s        0    12044    12271    14456 
28207 codespace ./cli kernel images/4096x40        0   393336   393393   394608 
%CPU %MEM ARGS Fri Sep 25 20:57:54 UTC 2026
 0.0  0.0 grep --color=auto ./cli       0  2248
69.4  4.8 ./cli kernel images/4096x40   1 394608
  PID User     Command                         Swap      USS      PSS      RSS 
30337 codespace /usr/bin/python3 /usr/bin/s        0    12036    12263    14488 
28207 codespace ./cli kernel images/4096x40        0   393336   393393   394608 
%CPU %MEM ARGS Fri Sep 25 20:57:54 UTC 2026
 0.0  0.0 grep --color=auto ./cli       1  2164
69.5  4.8 ./cli kernel images/4096x40   1 394608
  PID User     Command                         Swap      USS      PSS      RSS 
30342 codespace /usr/bin/python3 /usr/bin/s        0    12036    12271    14504 
28207 codespace ./cli kernel images/4096x40        0   393336   393393   394608 
%CPU %MEM ARGS Fri Sep 25 20:57:55 UTC 2026
 0.0  0.0 grep --color=auto ./cli       0  2304
69.4  4.8 ./cli kernel images/4096x40   1 394608
  PID User     Command                         Swap      USS      PSS      RSS 
30354 codespace /usr/bin/python3 /usr/bin/s        0    12036    12261    14452 
28207 codespace ./cli kernel images/4096x40        0   393336   393393   394608 
%CPU %MEM ARGS Fri Sep 25 20:57:55 UTC 2026
 0.0  0.0 grep --color=auto ./cli       1  2304
69.4  4.8 ./cli kernel images/4096x40   0 394608
  PID User     Command                         Swap      USS      PSS      RSS 
30360 codespace /usr/bin/python3 /usr/bin/s        0    12040    12287    14596 
28207 codespace ./cli kernel images/4096x40        0   393336   393393   394608 
%CPU %MEM ARGS Fri Sep 25 20:57:55 UTC 2026
 0.0  0.0 grep --color=auto ./cli       1  2180
69.4  4.8 ./cli kernel images/4096x40   1 394608
  PID User     Command                         Swap      USS      PSS      RSS 
30365 codespace /usr/bin/python3 /usr/bin/s        0    12036    12261    14452 
28207 codespace ./cli kernel images/4096x40        0   393336   393393   394608 
%CPU %MEM ARGS Fri Sep 25 20:57:56 UTC 2026
 0.0  0.0 grep --color=auto ./cli       0  2128
69.4  4.8 ./cli kernel images/4096x40   1 394608
  PID User     Command                         Swap      USS      PSS      RSS 
30371 codespace /usr/bin/python3 /usr/bin/s        0    12044    12272    14452 
28207 codespace ./cli kernel images/4096x40        0   393336   393393   394608 
%CPU %MEM ARGS Fri Sep 25 20:57:56 UTC 2026
 0.0  0.0 grep --color=auto ./cli       1  2248
69.3  4.8 ./cli kernel images/4096x40   0 394608
  PID User     Command                         Swap      USS      PSS      RSS 
30376 codespace /usr/bin/python3 /usr/bin/s        0    12036    12268    14492 
28207 codespace ./cli kernel images/4096x40        0   393336   393393   394608 
%CPU %MEM ARGS Fri Sep 25 20:57:57 UTC 2026
 0.0  0.0 grep --color=auto ./cli       0  2296
69.3  4.8 ./cli kernel images/4096x40   0 394608
  PID User     Command                         Swap      USS      PSS      RSS 
30382 codespace /usr/bin/python3 /usr/bin/s        0    12036    12278    14544 
28207 codespace ./cli kernel images/4096x40        0   393336   393393   394608 
%CPU %MEM ARGS Fri Sep 25 20:57:57 UTC 2026
 0.0  0.0 grep --color=auto ./cli       1  2176
69.2  4.8 ./cli kernel images/4096x40   1 394608
  PID User     Command                         Swap      USS      PSS      RSS 
30394 codespace /usr/bin/python3 /usr/bin/s        0    12036    12239    14432 
28207 codespace ./cli kernel images/4096x40        0   393336   393393   394608 
%CPU %MEM ARGS Fri Sep 25 20:57:57 UTC 2026
 0.0  0.0 grep --color=auto ./cli       1  2212
69.2  4.8 ./cli kernel images/4096x40   1 394608
  PID User     Command                         Swap      USS      PSS      RSS 
30399 codespace /usr/bin/python3 /usr/bin/s        0    12036    12276    14544 
28207 codespace ./cli kernel images/4096x40        0   393336   393393   394608 
%CPU %MEM ARGS Fri Sep 25 20:57:58 UTC 2026
 0.0  0.0 grep --color=auto ./cli       1  2192
69.2  4.8 ./cli kernel images/4096x40   0 394608
  PID User     Command                         Swap      USS      PSS      RSS 
30404 codespace /usr/bin/python3 /usr/bin/s        0    12036    12265    14492 
28207 codespace ./cli kernel images/4096x40        0   393336   393393   394608 
%CPU %MEM ARGS Fri Sep 25 20:57:58 UTC 2026
 0.0  0.0 grep --color=auto ./cli       1  2160
69.1  4.8 ./cli kernel images/4096x40   0 394608
  PID User     Command                         Swap      USS      PSS      RSS 
30410 codespace /usr/bin/python3 /usr/bin/s        0    12044    12292    14568 
28207 codespace ./cli kernel images/4096x40        0   393336   393393   394608 
%CPU %MEM ARGS Fri Sep 25 20:57:58 UTC 2026
 0.0  0.0 grep --color=auto ./cli       0  2340
69.1  4.8 ./cli kernel images/4096x40   1 394608
  PID User     Command                         Swap      USS      PSS      RSS 
30420 codespace /usr/bin/python3 /usr/bin/s        0    12032    12258    14448 
28207 codespace ./cli kernel images/4096x40        0   393336   393393   394608 
%CPU %MEM ARGS Fri Sep 25 20:57:59 UTC 2026
 0.0  0.0 grep --color=auto ./cli       1  2180
69.0  4.8 ./cli kernel images/4096x40   1 394608
  PID User     Command                         Swap      USS      PSS      RSS 
30429 codespace /usr/bin/python3 /usr/bin/s        0    12048    12301    14564 
28207 codespace ./cli kernel images/4096x40        0   393336   393393   394608 
%CPU %MEM ARGS Fri Sep 25 20:57:59 UTC 2026
 0.0  0.0 grep --color=auto ./cli       1  2252
69.0  4.8 ./cli kernel images/4096x40   1 394608
  PID User     Command                         Swap      USS      PSS      RSS 
30437 codespace /usr/bin/python3 /usr/bin/s        0    12040    12268    14460 
28207 codespace ./cli kernel images/4096x40        0   393336   393393   394608 
%CPU %MEM ARGS Fri Sep 25 20:58:00 UTC 2026
 0.0  0.0 grep --color=auto ./cli       0  2304
68.9  4.8 ./cli kernel images/4096x40   1 394608
  PID User     Command                         Swap      USS      PSS      RSS 
30444 codespace /usr/bin/python3 /usr/bin/s        0    12036    12266    14488 
28207 codespace ./cli kernel images/4096x40        0   393336   393393   394608 
%CPU %MEM ARGS Fri Sep 25 20:58:00 UTC 2026
 0.0  0.0 grep --color=auto ./cli       0  2268
68.9  4.8 ./cli kernel images/4096x40   1 394608
  PID User     Command                         Swap      USS      PSS      RSS 
30450 codespace /usr/bin/python3 /usr/bin/s        0    12044    12274    14496 
28207 codespace ./cli kernel images/4096x40        0   393336   393393   394608 
%CPU %MEM ARGS Fri Sep 25 20:58:01 UTC 2026
 0.0  0.0 grep --color=auto ./cli       0  2176
68.9  4.8 ./cli kernel images/4096x40   1 394608
  PID User     Command                         Swap      USS      PSS      RSS 
30455 codespace /usr/bin/python3 /usr/bin/s        0    12036    12283    14596 
28207 codespace ./cli kernel images/4096x40        0   393336   393393   394608 
%CPU %MEM ARGS Fri Sep 25 20:58:01 UTC 2026
 0.0  0.0 grep --color=auto ./cli       0  2300
68.9  4.8 ./cli kernel images/4096x40   1 394608
  PID User     Command                         Swap      USS      PSS      RSS 
30461 codespace /usr/bin/python3 /usr/bin/s        0    12036    12266    14488 
28207 codespace ./cli kernel images/4096x40        0   393336   393393   394608 
%CPU %MEM ARGS Fri Sep 25 20:58:01 UTC 2026
 0.0  0.0 grep --color=auto ./cli       0  2176
68.7  4.8 ./cli kernel images/4096x40   1 394608
  PID User     Command                         Swap      USS      PSS      RSS 
30484 codespace /usr/bin/python3 /usr/bin/s        0    12036    12266    14488 
28207 codespace ./cli kernel images/4096x40        0   393336   393393   394608 
%CPU %MEM ARGS Fri Sep 25 20:58:02 UTC 2026
 0.0  0.0 grep --color=auto ./cli       1  2160
68.7  4.8 ./cli kernel images/4096x40   1 394608
  PID User     Command                         Swap      USS      PSS      RSS 
30497 codespace /usr/bin/python3 /usr/bin/s        0    12040    12267    14452 
28207 codespace ./cli kernel images/4096x40        0   393336   393393   394608 
%CPU %MEM ARGS Fri Sep 25 20:58:02 UTC 2026
 0.0  0.0 grep --color=auto ./cli       0  2204
68.7  4.8 ./cli kernel images/4096x40   1 394608
  PID User     Command                         Swap      USS      PSS      RSS 
30502 codespace /usr/bin/python3 /usr/bin/s        0    12044    12271    14452 
28207 codespace ./cli kernel images/4096x40        0   393336   393393   394608 
%CPU %MEM ARGS Fri Sep 25 20:58:03 UTC 2026
 0.0  0.0 grep --color=auto ./cli       0  2248
68.7  4.8 ./cli kernel images/4096x40   1 394608
  PID User     Command                         Swap      USS      PSS      RSS 
30507 codespace /usr/bin/python3 /usr/bin/s        0    12032    12259    14484 
28207 codespace ./cli kernel images/4096x40        0   393336   393393   394608 
%CPU %MEM ARGS Fri Sep 25 20:58:03 UTC 2026
 0.0  0.0 grep --color=auto ./cli       1  2208
68.6  4.8 ./cli kernel images/4096x40   1 394608
  PID User     Command                         Swap      USS      PSS      RSS 
30513 codespace /usr/bin/python3 /usr/bin/s        0    12036    12270    14500 
28207 codespace ./cli kernel images/4096x40        0   393336   393393   394608 
%CPU %MEM ARGS Fri Sep 25 20:58:03 UTC 2026
 0.0  0.0 grep --color=auto ./cli       1  2204
68.6  4.8 ./cli kernel images/4096x40   1 394608
  PID User     Command                         Swap      USS      PSS      RSS 
30521 codespace /usr/bin/python3 /usr/bin/s        0    12044    12273    14456 
28207 codespace ./cli kernel images/4096x40        0   393336   393393   394608 
%CPU %MEM ARGS Fri Sep 25 20:58:04 UTC 2026
 0.0  0.0 grep --color=auto ./cli       1  2296
68.6  4.8 ./cli kernel images/4096x40   0 394608
  PID User     Command                         Swap      USS      PSS      RSS 
30529 codespace /usr/bin/python3 /usr/bin/s        0    12036    12264    14476 
28207 codespace ./cli kernel images/4096x40        0   393336   393393   394608 
%CPU %MEM ARGS Fri Sep 25 20:58:04 UTC 2026
 0.0  0.0 grep --color=auto ./cli       1  2156
68.6  4.8 ./cli kernel images/4096x40   1 394608
  PID User     Command                         Swap      USS      PSS      RSS 
30541 codespace /usr/bin/python3 /usr/bin/s        0    12028    12229    14472 
28207 codespace ./cli kernel images/4096x40        0   393336   393390   394608 
%CPU %MEM ARGS Fri Sep 25 20:58:04 UTC 2026
 0.0  0.0 grep --color=auto ./cli       0  2192
68.5  4.8 ./cli kernel images/4096x40   1 394608
  PID User     Command                         Swap      USS      PSS      RSS 
30546 codespace /usr/bin/python3 /usr/bin/s        0    12036    12282    14596 
28207 codespace ./cli kernel images/4096x40        0   393336   393393   394608 
%CPU %MEM ARGS Fri Sep 25 20:58:05 UTC 2026
 0.0  0.0 grep --color=auto ./cli       0  2156
68.5  4.8 ./cli kernel images/4096x40   0 394608
  PID User     Command                         Swap      USS      PSS      RSS 
30554 codespace /usr/bin/python3 /usr/bin/s        0    12048    12302    14564 
28207 codespace ./cli kernel images/4096x40        0   393336   393393   394608 
%CPU %MEM ARGS Fri Sep 25 20:58:05 UTC 2026
 0.0  0.0 grep --color=auto ./cli       0  2176
68.5  4.8 ./cli kernel images/4096x40   1 394608
  PID User     Command                         Swap      USS      PSS      RSS 
30559 codespace /usr/bin/python3 /usr/bin/s        0    12036    12266    14520 
28207 codespace ./cli kernel images/4096x40        0   393336   393393   394608 
%CPU %MEM ARGS Fri Sep 25 20:58:06 UTC 2026
 0.0  0.0 grep --color=auto ./cli       1  2176
68.4  4.8 ./cli kernel images/4096x40   0 394608
  PID User     Command                         Swap      USS      PSS      RSS 
30570 codespace /usr/bin/python3 /usr/bin/s        0    12044    12270    14452 
28207 codespace ./cli kernel images/4096x40        0   393336   393393   394608 
%CPU %MEM ARGS Fri Sep 25 20:58:06 UTC 2026
 0.0  0.0 grep --color=auto ./cli       1  2176
68.4  4.8 ./cli kernel images/4096x40   0 394608
  PID User     Command                         Swap      USS      PSS      RSS 
30576 codespace /usr/bin/python3 /usr/bin/s        0    12044    12270    14452 
28207 codespace ./cli kernel images/4096x40        0   393336   393393   394608 
%CPU %MEM ARGS Fri Sep 25 20:58:06 UTC 2026
 0.0  0.0 grep --color=auto ./cli       1  2172
68.4  4.8 ./cli kernel images/4096x40   0 394608
  PID User     Command                         Swap      USS      PSS      RSS 
30581 codespace /usr/bin/python3 /usr/bin/s        0    12036    12270    14504 
28207 codespace ./cli kernel images/4096x40        0   393336   393393   394608 
%CPU %MEM ARGS Fri Sep 25 20:58:07 UTC 2026
 0.0  0.0 grep --color=auto ./cli       0  2180
68.4  4.8 ./cli kernel images/4096x40   0 394608
  PID User     Command                         Swap      USS      PSS      RSS 
30586 codespace /usr/bin/python3 /usr/bin/s        0    12036    12258    14472 
28207 codespace ./cli kernel images/4096x40        0   393336   393393   394608 
%CPU %MEM ARGS Fri Sep 25 20:58:07 UTC 2026
 0.0  0.0 grep --color=auto ./cli       0  2164
68.3  4.8 ./cli kernel images/4096x40   1 394608
  PID User     Command                         Swap      USS      PSS      RSS 
30592 codespace /usr/bin/python3 /usr/bin/s        0    12032    12256    14448 
28207 codespace ./cli kernel images/4096x40        0   393336   393393   394608 
%CPU %MEM ARGS Fri Sep 25 20:58:07 UTC 2026
 0.0  0.0 grep --color=auto ./cli       1  2288
68.3  4.8 ./cli kernel images/4096x40   1 394608
  PID User     Command                         Swap      USS      PSS      RSS 
30598 codespace /usr/bin/python3 /usr/bin/s        0    12036    12279    14544 
28207 codespace ./cli kernel images/4096x40        0   393336   393393   394608 
%CPU %MEM ARGS Fri Sep 25 20:58:08 UTC 2026
 0.0  0.0 grep --color=auto ./cli       1  2248
68.3  4.8 ./cli kernel images/4096x40   1 394608
  PID User     Command                         Swap      USS      PSS      RSS 
30609 codespace /usr/bin/python3 /usr/bin/s        0    12044    12272    14452 
28207 codespace ./cli kernel images/4096x40        0   393336   393393   394608 
%CPU %MEM ARGS Fri Sep 25 20:58:08 UTC 2026
 0.0  0.0 grep --color=auto ./cli       0  2180
68.2  4.8 ./cli kernel images/4096x40   1 394608
  PID User     Command                         Swap      USS      PSS      RSS 
30615 codespace /usr/bin/python3 /usr/bin/s        0    12036    12262    14452 
28207 codespace ./cli kernel images/4096x40        0   393336   393393   394608 
%CPU %MEM ARGS Fri Sep 25 20:58:09 UTC 2026
 0.0  0.0 grep --color=auto ./cli       0  2296
68.2  4.8 ./cli kernel images/4096x40   0 394608
  PID User     Command                         Swap      USS      PSS      RSS 
30620 codespace /usr/bin/python3 /usr/bin/s        0    11992    12220    14472 
28207 codespace ./cli kernel images/4096x40        0   393336   393393   394608 
%CPU %MEM ARGS Fri Sep 25 20:58:09 UTC 2026
 0.0  0.0 grep --color=auto ./cli       1  2252
68.3  4.8 ./cli kernel images/4096x40   0 394608
  PID User     Command                         Swap      USS      PSS      RSS 
30626 codespace /usr/bin/python3 /usr/bin/s        0    12016    12250    14500 
28207 codespace ./cli kernel images/4096x40        0   393336   393393   394608 
%CPU %MEM ARGS Fri Sep 25 20:58:09 UTC 2026
 0.0  0.0 grep --color=auto ./cli       1  2180
68.3  4.8 ./cli kernel images/4096x40   0 394608
  PID User     Command                         Swap      USS      PSS      RSS 
30631 codespace /usr/bin/python3 /usr/bin/s        0    12048    12295    14556 
28207 codespace ./cli kernel images/4096x40        0   393336   393393   394608 
%CPU %MEM ARGS Fri Sep 25 20:58:10 UTC 2026
 0.0  0.0 grep --color=auto ./cli       1  2344
68.2  4.8 ./cli kernel images/4096x40   0 394608
  PID User     Command                         Swap      USS      PSS      RSS 
30643 codespace /usr/bin/python3 /usr/bin/s        0    12032    12239    14488 
28207 codespace ./cli kernel images/4096x40        0   393336   393390   394608 
%CPU %MEM ARGS Fri Sep 25 20:58:10 UTC 2026
 0.0  0.0 grep --color=auto ./cli       0  2288
68.2  4.8 ./cli kernel images/4096x40   1 394608
  PID User     Command                         Swap      USS      PSS      RSS 
30652 codespace /usr/bin/python3 /usr/bin/s        0    12036    12277    14544 
28207 codespace ./cli kernel images/4096x40        0   393336   393393   394608 
%CPU %MEM ARGS Fri Sep 25 20:58:10 UTC 2026
 0.0  0.0 grep --color=auto ./cli       1  2172
68.1  4.8 ./cli kernel images/4096x40   1 394608
  PID User     Command                         Swap      USS      PSS      RSS 
30660 codespace /usr/bin/python3 /usr/bin/s        0    12036    12265    14452 
28207 codespace ./cli kernel images/4096x40        0   393336   393393   394608 
%CPU %MEM ARGS Fri Sep 25 20:58:11 UTC 2026
 0.0  0.0 grep --color=auto ./cli       0  2200
68.1  4.8 ./cli kernel images/4096x40   1 394608
  PID User     Command                         Swap      USS      PSS      RSS 
30665 codespace /usr/bin/python3 /usr/bin/s        0    12036    12277    14544 
28207 codespace ./cli kernel images/4096x40        0   393336   393393   394608 
%CPU %MEM ARGS Fri Sep 25 20:58:11 UTC 2026
 0.0  0.0 grep --color=auto ./cli       0  2168
68.1  4.8 ./cli kernel images/4096x40   1 394608
  PID User     Command                         Swap      USS      PSS      RSS 
30671 codespace /usr/bin/python3 /usr/bin/s        0    12036    12267    14520 
28207 codespace ./cli kernel images/4096x40        0   393336   393393   394608 
%CPU %MEM ARGS Fri Sep 25 20:58:12 UTC 2026
 0.0  0.0 grep --color=auto ./cli       1  2176
68.1  4.8 ./cli kernel images/4096x40   0 394608
  PID User     Command                         Swap      USS      PSS      RSS 
30676 codespace /usr/bin/python3 /usr/bin/s        0    12044    12294    14564 
28207 codespace ./cli kernel images/4096x40        0   393336   393393   394608 
%CPU %MEM ARGS Fri Sep 25 20:58:12 UTC 2026
 0.0  0.0 grep --color=auto ./cli       1  2252
68.0  4.8 ./cli kernel images/4096x40   0 394608
  PID User     Command                         Swap      USS      PSS      RSS 
30694 codespace /usr/bin/python3 /usr/bin/s        0    12036    12266    14520 
28207 codespace ./cli kernel images/4096x40        0   393336   393393   394608 
%CPU %MEM ARGS Fri Sep 25 20:58:12 UTC 2026
 0.0  0.0 grep --color=auto ./cli       1  2192
67.9  4.8 ./cli kernel images/4096x40   0 394608
  PID User     Command                         Swap      USS      PSS      RSS 
30711 codespace /usr/bin/python3 /usr/bin/s        0    12036    12266    14520 
28207 codespace ./cli kernel images/4096x40        0   393336   393393   394608 
%CPU %MEM ARGS Fri Sep 25 20:58:13 UTC 2026
 0.0  0.0 grep --color=auto ./cli       0  2252
67.9  4.8 ./cli kernel images/4096x40   1 394608
  PID User     Command                         Swap      USS      PSS      RSS 
30716 codespace /usr/bin/python3 /usr/bin/s        0    12036    12263    14456 
28207 codespace ./cli kernel images/4096x40        0   393336   393393   394608 
%CPU %MEM ARGS Fri Sep 25 20:58:13 UTC 2026
 0.0  0.0 grep --color=auto ./cli       0  2196
67.9  4.8 ./cli kernel images/4096x40   0 394608
  PID User     Command                         Swap      USS      PSS      RSS 
30722 codespace /usr/bin/python3 /usr/bin/s        0    12040    12275    14540 
28207 codespace ./cli kernel images/4096x40        0   393336   393393   394608 
%CPU %MEM ARGS Fri Sep 25 20:58:14 UTC 2026
 0.0  0.0 grep --color=auto ./cli       0  2304
67.9  4.8 ./cli kernel images/4096x40   0 394608
  PID User     Command                         Swap      USS      PSS      RSS 
30727 codespace /usr/bin/python3 /usr/bin/s        0    12036    12270    14504 
28207 codespace ./cli kernel images/4096x40        0   393336   393393   394608 
%CPU %MEM ARGS Fri Sep 25 20:58:14 UTC 2026
 0.0  0.0 grep --color=auto ./cli       1  2344
67.9  4.8 ./cli kernel images/4096x40   0 394608
  PID User     Command                         Swap      USS      PSS      RSS 
30733 codespace /usr/bin/python3 /usr/bin/s        0    12036    12282    14568 
28207 codespace ./cli kernel images/4096x40        0   393336   393393   394608 
%CPU %MEM ARGS Fri Sep 25 20:58:14 UTC 2026
 0.0  0.0 grep --color=auto ./cli       1  2344
67.8  4.8 ./cli kernel images/4096x40   1 394608
  PID User     Command                         Swap      USS      PSS      RSS 
30741 codespace /usr/bin/python3 /usr/bin/s        0    12036    12283    14596 
28207 codespace ./cli kernel images/4096x40        0   393336   393393   394608 
%CPU %MEM ARGS Fri Sep 25 20:58:15 UTC 2026
 0.0  0.0 grep --color=auto ./cli       1  2200
67.8  4.8 ./cli kernel images/4096x40   0 394608
  PID User     Command                         Swap      USS      PSS      RSS 
30749 codespace /usr/bin/python3 /usr/bin/s        0    12036    12268    14488 
28207 codespace ./cli kernel images/4096x40        0   393336   393393   394608 
%CPU %MEM ARGS Fri Sep 25 20:58:15 UTC 2026
 0.0  0.0 grep --color=auto ./cli       1  2176
67.8  4.8 ./cli kernel images/4096x40   1 394608
  PID User     Command                         Swap      USS      PSS      RSS 
30755 codespace /usr/bin/python3 /usr/bin/s        0    12036    12241    14496 
28207 codespace ./cli kernel images/4096x40        0   393336   393390   394608 
%CPU %MEM ARGS Fri Sep 25 20:58:16 UTC 2026
 0.0  0.0 grep --color=auto ./cli       0  2308
67.7  4.8 ./cli kernel images/4096x40   1 394608
  PID User     Command                         Swap      USS      PSS      RSS 
30767 codespace /usr/bin/python3 /usr/bin/s        0    12036    12268    14488 
28207 codespace ./cli kernel images/4096x40        0   393336   393393   394608 
%CPU %MEM ARGS Fri Sep 25 20:58:16 UTC 2026
 0.0  0.0 grep --color=auto ./cli       0  2160
67.7  4.8 ./cli kernel images/4096x40   1 394608
  PID User     Command                         Swap      USS      PSS      RSS 
30773 codespace /usr/bin/python3 /usr/bin/s        0    12044    12273    14456 
28207 codespace ./cli kernel images/4096x40        0   393336   393393   394608 
%CPU %MEM ARGS Fri Sep 25 20:58:16 UTC 2026
 0.0  0.0 grep --color=auto ./cli       0  2300
67.7  4.8 ./cli kernel images/4096x40   1 394608
  PID User     Command                         Swap      USS      PSS      RSS 
30779 codespace /usr/bin/python3 /usr/bin/s        0    12036    12283    14584 
28207 codespace ./cli kernel images/4096x40        0   393336   393393   394608 
%CPU %MEM ARGS Fri Sep 25 20:58:17 UTC 2026
 0.0  0.0 grep --color=auto ./cli       0  2184
67.7  4.8 ./cli kernel images/4096x40   1 394608
  PID User     Command                         Swap      USS      PSS      RSS 
30790 codespace /usr/bin/python3 /usr/bin/s        0    12036    12262    14452 
28207 codespace ./cli kernel images/4096x40        0   393336   393393   394608 
%CPU %MEM ARGS Fri Sep 25 20:58:17 UTC 2026
 0.0  0.0 grep --color=auto ./cli       1  2204
67.7  4.8 ./cli kernel images/4096x40   0 394608
  PID User     Command                         Swap      USS      PSS      RSS 
30796 codespace /usr/bin/python3 /usr/bin/s        0    12044    12290    14568 
28207 codespace ./cli kernel images/4096x40        0   393336   393393   394608 
%CPU %MEM ARGS Fri Sep 25 20:58:18 UTC 2026
 0.0  0.0 grep --color=auto ./cli       0  2296
67.6  4.8 ./cli kernel images/4096x40   1 394608
  PID User     Command                         Swap      USS      PSS      RSS 
30801 codespace /usr/bin/python3 /usr/bin/s        0    12040    12265    14452 
28207 codespace ./cli kernel images/4096x40        0   393336   393393   394608 
%CPU %MEM ARGS Fri Sep 25 20:58:18 UTC 2026
 0.0  0.0 grep --color=auto ./cli       1  2292
67.6  4.8 ./cli kernel images/4096x40   1 394608
  PID User     Command                         Swap      USS      PSS      RSS 
30806 codespace /usr/bin/python3 /usr/bin/s        0    12032    12265    14484 
28207 codespace ./cli kernel images/4096x40        0   393336   393393   394608 
%CPU %MEM ARGS Fri Sep 25 20:58:18 UTC 2026
 0.0  0.0 grep --color=auto ./cli       0  2288
67.6  4.8 ./cli kernel images/4096x40   1 394608
  PID User     Command                         Swap      USS      PSS      RSS 
30812 codespace /usr/bin/python3 /usr/bin/s        0    12036    12264    14516 
28207 codespace ./cli kernel images/4096x40        0   393336   393393   394608 
%CPU %MEM ARGS Fri Sep 25 20:58:19 UTC 2026
 0.0  0.0 grep --color=auto ./cli       1  2156
67.6  4.8 ./cli kernel images/4096x40   0 394608
  PID User     Command                         Swap      USS      PSS      RSS 
30817 codespace /usr/bin/python3 /usr/bin/s        0    12036    12252    14564 
28207 codespace ./cli kernel images/4096x40        0   393336   393387   394608 
%CPU %MEM ARGS Fri Sep 25 20:58:19 UTC 2026
 0.0  0.0 grep --color=auto ./cli       1  2168
67.6  4.8 ./cli kernel images/4096x40   0 394608
  PID User     Command                         Swap      USS      PSS      RSS 
30829 codespace /usr/bin/python3 /usr/bin/s        0    12036    12266    14504 
28207 codespace ./cli kernel images/4096x40        0   393336   393393   394608 
%CPU %MEM ARGS Fri Sep 25 20:58:19 UTC 2026
 0.0  0.0 grep --color=auto ./cli       0  2340
67.6  4.8 ./cli kernel images/4096x40   1 394608
  PID User     Command                         Swap      USS      PSS      RSS 
30835 codespace /usr/bin/python3 /usr/bin/s        0    12036    12264    14452 
28207 codespace ./cli kernel images/4096x40        0   393336   393393   394608 
%CPU %MEM ARGS Fri Sep 25 20:58:20 UTC 2026
 0.0  0.0 grep --color=auto ./cli       1  2176
67.6  4.8 ./cli kernel images/4096x40   0 394608
  PID User     Command                         Swap      USS      PSS      RSS 
30840 codespace /usr/bin/python3 /usr/bin/s        0    12044    12272    14452 
28207 codespace ./cli kernel images/4096x40        0   393336   393393   394608 
%CPU %MEM ARGS Fri Sep 25 20:58:20 UTC 2026
 0.0  0.0 grep --color=auto ./cli       0  2340
67.5  4.8 ./cli kernel images/4096x40   1 394608
  PID User     Command                         Swap      USS      PSS      RSS 
30846 codespace /usr/bin/python3 /usr/bin/s        0    12048    12276    14456 
28207 codespace ./cli kernel images/4096x40        0   393336   393393   394608 
%CPU %MEM ARGS Fri Sep 25 20:58:21 UTC 2026
 0.0  0.0 grep --color=auto ./cli       0  2168
67.5  4.8 ./cli kernel images/4096x40   0 394608
  PID User     Command                         Swap      USS      PSS      RSS 
30851 codespace /usr/bin/python3 /usr/bin/s        0    12036    12276    14544 
28207 codespace ./cli kernel images/4096x40        0   393336   393393   394608 
%CPU %MEM ARGS Fri Sep 25 20:58:21 UTC 2026
 0.0  0.0 grep --color=auto ./cli       0  2188
67.5  4.8 ./cli kernel images/4096x40   0 394608
  PID User     Command                         Swap      USS      PSS      RSS 
30859 codespace /usr/bin/python3 /usr/bin/s        0    12036    12240    14516 
28207 codespace ./cli kernel images/4096x40        0   393336   393390   394608 
%CPU %MEM ARGS Fri Sep 25 20:58:22 UTC 2026
 0.0  0.0 grep --color=auto ./cli       1  2168
67.4  4.8 ./cli kernel images/4096x40   1 394608
  PID User     Command                         Swap      USS      PSS      RSS 
30874 codespace /usr/bin/python3 /usr/bin/s        0    12036    12283    14544 
28207 codespace ./cli kernel images/4096x40        0   393336   393393   394608 
%CPU %MEM ARGS Fri Sep 25 20:58:22 UTC 2026
 0.0  0.0 grep --color=auto ./cli       1  2180
67.4  4.8 ./cli kernel images/4096x40   0 394608
  PID User     Command                         Swap      USS      PSS      RSS 
30879 codespace /usr/bin/python3 /usr/bin/s        0    12036    12265    14520 
28207 codespace ./cli kernel images/4096x40        0   393336   393393   394608 
%CPU %MEM ARGS Fri Sep 25 20:58:22 UTC 2026
 0.0  0.0 grep --color=auto ./cli       0  2156
67.3  4.8 ./cli kernel images/4096x40   0 394608
  PID User     Command                         Swap      USS      PSS      RSS 
30893 codespace /usr/bin/python3 /usr/bin/s        0    12040    12269    14524 
28207 codespace ./cli kernel images/4096x40        0   393336   393393   394608 
%CPU %MEM ARGS Fri Sep 25 20:58:23 UTC 2026
 0.0  0.0 grep --color=auto ./cli       0  2164
67.2  4.8 ./cli kernel images/4096x40   1 394608
  PID User     Command                         Swap      USS      PSS      RSS 
30914 codespace /usr/bin/python3 /usr/bin/s        0    12040    12268    14520 
28207 codespace ./cli kernel images/4096x40        0   393336   393393   394608 
%CPU %MEM ARGS Fri Sep 25 20:58:23 UTC 2026
 0.0  0.0 grep --color=auto ./cli       0  2160
67.2  4.8 ./cli kernel images/4096x40   1 394608
  PID User     Command                         Swap      USS      PSS      RSS 
30921 codespace /usr/bin/python3 /usr/bin/s        0    12036    12266    14492 
28207 codespace ./cli kernel images/4096x40        0   393336   393393   394608 
%CPU %MEM ARGS Fri Sep 25 20:58:24 UTC 2026
 0.0  0.0 grep --color=auto ./cli       1  2344
67.1  4.8 ./cli kernel images/4096x40   0 394608
  PID User     Command                         Swap      USS      PSS      RSS 
30931 codespace /usr/bin/python3 /usr/bin/s        0    12036    12262    14452 
28207 codespace ./cli kernel images/4096x40        0   393336   393393   394608 
%CPU %MEM ARGS Fri Sep 25 20:58:24 UTC 2026
 0.0  0.0 grep --color=auto ./cli       0  2252
67.1  4.8 ./cli kernel images/4096x40   1 394608
  PID User     Command                         Swap      USS      PSS      RSS 
30936 codespace /usr/bin/python3 /usr/bin/s        0    12036    12261    14480 
28207 codespace ./cli kernel images/4096x40        0   393336   393393   394608 
%CPU %MEM ARGS Fri Sep 25 20:58:24 UTC 2026
 0.0  0.0 grep --color=auto ./cli       0  2168
67.1  4.8 ./cli kernel images/4096x40   1 394608
  PID User     Command                         Swap      USS      PSS      RSS 
30942 codespace /usr/bin/python3 /usr/bin/s        0    12036    12272    14504 
28207 codespace ./cli kernel images/4096x40        0   393336   393393   394608 
%CPU %MEM ARGS Fri Sep 25 20:58:25 UTC 2026
 0.0  0.0 grep --color=auto ./cli       0  2212
67.1  4.8 ./cli kernel images/4096x40   1 394608
  PID User     Command                         Swap      USS      PSS      RSS 
30947 codespace /usr/bin/python3 /usr/bin/s        0    12036    12263    14492 
28207 codespace ./cli kernel images/4096x40        0   393336   393393   394608 
%CPU %MEM ARGS Fri Sep 25 20:58:25 UTC 2026
 0.0  0.0 grep --color=auto ./cli       0  2204
67.1  4.8 ./cli kernel images/4096x40   1 394608
  PID User     Command                         Swap      USS      PSS      RSS 
30952 codespace /usr/bin/python3 /usr/bin/s        0    12048    12300    14564 
28207 codespace ./cli kernel images/4096x40        0   393336   393393   394608 
%CPU %MEM ARGS Fri Sep 25 20:58:25 UTC 2026
 0.0  0.0 grep --color=auto ./cli       0  2212
67.1  4.8 ./cli kernel images/4096x40   1 394608
  PID User     Command                         Swap      USS      PSS      RSS 
30958 codespace /usr/bin/python3 /usr/bin/s        0    12036    12260    14544 
28207 codespace ./cli kernel images/4096x40        0   393336   393392   394608 
%CPU %MEM ARGS Fri Sep 25 20:58:26 UTC 2026
 0.0  0.0 grep --color=auto ./cli       0  2236
67.1  4.8 ./cli kernel images/4096x40   0 394608
  PID User     Command                         Swap      USS      PSS      RSS 
30969 codespace /usr/bin/python3 /usr/bin/s        0    12064    12294    14516 
28207 codespace ./cli kernel images/4096x40        0   393336   393393   394608 
%CPU %MEM ARGS Fri Sep 25 20:58:26 UTC 2026
 0.0  0.0 grep --color=auto ./cli       0  2180
67.1  4.8 ./cli kernel images/4096x40   1 394608
  PID User     Command                         Swap      USS      PSS      RSS 
30974 codespace /usr/bin/python3 /usr/bin/s        0    12048    12304    14564 
28207 codespace ./cli kernel images/4096x40        0   393336   393393   394608 
%CPU %MEM ARGS Fri Sep 25 20:58:26 UTC 2026
 0.0  0.0 grep --color=auto ./cli       1  2180
67.0  4.8 ./cli kernel images/4096x40   1 394608
  PID User     Command                         Swap      USS      PSS      RSS 
30980 codespace /usr/bin/python3 /usr/bin/s        0    12032    12257    14444 
28207 codespace ./cli kernel images/4096x40        0   393336   393393   394608 
%CPU %MEM ARGS Fri Sep 25 20:58:27 UTC 2026
 0.0  0.0 grep --color=auto ./cli       0  2304
67.0  4.8 ./cli kernel images/4096x40   0 394608
  PID User     Command                         Swap      USS      PSS      RSS 
30991 codespace /usr/bin/python3 /usr/bin/s        0    12036    12257    14420 
28207 codespace ./cli kernel images/4096x40        0   393336   393393   394608 
%CPU %MEM ARGS Fri Sep 25 20:58:27 UTC 2026
 0.0  0.0 grep --color=auto ./cli       0  2160
66.9  4.8 ./cli kernel images/4096x40   1 394608
  PID User     Command                         Swap      USS      PSS      RSS 
30997 codespace /usr/bin/python3 /usr/bin/s        0    12040    12258    14484 
28207 codespace ./cli kernel images/4096x40        0   393336   393393   394608 
%CPU %MEM ARGS Fri Sep 25 20:58:28 UTC 2026
 0.0  0.0 grep --color=auto ./cli       1  2152
66.9  4.8 ./cli kernel images/4096x40   1 394608
  PID User     Command                         Swap      USS      PSS      RSS 
31009 codespace /usr/bin/python3 /usr/bin/s        0    12036    12268    14512 
28207 codespace ./cli kernel images/4096x40        0   393336   393393   394608 
%CPU %MEM ARGS Fri Sep 25 20:58:28 UTC 2026
 0.0  0.0 grep --color=auto ./cli       1  2204
66.9  4.8 ./cli kernel images/4096x40   0 394608
  PID User     Command                         Swap      USS      PSS      RSS 
31019 codespace /usr/bin/python3 /usr/bin/s        0    12044    12270    14452 
28207 codespace ./cli kernel images/4096x40        0   393336   393393   394608 
%CPU %MEM ARGS Fri Sep 25 20:58:29 UTC 2026
 0.0  0.0 grep --color=auto ./cli       1  2292
66.8  4.8 ./cli kernel images/4096x40   0 394608
  PID User     Command                         Swap      USS      PSS      RSS 
31024 codespace /usr/bin/python3 /usr/bin/s        0    12036    12257    14428 
28207 codespace ./cli kernel images/4096x40        0   393336   393393   394608 
%CPU %MEM ARGS Fri Sep 25 20:58:29 UTC 2026
 0.0  0.0 grep --color=auto ./cli       0  2152
66.8  4.8 ./cli kernel images/4096x40   1 394608
  PID User     Command                         Swap      USS      PSS      RSS 
31029 codespace /usr/bin/python3 /usr/bin/s        0    12032    12258    14448 
28207 codespace ./cli kernel images/4096x40        0   393336   393393   394608 
%CPU %MEM ARGS Fri Sep 25 20:58:29 UTC 2026
 0.0  0.0 grep --color=auto ./cli       0  2208
66.8  4.8 ./cli kernel images/4096x40   0 394608
  PID User     Command                         Swap      USS      PSS      RSS 
31035 codespace /usr/bin/python3 /usr/bin/s        0    12048    12303    14564 
28207 codespace ./cli kernel images/4096x40        0   393336   393393   394608 
%CPU %MEM ARGS Fri Sep 25 20:58:30 UTC 2026
 0.0  0.0 grep --color=auto ./cli       1  2248
66.8  4.8 ./cli kernel images/4096x40   0 394608
  PID User     Command                         Swap      USS      PSS      RSS 
31040 codespace /usr/bin/python3 /usr/bin/s        0    12036    12272    14488 
28207 codespace ./cli kernel images/4096x40        0   393336   393393   394608 
%CPU %MEM ARGS Fri Sep 25 20:58:30 UTC 2026
 0.0  0.0 grep --color=auto ./cli       1  2180
66.7  4.8 ./cli kernel images/4096x40   0 394608
  PID User     Command                         Swap      USS      PSS      RSS 
31052 codespace /usr/bin/python3 /usr/bin/s        0    12036    12263    14488 
28207 codespace ./cli kernel images/4096x40        0   393336   393393   394608 
%CPU %MEM ARGS Fri Sep 25 20:58:31 UTC 2026
 0.0  0.0 grep --color=auto ./cli       0  2180
66.7  4.8 ./cli kernel images/4096x40   1 394608
  PID User     Command                         Swap      USS      PSS      RSS 
31057 codespace /usr/bin/python3 /usr/bin/s        0    12040    12288    14564 
28207 codespace ./cli kernel images/4096x40        0   393336   393393   394608 
%CPU %MEM ARGS Fri Sep 25 20:58:31 UTC 2026
 0.0  0.0 grep --color=auto ./cli       0  2204
66.7  4.8 ./cli kernel images/4096x40   1 394608
  PID User     Command                         Swap      USS      PSS      RSS 
31063 codespace /usr/bin/python3 /usr/bin/s        0    12036    12265    14488 
28207 codespace ./cli kernel images/4096x40        0   393336   393393   394608 
%CPU %MEM ARGS Fri Sep 25 20:58:31 UTC 2026
 0.0  0.0 grep --color=auto ./cli       0  2160
66.7  4.8 ./cli kernel images/4096x40   1 394608
  PID User     Command                         Swap      USS      PSS      RSS 
31068 codespace /usr/bin/python3 /usr/bin/s        0    12036    12260    14452 
28207 codespace ./cli kernel images/4096x40        0   393336   393393   394608 
%CPU %MEM ARGS Fri Sep 25 20:58:32 UTC 2026
 0.0  0.0 grep --color=auto ./cli       1  2180
66.7  4.8 ./cli kernel images/4096x40   0 394608
  PID User     Command                         Swap      USS      PSS      RSS 
31073 codespace /usr/bin/python3 /usr/bin/s        0    12048    12274    14456 
28207 codespace ./cli kernel images/4096x40        0   393336   393393   394608 
%CPU %MEM ARGS Fri Sep 25 20:58:32 UTC 2026
 0.0  0.0 grep --color=auto ./cli       1  2172
66.6  4.8 ./cli kernel images/4096x40   0 394608
  PID User     Command                         Swap      USS      PSS      RSS 
31079 codespace /usr/bin/python3 /usr/bin/s        0    12040    12257    14568 
28207 codespace ./cli kernel images/4096x40        0   393336   393390   394608 
%CPU %MEM ARGS Fri Sep 25 20:58:33 UTC 2026
 0.0  0.0 grep --color=auto ./cli       1  2180
66.5  4.8 ./cli kernel images/4096x40   1 394608
  PID User     Command                         Swap      USS      PSS      RSS 
31102 codespace /usr/bin/python3 /usr/bin/s        0    12036    12266    14488 
28207 codespace ./cli kernel images/4096x40        0   393336   393393   394608 
%CPU %MEM ARGS Fri Sep 25 20:58:33 UTC 2026
 0.0  0.0 grep --color=auto ./cli       1  2344
66.5  4.8 ./cli kernel images/4096x40   0 394608
  PID User     Command                         Swap      USS      PSS      RSS 
31120 codespace /usr/bin/python3 /usr/bin/s        0    12040    12264    14460 
28207 codespace ./cli kernel images/4096x40        0   393336   393393   394608 
%CPU %MEM ARGS Fri Sep 25 20:58:34 UTC 2026
 0.0  0.0 grep --color=auto ./cli       1  2304
66.4  4.8 ./cli kernel images/4096x40   0 394608
  PID User     Command                         Swap      USS      PSS      RSS 
31125 codespace /usr/bin/python3 /usr/bin/s        0    12036    12263    14488 
28207 codespace ./cli kernel images/4096x40        0   393336   393393   394608 
%CPU %MEM ARGS Fri Sep 25 20:58:34 UTC 2026
 0.0  0.0 grep --color=auto ./cli       0  2300
66.4  4.8 ./cli kernel images/4096x40   1 394608
  PID User     Command                         Swap      USS      PSS      RSS 
31131 codespace /usr/bin/python3 /usr/bin/s        0    12036    12266    14504 
28207 codespace ./cli kernel images/4096x40        0   393336   393393   394608 
%CPU %MEM ARGS Fri Sep 25 20:58:35 UTC 2026
 0.0  0.0 grep --color=auto ./cli       0  2176
66.4  4.8 ./cli kernel images/4096x40   1 394608
  PID User     Command                         Swap      USS      PSS      RSS 
31142 codespace /usr/bin/python3 /usr/bin/s        0    12036    12260    14452 
28207 codespace ./cli kernel images/4096x40        0   393336   393393   394608 
%CPU %MEM ARGS Fri Sep 25 20:58:35 UTC 2026
 0.0  0.0 grep --color=auto ./cli       1  2296
66.4  4.8 ./cli kernel images/4096x40   1 394608
  PID User     Command                         Swap      USS      PSS      RSS 
31147 codespace /usr/bin/python3 /usr/bin/s        0    12040    12270    14508 
28207 codespace ./cli kernel images/4096x40        0   393336   393393   394608 
%CPU %MEM ARGS Fri Sep 25 20:58:35 UTC 2026
 0.0  0.0 grep --color=auto ./cli       0  2296
66.4  4.8 ./cli kernel images/4096x40   1 394608
  PID User     Command                         Swap      USS      PSS      RSS 
31153 codespace /usr/bin/python3 /usr/bin/s        0    12028    12256    14508 
28207 codespace ./cli kernel images/4096x40        0   393336   393393   394608 
%CPU %MEM ARGS Fri Sep 25 20:58:36 UTC 2026
 0.0  0.0 grep --color=auto ./cli       0  2168
66.4  4.8 ./cli kernel images/4096x40   1 394608
  PID User     Command                         Swap      USS      PSS      RSS 
31158 codespace /usr/bin/python3 /usr/bin/s        0    12040    12285    14548 
28207 codespace ./cli kernel images/4096x40        0   393336   393393   394608 
%CPU %MEM ARGS Fri Sep 25 20:58:36 UTC 2026
 0.0  0.0 grep --color=auto ./cli       1  2212
66.4  4.8 ./cli kernel images/4096x40   1 394608
  PID User     Command                         Swap      USS      PSS      RSS 
31163 codespace /usr/bin/python3 /usr/bin/s        0    12044    12271    14460 
28207 codespace ./cli kernel images/4096x40        0   393336   393393   394608 
%CPU %MEM ARGS Fri Sep 25 20:58:36 UTC 2026
 0.0  0.0 grep --color=auto ./cli       1  2136
66.4  4.8 ./cli kernel images/4096x40   1 394608
  PID User     Command                         Swap      USS      PSS      RSS 
31169 codespace /usr/bin/python3 /usr/bin/s        0    12044    12245    14452 
28207 codespace ./cli kernel images/4096x40        0   393336   393387   394608 
%CPU %MEM ARGS Fri Sep 25 20:58:37 UTC 2026
 0.0  0.0 grep --color=auto ./cli       0  2200
66.3  4.8 ./cli kernel images/4096x40   1 394608
  PID User     Command                         Swap      USS      PSS      RSS 
31180 codespace /usr/bin/python3 /usr/bin/s        0    12036    12263    14452 
28207 codespace ./cli kernel images/4096x40        0   393336   393393   394608 
%CPU %MEM ARGS Fri Sep 25 20:58:37 UTC 2026
 0.0  0.0 grep --color=auto ./cli       0  2176
66.3  4.8 ./cli kernel images/4096x40   0 394608
  PID User     Command                         Swap      USS      PSS      RSS 
31186 codespace /usr/bin/python3 /usr/bin/s        0    12036    12262    14452 
28207 codespace ./cli kernel images/4096x40        0   393336   393393   394608 
%CPU %MEM ARGS Fri Sep 25 20:58:38 UTC 2026
 0.0  0.0 grep --color=auto ./cli       0  2296
66.3  4.8 ./cli kernel images/4096x40   1 394608
  PID User     Command                         Swap      USS      PSS      RSS 
31191 codespace /usr/bin/python3 /usr/bin/s        0    12032    12260    14448 
28207 codespace ./cli kernel images/4096x40        0   393336   393393   394608 
%CPU %MEM ARGS Fri Sep 25 20:58:38 UTC 2026
 0.0  0.0 grep --color=auto ./cli       1  2176
66.3  4.8 ./cli kernel images/4096x40   1 394608
  PID User     Command                         Swap      USS      PSS      RSS 
31202 codespace /usr/bin/python3 /usr/bin/s        0    12036    12256    14596 
28207 codespace ./cli kernel images/4096x40        0   393336   393390   394608 
%CPU %MEM ARGS Fri Sep 25 20:58:38 UTC 2026
 0.0  0.0 grep --color=auto ./cli       0  2200
66.3  4.8 ./cli kernel images/4096x40   1 394608
  PID User     Command                         Swap      USS      PSS      RSS 
31208 codespace /usr/bin/python3 /usr/bin/s        0    12044    12270    14452 
28207 codespace ./cli kernel images/4096x40        0   393336   393393   394608 
%CPU %MEM ARGS Fri Sep 25 20:58:39 UTC 2026
 0.0  0.0 grep --color=auto ./cli       0  2172
66.2  4.8 ./cli kernel images/4096x40   0 394608
  PID User     Command                         Swap      USS      PSS      RSS 
31214 codespace /usr/bin/python3 /usr/bin/s        0    12040    12286    14596 
28207 codespace ./cli kernel images/4096x40        0   393336   393393   394608 
%CPU %MEM ARGS Fri Sep 25 20:58:39 UTC 2026
 0.0  0.0 grep --color=auto ./cli       1  2252
66.2  4.8 ./cli kernel images/4096x40   1 394608
  PID User     Command                         Swap      USS      PSS      RSS 
31225 codespace /usr/bin/python3 /usr/bin/s        0    12016    12246    14500 
28207 codespace ./cli kernel images/4096x40        0   393336   393393   394608 
%CPU %MEM ARGS Fri Sep 25 20:58:40 UTC 2026
 0.0  0.0 grep --color=auto ./cli       0  2164
66.2  4.8 ./cli kernel images/4096x40   1 394608
  PID User     Command                         Swap      USS      PSS      RSS 
31230 codespace /usr/bin/python3 /usr/bin/s        0    12040    12284    14596 
28207 codespace ./cli kernel images/4096x40        0   393336   393393   394608 
%CPU %MEM ARGS Fri Sep 25 20:58:40 UTC 2026
 0.0  0.0 grep --color=auto ./cli       1  2196
66.2  4.8 ./cli kernel images/4096x40   1 394608
  PID User     Command                         Swap      USS      PSS      RSS 
31235 codespace /usr/bin/python3 /usr/bin/s        0    12040    12268    14452 
28207 codespace ./cli kernel images/4096x40        0   393336   393393   394608 
%CPU %MEM ARGS Fri Sep 25 20:58:41 UTC 2026
 0.0  0.0 grep --color=auto ./cli       1  2308
66.2  4.8 ./cli kernel images/4096x40   0 394608
  PID User     Command                         Swap      USS      PSS      RSS 
31241 codespace /usr/bin/python3 /usr/bin/s        0    12048    12298    14560 
28207 codespace ./cli kernel images/4096x40        0   393336   393393   394608 
%CPU %MEM ARGS Fri Sep 25 20:58:41 UTC 2026
 0.0  0.0 grep --color=auto ./cli       1  2288
66.2  4.8 ./cli kernel images/4096x40   0 394608
  PID User     Command                         Swap      USS      PSS      RSS 
31246 codespace /usr/bin/python3 /usr/bin/s        0    12036    12240    14492 
28207 codespace ./cli kernel images/4096x40        0   393336   393387   394608 
%CPU %MEM ARGS Fri Sep 25 20:58:41 UTC 2026
 0.0  0.0 grep --color=auto ./cli       1  2248
66.1  4.8 ./cli kernel images/4096x40   1 394608
  PID User     Command                         Swap      USS      PSS      RSS 
31258 codespace /usr/bin/python3 /usr/bin/s        0    12036    12247    14480 
28207 codespace ./cli kernel images/4096x40        0   393336   393393   394608 
%CPU %MEM ARGS Fri Sep 25 20:58:42 UTC 2026
 0.0  0.0 grep --color=auto ./cli       0  2248
66.1  4.8 ./cli kernel images/4096x40   1 394608
  PID User     Command                         Swap      USS      PSS      RSS 
31263 codespace /usr/bin/python3 /usr/bin/s        0    12036    12264    14456 
28207 codespace ./cli kernel images/4096x40        0   393336   393393   394608 
%CPU %MEM ARGS Fri Sep 25 20:58:42 UTC 2026
 0.0  0.0 grep --color=auto ./cli       1  2296
66.1  4.8 ./cli kernel images/4096x40   0 394608
  PID User     Command                         Swap      USS      PSS      RSS 
31268 codespace /usr/bin/python3 /usr/bin/s        0    11996    12244    14552 
28207 codespace ./cli kernel images/4096x40        0   393336   393393   394608 
%CPU %MEM ARGS Fri Sep 25 20:58:42 UTC 2026
 0.0  0.0 grep --color=auto ./cli       0  2160
66.1  4.8 ./cli kernel images/4096x40   0 394608
  PID User     Command                         Swap      USS      PSS      RSS 
31274 codespace /usr/bin/python3 /usr/bin/s        0    12036    12264    14488 
28207 codespace ./cli kernel images/4096x40        0   393336   393393   394608 
%CPU %MEM ARGS Fri Sep 25 20:58:43 UTC 2026
 0.0  0.0 grep --color=auto ./cli       0  2160
66.1  4.8 ./cli kernel images/4096x40   1 394608
  PID User     Command                         Swap      USS      PSS      RSS 
31279 codespace /usr/bin/python3 /usr/bin/s        0    12036    12262    14452 
28207 codespace ./cli kernel images/4096x40        0   393336   393393   394608 
%CPU %MEM ARGS Fri Sep 25 20:58:43 UTC 2026
 0.0  0.0 grep --color=auto ./cli       1  2288
66.0  4.8 ./cli kernel images/4096x40   0 394608
  PID User     Command                         Swap      USS      PSS      RSS 
31295 codespace /usr/bin/python3 /usr/bin/s        0    12040    12250    14572 
28207 codespace ./cli kernel images/4096x40        0   393336   393388   394608 
%CPU %MEM ARGS Fri Sep 25 20:58:44 UTC 2026
 0.0  0.0 grep --color=auto ./cli       1  2156
65.9  4.8 ./cli kernel images/4096x40   1 394608
  PID User     Command                         Swap      USS      PSS      RSS 
31319 codespace /usr/bin/python3 /usr/bin/s        0    12016    12242    14424 
28207 codespace ./cli kernel images/4096x40        0   393336   393393   394608 
%CPU %MEM ARGS Fri Sep 25 20:58:44 UTC 2026
 0.0  0.0 grep --color=auto ./cli       1  2168
65.9  4.8 ./cli kernel images/4096x40   0 394608
  PID User     Command                         Swap      USS      PSS      RSS 
31325 codespace /usr/bin/python3 /usr/bin/s        0    12040    12266    14452 
28207 codespace ./cli kernel images/4096x40        0   393336   393393   394608 
%CPU %MEM ARGS Fri Sep 25 20:58:45 UTC 2026
 0.0  0.0 grep --color=auto ./cli       1  2172
65.9  4.8 ./cli kernel images/4096x40   0 394608
  PID User     Command                         Swap      USS      PSS      RSS 
31330 codespace /usr/bin/python3 /usr/bin/s        0    12048    12302    14564 
28207 codespace ./cli kernel images/4096x40        0   393336   393393   394608 
%CPU %MEM ARGS Fri Sep 25 20:58:45 UTC 2026
 0.0  0.0 grep --color=auto ./cli       1  2308
65.9  4.8 ./cli kernel images/4096x40   0 394608
  PID User     Command                         Swap      USS      PSS      RSS 
31335 codespace /usr/bin/python3 /usr/bin/s        0    12044    12274    14512 
28207 codespace ./cli kernel images/4096x40        0   393336   393393   394608 
%CPU %MEM ARGS Fri Sep 25 20:58:45 UTC 2026
 0.0  0.0 grep --color=auto ./cli       0  2308
65.8  4.8 ./cli kernel images/4096x40   1 394608
  PID User     Command                         Swap      USS      PSS      RSS 
31341 codespace /usr/bin/python3 /usr/bin/s        0    12036    12266    14516 
28207 codespace ./cli kernel images/4096x40        0   393336   393393   394608 
%CPU %MEM ARGS Fri Sep 25 20:58:46 UTC 2026
 0.0  0.0 grep --color=auto ./cli       0  2152
65.8  4.8 ./cli kernel images/4096x40   1 394608
  PID User     Command                         Swap      USS      PSS      RSS 
31349 codespace /usr/bin/python3 /usr/bin/s        0    12036    12268    14488 
28207 codespace ./cli kernel images/4096x40        0   393336   393393   394608 
%CPU %MEM ARGS Fri Sep 25 20:58:46 UTC 2026
 0.0  0.0 grep --color=auto ./cli       0  2340
65.8  4.8 ./cli kernel images/4096x40   1 394608
  PID User     Command                         Swap      USS      PSS      RSS 
31357 codespace /usr/bin/python3 /usr/bin/s        0    12044    12281    14472 
28207 codespace ./cli kernel images/4096x40        0   393336   393393   394608 
%CPU %MEM ARGS Fri Sep 25 20:58:47 UTC 2026
 0.0  0.0 grep --color=auto ./cli       0  2212
65.8  4.8 ./cli kernel images/4096x40   0 394608
  PID User     Command                         Swap      USS      PSS      RSS 
31363 codespace /usr/bin/python3 /usr/bin/s        0    12036    12269    14492 
28207 codespace ./cli kernel images/4096x40        0   393336   393393   394608 
%CPU %MEM ARGS Fri Sep 25 20:58:47 UTC 2026
 0.0  0.0 grep --color=auto ./cli       0  2288
65.8  4.8 ./cli kernel images/4096x40   1 394608
  PID User     Command                         Swap      USS      PSS      RSS 
31368 codespace /usr/bin/python3 /usr/bin/s        0    12032    12265    14488 
28207 codespace ./cli kernel images/4096x40        0   393336   393393   394608 
%CPU %MEM ARGS Fri Sep 25 20:58:47 UTC 2026
 0.0  0.0 grep --color=auto ./cli       0  2304
65.8  4.8 ./cli kernel images/4096x40   1 394608
  PID User     Command                         Swap      USS      PSS      RSS 
31374 codespace /usr/bin/python3 /usr/bin/s        0    12036    12267    14504 
28207 codespace ./cli kernel images/4096x40        0   393336   393393   394608 
%CPU %MEM ARGS Fri Sep 25 20:58:48 UTC 2026
 0.0  0.0 grep --color=auto ./cli       0  2152
65.8  4.8 ./cli kernel images/4096x40   0 394608
  PID User     Command                         Swap      USS      PSS      RSS 
31379 codespace /usr/bin/python3 /usr/bin/s        0    12036    12266    14488 
28207 codespace ./cli kernel images/4096x40        0   393336   393393   394608 
%CPU %MEM ARGS Fri Sep 25 20:58:48 UTC 2026
 0.0  0.0 grep --color=auto ./cli       1  2172
65.8  4.8 ./cli kernel images/4096x40   0 394608
  PID User     Command                         Swap      USS      PSS      RSS 
31388 codespace /usr/bin/python3 /usr/bin/s        0    12044    12272    14452 
28207 codespace ./cli kernel images/4096x40        0   393336   393393   394608 
%CPU %MEM ARGS Fri Sep 25 20:58:48 UTC 2026
 0.0  0.0 grep --color=auto ./cli       1  2308
65.7  4.8 ./cli kernel images/4096x40   0 394608
  PID User     Command                         Swap      USS      PSS      RSS 
31396 codespace /usr/bin/python3 /usr/bin/s        0    12040    12266    14448 
28207 codespace ./cli kernel images/4096x40        0   393336   393393   394608 
%CPU %MEM ARGS Fri Sep 25 20:58:49 UTC 2026
 0.0  0.0 grep --color=auto ./cli       0  2300
65.7  4.8 ./cli kernel images/4096x40   1 394608
  PID User     Command                         Swap      USS      PSS      RSS 
31401 codespace /usr/bin/python3 /usr/bin/s        0    12044    12290    14520 
28207 codespace ./cli kernel images/4096x40        0   393336   393393   394608 
%CPU %MEM ARGS Fri Sep 25 20:58:49 UTC 2026
 0.0  0.0 grep --color=auto ./cli       1  2168
65.7  4.8 ./cli kernel images/4096x40   1 394608
  PID User     Command                         Swap      USS      PSS      RSS 
31406 codespace /usr/bin/python3 /usr/bin/s        0    12040    12262    14568 
28207 codespace ./cli kernel images/4096x40        0   393336   393390   394608 
%CPU %MEM ARGS Fri Sep 25 20:58:50 UTC 2026
 0.0  0.0 grep --color=auto ./cli       1  2160
65.7  4.8 ./cli kernel images/4096x40   0 394608
  PID User     Command                         Swap      USS      PSS      RSS 
31418 codespace /usr/bin/python3 /usr/bin/s        0    12040    12277    14540 
28207 codespace ./cli kernel images/4096x40        0   393336   393393   394608 
%CPU %MEM ARGS Fri Sep 25 20:58:50 UTC 2026
 0.0  0.0 grep --color=auto ./cli       0  2172
65.7  4.8 ./cli kernel images/4096x40   1 394608
  PID User     Command                         Swap      USS      PSS      RSS 
31423 codespace /usr/bin/python3 /usr/bin/s        0    12040    12274    14508 
28207 codespace ./cli kernel images/4096x40        0   393336   393392   394608 
%CPU %MEM ARGS Fri Sep 25 20:58:50 UTC 2026
 0.0  0.0 grep --color=auto ./cli       1  2156
65.7  4.8 ./cli kernel images/4096x40   0 394608
  PID User     Command                         Swap      USS      PSS      RSS 
31435 codespace /usr/bin/python3 /usr/bin/s        0    12032    12257    14452 
28207 codespace ./cli kernel images/4096x40        0   393336   393393   394608 
%CPU %MEM ARGS Fri Sep 25 20:58:51 UTC 2026
 0.0  0.0 grep --color=auto ./cli       0  2168
65.7  4.8 ./cli kernel images/4096x40   1 394608
  PID User     Command                         Swap      USS      PSS      RSS 
31440 codespace /usr/bin/python3 /usr/bin/s        0    12036    12262    14452 
28207 codespace ./cli kernel images/4096x40        0   393336   393393   394608 
%CPU %MEM ARGS Fri Sep 25 20:58:51 UTC 2026
 0.0  0.0 grep --color=auto ./cli       1  2344
65.6  4.8 ./cli kernel images/4096x40   0 394608
  PID User     Command                         Swap      USS      PSS      RSS 
31445 codespace /usr/bin/python3 /usr/bin/s        0    12040    12286    14596 
28207 codespace ./cli kernel images/4096x40        0   393336   393393   394608 
%CPU %MEM ARGS Fri Sep 25 20:58:52 UTC 2026
 0.0  0.0 grep --color=auto ./cli       1  2264
65.6  4.8 ./cli kernel images/4096x40   0 394608
  PID User     Command                         Swap      USS      PSS      RSS 
31451 codespace /usr/bin/python3 /usr/bin/s        0    12036    12265    14512 
28207 codespace ./cli kernel images/4096x40        0   393336   393393   394608 
%CPU %MEM ARGS Fri Sep 25 20:58:52 UTC 2026
 0.0  0.0 grep --color=auto ./cli       0  2240
65.6  4.8 ./cli kernel images/4096x40   0 394608
  PID User     Command                         Swap      USS      PSS      RSS 
31456 codespace /usr/bin/python3 /usr/bin/s        0    12040    12261    14432 
28207 codespace ./cli kernel images/4096x40        0   393336   393393   394608 
%CPU %MEM ARGS Fri Sep 25 20:58:52 UTC 2026
 0.0  0.0 grep --color=auto ./cli       1  2140
65.6  4.8 ./cli kernel images/4096x40   1 394608
  PID User     Command                         Swap      USS      PSS      RSS 
31462 codespace /usr/bin/python3 /usr/bin/s        0    12036    12263    14488 
28207 codespace ./cli kernel images/4096x40        0   393336   393393   394608 
%CPU %MEM ARGS Fri Sep 25 20:58:53 UTC 2026
 0.0  0.0 grep --color=auto ./cli       0  2252
65.6  4.8 ./cli kernel images/4096x40   0 394608
  PID User     Command                         Swap      USS      PSS      RSS 
31473 codespace /usr/bin/python3 /usr/bin/s        0    12032    12262    14448 
28207 codespace ./cli kernel images/4096x40        0   393336   393393   394608 
%CPU %MEM ARGS Fri Sep 25 20:58:53 UTC 2026
 0.0  0.0 grep --color=auto ./cli       1  2156
65.6  4.8 ./cli kernel images/4096x40   1 394608
  PID User     Command                         Swap      USS      PSS      RSS 
31478 codespace /usr/bin/python3 /usr/bin/s        0    12036    12260    14456 
28207 codespace ./cli kernel images/4096x40        0   393336   393393   394608 
%CPU %MEM ARGS Fri Sep 25 20:58:54 UTC 2026
 0.0  0.0 grep --color=auto ./cli       1  2180
65.6  4.8 ./cli kernel images/4096x40   0 394608
  PID User     Command                         Swap      USS      PSS      RSS 
31484 codespace /usr/bin/python3 /usr/bin/s        0    12040    12272    14516 
28207 codespace ./cli kernel images/4096x40        0   393336   393393   394608 
%CPU %MEM ARGS Fri Sep 25 20:58:54 UTC 2026
 0.0  0.0 grep --color=auto ./cli       0   160
65.5  4.8 ./cli kernel images/4096x40   0 394608
  PID User     Command                         Swap      USS      PSS      RSS 
31501 codespace /usr/bin/python3 /usr/bin/s        0    12036    12263    14452 
28207 codespace ./cli kernel images/4096x40        0   393336   393393   394608 
%CPU %MEM ARGS Fri Sep 25 20:58:54 UTC 2026
 0.0  0.0 grep --color=auto ./cli       0  2212
65.5  4.8 ./cli kernel images/4096x40   0 394608
  PID User     Command                         Swap      USS      PSS      RSS 
31512 codespace /usr/bin/python3 /usr/bin/s        0    11992    12218    14472 
28207 codespace ./cli kernel images/4096x40        0   393336   393391   394608 
%CPU %MEM ARGS Fri Sep 25 20:58:55 UTC 2026
 0.0  0.0 grep --color=auto ./cli       0  2168
65.4  4.8 ./cli kernel images/4096x40   0 394608
  PID User     Command                         Swap      USS      PSS      RSS 
31528 codespace /usr/bin/python3 /usr/bin/s        0    12028    12243    14540 
28207 codespace ./cli kernel images/4096x40        0   393336   393390   394608 
%CPU %MEM ARGS Fri Sep 25 20:58:55 UTC 2026
 0.0  0.0 grep --color=auto ./cli       1  2340
65.4  4.8 ./cli kernel images/4096x40   1 394608
  PID User     Command                         Swap      USS      PSS      RSS 
31534 codespace /usr/bin/python3 /usr/bin/s        0    12036    12265    14520 
28207 codespace ./cli kernel images/4096x40        0   393336   393393   394608 
%CPU %MEM ARGS Fri Sep 25 20:58:56 UTC 2026
 0.0  0.0 grep --color=auto ./cli       1  2192
65.4  4.8 ./cli kernel images/4096x40   0 394608
  PID User     Command                         Swap      USS      PSS      RSS 
31539 codespace /usr/bin/python3 /usr/bin/s        0    12040    12267    14452 
28207 codespace ./cli kernel images/4096x40        0   393336   393393   394608 
%CPU %MEM ARGS Fri Sep 25 20:58:56 UTC 2026
 0.0  0.0 grep --color=auto ./cli       0  2172
65.4  4.8 ./cli kernel images/4096x40   1 394608
  PID User     Command                         Swap      USS      PSS      RSS 
31544 codespace /usr/bin/python3 /usr/bin/s        0    12036    12256    14484 
28207 codespace ./cli kernel images/4096x40        0   393336   393393   394608 
%CPU %MEM ARGS Fri Sep 25 20:58:57 UTC 2026
 0.0  0.0 grep --color=auto ./cli       0  2204
65.4  4.8 ./cli kernel images/4096x40   1 394608
  PID User     Command                         Swap      USS      PSS      RSS 
31550 codespace /usr/bin/python3 /usr/bin/s        0    12036    12268    14488 
28207 codespace ./cli kernel images/4096x40        0   393336   393393   394608 
%CPU %MEM ARGS Fri Sep 25 20:58:57 UTC 2026
 0.0  0.0 grep --color=auto ./cli       1  2324
65.3  4.8 ./cli kernel images/4096x40   1 394608
  PID User     Command                         Swap      USS      PSS      RSS 
31558 codespace /usr/bin/python3 /usr/bin/s        0    12044    12288    14604 
28207 codespace ./cli kernel images/4096x40        0   393336   393393   394608 
%CPU %MEM ARGS Fri Sep 25 20:58:57 UTC 2026
 0.0  0.0 grep --color=auto ./cli       0  2248
65.3  4.8 ./cli kernel images/4096x40   1 394608
  PID User     Command                         Swap      USS      PSS      RSS 
31567 codespace /usr/bin/python3 /usr/bin/s        0    12036    12264    14504 
28207 codespace ./cli kernel images/4096x40        0   393336   393393   394608 
%CPU %MEM ARGS Fri Sep 25 20:58:58 UTC 2026
 0.0  0.0 grep --color=auto ./cli       1  2152
65.3  4.8 ./cli kernel images/4096x40   0 394608
  PID User     Command                         Swap      USS      PSS      RSS 
31572 codespace /usr/bin/python3 /usr/bin/s        0    12036    12265    14488 
28207 codespace ./cli kernel images/4096x40        0   393336   393393   394608 
%CPU %MEM ARGS Fri Sep 25 20:58:58 UTC 2026
 0.0  0.0 grep --color=auto ./cli       1  2340
65.3  4.8 ./cli kernel images/4096x40   0 394608
  PID User     Command                         Swap      USS      PSS      RSS 
31577 codespace /usr/bin/python3 /usr/bin/s        0    12036    12264    14512 
28207 codespace ./cli kernel images/4096x40        0   393336   393393   394608 
%CPU %MEM ARGS Fri Sep 25 20:58:58 UTC 2026
 0.0  0.0 grep --color=auto ./cli       0  2304
65.3  4.8 ./cli kernel images/4096x40   0 394608
  PID User     Command                         Swap      USS      PSS      RSS 
31583 codespace /usr/bin/python3 /usr/bin/s        0    12036    12269    14492 
28207 codespace ./cli kernel images/4096x40        0   393336   393393   394608 
%CPU %MEM ARGS Fri Sep 25 20:58:59 UTC 2026
 0.0  0.0 grep --color=auto ./cli       0  2300
65.3  4.8 ./cli kernel images/4096x40   1 394608
  PID User     Command                         Swap      USS      PSS      RSS 
31588 codespace /usr/bin/python3 /usr/bin/s        0    12036    12268    14488 
28207 codespace ./cli kernel images/4096x40        0   393336   393387   394608 
%CPU %MEM ARGS Fri Sep 25 20:58:59 UTC 2026
 0.0  0.0 grep --color=auto ./cli       0  2180
65.2  4.8 ./cli kernel images/4096x40   0 394608
  PID User     Command                         Swap      USS      PSS      RSS 
31600 codespace /usr/bin/python3 /usr/bin/s        0    12032    12261    14508 
28207 codespace ./cli kernel images/4096x40        0   393336   393393   394608 
%CPU %MEM ARGS Fri Sep 25 20:59:00 UTC 2026
 0.0  0.0 grep --color=auto ./cli       1  2296
65.2  4.8 ./cli kernel images/4096x40   1 394608
  PID User     Command                         Swap      USS      PSS      RSS 
31605 codespace /usr/bin/python3 /usr/bin/s        0    12048    12297    14564 
28207 codespace ./cli kernel images/4096x40        0   393336   393393   394608 
%CPU %MEM ARGS Fri Sep 25 20:59:00 UTC 2026
 0.0  0.0 grep --color=auto ./cli       0  2248
65.2  4.8 ./cli kernel images/4096x40   1 394608
  PID User     Command                         Swap      USS      PSS      RSS 
31610 codespace /usr/bin/python3 /usr/bin/s        0    12036    12251    14480 
28207 codespace ./cli kernel images/4096x40        0   393336   393393   394608 
%CPU %MEM ARGS Fri Sep 25 20:59:01 UTC 2026
 0.0  0.0 grep --color=auto ./cli       0  2180
65.2  4.8 ./cli kernel images/4096x40   1 394608
  PID User     Command                         Swap      USS      PSS      RSS 
31616 codespace /usr/bin/python3 /usr/bin/s        0    12036    12259    14560 
28207 codespace ./cli kernel images/4096x40        0   393336   393390   394608 
%CPU %MEM ARGS Fri Sep 25 20:59:01 UTC 2026
 0.0  0.0 grep --color=auto ./cli       1  2308
65.2  4.8 ./cli kernel images/4096x40   1 394608
  PID User     Command                         Swap      USS      PSS      RSS 
31626 codespace /usr/bin/python3 /usr/bin/s        0    12048    12301    14564 
28207 codespace ./cli kernel images/4096x40        0   393336   393393   394608 
%CPU %MEM ARGS Fri Sep 25 20:59:01 UTC 2026
 0.0  0.0 grep --color=auto ./cli       0  2244
65.1  4.8 ./cli kernel images/4096x40   0 394608
  PID User     Command                         Swap      USS      PSS      RSS 
31635 codespace /usr/bin/python3 /usr/bin/s        0    12036    12276    14544 
28207 codespace ./cli kernel images/4096x40        0   393336   393393   394608 
%CPU %MEM ARGS Fri Sep 25 20:59:02 UTC 2026
 0.0  0.0 grep --color=auto ./cli       0  2304
65.1  4.8 ./cli kernel images/4096x40   0 394608
  PID User     Command                         Swap      USS      PSS      RSS 
31643 codespace /usr/bin/python3 /usr/bin/s        0    12048    12274    14456 
28207 codespace ./cli kernel images/4096x40        0   393336   393393   394608 
%CPU %MEM ARGS Fri Sep 25 20:59:02 UTC 2026
 0.0  0.0 grep --color=auto ./cli       1  2160
65.1  4.8 ./cli kernel images/4096x40   0 394608
  PID User     Command                         Swap      USS      PSS      RSS 
31648 codespace /usr/bin/python3 /usr/bin/s        0    12040    12290    14564 
28207 codespace ./cli kernel images/4096x40        0   393336   393393   394608 
%CPU %MEM ARGS Fri Sep 25 20:59:03 UTC 2026
 0.0  0.0 grep --color=auto ./cli       1  2196
65.1  4.8 ./cli kernel images/4096x40   1 394608
  PID User     Command                         Swap      USS      PSS      RSS 
31654 codespace /usr/bin/python3 /usr/bin/s        0    12044    12274    14524 
28207 codespace ./cli kernel images/4096x40        0   393336   393393   394608 
%CPU %MEM ARGS Fri Sep 25 20:59:03 UTC 2026
 0.0  0.0 grep --color=auto ./cli       1  2248
65.1  4.8 ./cli kernel images/4096x40   0 394608
  PID User     Command                         Swap      USS      PSS      RSS 
31659 codespace /usr/bin/python3 /usr/bin/s        0    12036    12265    14504 
28207 codespace ./cli kernel images/4096x40        0   393336   393393   394608 
%CPU %MEM ARGS Fri Sep 25 20:59:03 UTC 2026
 0.0  0.0 grep --color=auto ./cli       0  2156
65.1  4.8 ./cli kernel images/4096x40   1 394608
  PID User     Command                         Swap      USS      PSS      RSS 
31665 codespace /usr/bin/python3 /usr/bin/s        0    12040    12251    14452 
28207 codespace ./cli kernel images/4096x40        0   393336   393391   394608 
%CPU %MEM ARGS Fri Sep 25 20:59:04 UTC 2026
 0.0  0.0 grep --color=auto ./cli       1  2172
65.1  4.8 ./cli kernel images/4096x40   0 394608
  PID User     Command                         Swap      USS      PSS      RSS 
31676 codespace /usr/bin/python3 /usr/bin/s        0    12032    12265    14508 
28207 codespace ./cli kernel images/4096x40        0   393336   393393   394608 
%CPU %MEM ARGS Fri Sep 25 20:59:04 UTC 2026
 0.0  0.0 grep --color=auto ./cli       1  1960
65.0  4.8 ./cli kernel images/4096x40   1 394608
  PID User     Command                         Swap      USS      PSS      RSS 
31688 codespace /usr/bin/python3 /usr/bin/s        0    12032    12236    14492 
28207 codespace ./cli kernel images/4096x40        0   393336   393391   394608 
%CPU %MEM ARGS Fri Sep 25 20:59:05 UTC 2026
 0.0  0.0 grep --color=auto ./cli       0  2156
65.0  4.8 ./cli kernel images/4096x40   0 394608
  PID User     Command                         Swap      USS      PSS      RSS 
31705 codespace /usr/bin/python3 /usr/bin/s        0    12036    12264    14516 
28207 codespace ./cli kernel images/4096x40        0   393336   393393   394608 
%CPU %MEM ARGS Fri Sep 25 20:59:05 UTC 2026
 0.0  0.0 grep --color=auto ./cli       1  2192
65.0  4.8 ./cli kernel images/4096x40   1 394608
  PID User     Command                         Swap      USS      PSS      RSS 
31710 codespace /usr/bin/python3 /usr/bin/s        0    12048    12296    14564 
28207 codespace ./cli kernel images/4096x40        0   393336   393393   394608 
%CPU %MEM ARGS Fri Sep 25 20:59:06 UTC 2026
 0.0  0.0 grep --color=auto ./cli       1  2292
64.9  4.8 ./cli kernel images/4096x40   0 394608
  PID User     Command                         Swap      USS      PSS      RSS 
31716 codespace /usr/bin/python3 /usr/bin/s        0    12044    12287    14600 
28207 codespace ./cli kernel images/4096x40        0   393336   393393   394608 
%CPU %MEM ARGS Fri Sep 25 20:59:06 UTC 2026
 0.0  0.0 grep --color=auto ./cli       0  2164
64.9  4.8 ./cli kernel images/4096x40   1 394608
  PID User     Command                         Swap      USS      PSS      RSS 
31727 codespace /usr/bin/python3 /usr/bin/s        0    12040    12267    14460 
28207 codespace ./cli kernel images/4096x40        0   393336   393393   394608 
%CPU %MEM ARGS Fri Sep 25 20:59:06 UTC 2026
 0.0  0.0 grep --color=auto ./cli       1  2168
64.9  4.8 ./cli kernel images/4096x40   0 394608
  PID User     Command                         Swap      USS      PSS      RSS 
31738 codespace /usr/bin/python3 /usr/bin/s        0    12032    12219    14420 
28207 codespace ./cli kernel images/4096x40        0   393336   393391   394608 
%CPU %MEM ARGS Fri Sep 25 20:59:07 UTC 2026
 0.0  0.0 grep --color=auto ./cli       0  2160
64.8  4.8 ./cli kernel images/4096x40   1 394608
  PID User     Command                         Swap      USS      PSS      RSS 
31744 codespace /usr/bin/python3 /usr/bin/s        0    12036    12266    14504 
28207 codespace ./cli kernel images/4096x40        0   393336   393393   394608 
%CPU %MEM ARGS Fri Sep 25 20:59:07 UTC 2026
 0.0  0.0 grep --color=auto ./cli       0  2264
64.8  4.8 ./cli kernel images/4096x40   0 394608
  PID User     Command                         Swap      USS      PSS      RSS 
31749 codespace /usr/bin/python3 /usr/bin/s        0    12036    12261    14456 
28207 codespace ./cli kernel images/4096x40        0   393336   393393   394608 
%CPU %MEM ARGS Fri Sep 25 20:59:07 UTC 2026
 0.0  0.0 grep --color=auto ./cli       1  2252
64.8  4.8 ./cli kernel images/4096x40   0 394608
  PID User     Command                         Swap      USS      PSS      RSS 
31755 codespace /usr/bin/python3 /usr/bin/s        0    12036    12270    14504 
28207 codespace ./cli kernel images/4096x40        0   393336   393393   394608 
%CPU %MEM ARGS Fri Sep 25 20:59:08 UTC 2026
 0.0  0.0 grep --color=auto ./cli       1  2196
64.8  4.8 ./cli kernel images/4096x40   1 394608
  PID User     Command                         Swap      USS      PSS      RSS 
31760 codespace /usr/bin/python3 /usr/bin/s        0    12044    12271    14452 
28207 codespace ./cli kernel images/4096x40        0   393336   393393   394608 
%CPU %MEM ARGS Fri Sep 25 20:59:08 UTC 2026
 0.0  0.0 grep --color=auto ./cli       0  2248
64.7  4.8 ./cli kernel images/4096x40   0 394608
  PID User     Command                         Swap      USS      PSS      RSS 
31771 codespace /usr/bin/python3 /usr/bin/s        0    12040    12284    14596 
28207 codespace ./cli kernel images/4096x40        0   393336   393393   394608 
%CPU %MEM ARGS Fri Sep 25 20:59:09 UTC 2026
 0.0  0.0 grep --color=auto ./cli       0  2248
64.7  4.8 ./cli kernel images/4096x40   1 394608
  PID User     Command                         Swap      USS      PSS      RSS 
31777 codespace /usr/bin/python3 /usr/bin/s        0    12036    12266    14504 
28207 codespace ./cli kernel images/4096x40        0   393336   393393   394608 
%CPU %MEM ARGS Fri Sep 25 20:59:09 UTC 2026
 0.0  0.0 grep --color=auto ./cli       1  2180
64.7  4.8 ./cli kernel images/4096x40   0 394608
  PID User     Command                         Swap      USS      PSS      RSS 
31782 codespace /usr/bin/python3 /usr/bin/s        0    12032    12273    14540 
28207 codespace ./cli kernel images/4096x40        0   393336   393393   394608 
%CPU %MEM ARGS Fri Sep 25 20:59:09 UTC 2026
 0.0  0.0 grep --color=auto ./cli       0  2304
64.7  4.8 ./cli kernel images/4096x40   1 394608
  PID User     Command                         Swap      USS      PSS      RSS 
31787 codespace /usr/bin/python3 /usr/bin/s        0    12044    12271    14452 
28207 codespace ./cli kernel images/4096x40        0   393336   393393   394608 
%CPU %MEM ARGS Fri Sep 25 20:59:10 UTC 2026
 0.0  0.0 grep --color=auto ./cli       1  2160
64.7  4.8 ./cli kernel images/4096x40   0 394608
  PID User     Command                         Swap      USS      PSS      RSS 
31793 codespace /usr/bin/python3 /usr/bin/s        0    12036    12268    14516 
28207 codespace ./cli kernel images/4096x40        0   393336   393393   394608 
%CPU %MEM ARGS Fri Sep 25 20:59:10 UTC 2026
 0.0  0.0 grep --color=auto ./cli       0  2180
64.7  4.8 ./cli kernel images/4096x40   1 394608
  PID User     Command                         Swap      USS      PSS      RSS 
31801 codespace /usr/bin/python3 /usr/bin/s        0    12040    12288    14596 
28207 codespace ./cli kernel images/4096x40        0   393336   393393   394608 
%CPU %MEM ARGS Fri Sep 25 20:59:11 UTC 2026
 0.0  0.0 grep --color=auto ./cli       0  2296
64.7  4.8 ./cli kernel images/4096x40   1 394608
  PID User     Command                         Swap      USS      PSS      RSS 
31810 codespace /usr/bin/python3 /usr/bin/s        0    12036    12267    14492 
28207 codespace ./cli kernel images/4096x40        0   393336   393393   394608 
%CPU %MEM ARGS Fri Sep 25 20:59:11 UTC 2026
 0.0  0.0 grep --color=auto ./cli       1  2168
64.6  4.8 ./cli kernel images/4096x40   0 394608
  PID User     Command                         Swap      USS      PSS      RSS 
31815 codespace /usr/bin/python3 /usr/bin/s        0    12004    12233    14456 
28207 codespace ./cli kernel images/4096x40        0   393336   393393   394608 
%CPU %MEM ARGS Fri Sep 25 20:59:12 UTC 2026
 0.0  0.0 grep --color=auto ./cli       0  2340
64.5  4.8 ./cli kernel images/4096x40   1 394608
  PID User     Command                         Swap      USS      PSS      RSS 
31821 codespace /usr/bin/python3 /usr/bin/s        0    12036    12267    14488 
28207 codespace ./cli kernel images/4096x40        0   393336   393393   394608 
%CPU %MEM ARGS Fri Sep 25 20:59:12 UTC 2026
 0.0  0.0 grep --color=auto ./cli       1  2212
64.5  4.8 ./cli kernel images/4096x40   0 394608
  PID User     Command                         Swap      USS      PSS      RSS 
31832 codespace /usr/bin/python3 /usr/bin/s        0    12032    12236    14488 
28207 codespace ./cli kernel images/4096x40        0   393336   393390   394608 
%CPU %MEM ARGS Fri Sep 25 20:59:12 UTC 2026
 0.0  0.0 grep --color=auto ./cli       0  2248
64.5  4.8 ./cli kernel images/4096x40   0 394608
  PID User     Command                         Swap      USS      PSS      RSS 
31837 codespace /usr/bin/python3 /usr/bin/s        0    12032    12245    14516 
28207 codespace ./cli kernel images/4096x40        0   393336   393386   394608 
%CPU %MEM ARGS Fri Sep 25 20:59:13 UTC 2026
 0.0  0.0 grep --color=auto ./cli       1  2200
64.5  4.8 ./cli kernel images/4096x40   0 394608
  PID User     Command                         Swap      USS      PSS      RSS 
31849 codespace /usr/bin/python3 /usr/bin/s        0    12036    12266    14520 
28207 codespace ./cli kernel images/4096x40        0   393336   393393   394608 
%CPU %MEM ARGS Fri Sep 25 20:59:13 UTC 2026
 0.0  0.0 grep --color=auto ./cli       1  2248
64.5  4.8 ./cli kernel images/4096x40   0 394608
  PID User     Command                         Swap      USS      PSS      RSS 
31854 codespace /usr/bin/python3 /usr/bin/s        0    12040    12268    14524 
28207 codespace ./cli kernel images/4096x40        0   393336   393393   394608 
%CPU %MEM ARGS Fri Sep 25 20:59:14 UTC 2026
 0.0  0.0 grep --color=auto ./cli       0  2180
64.5  4.8 ./cli kernel images/4096x40   1 394608
  PID User     Command                         Swap      USS      PSS      RSS 
31860 codespace /usr/bin/python3 /usr/bin/s        0    12048    12296    14564 
28207 codespace ./cli kernel images/4096x40        0   393336   393393   394608 
%CPU %MEM ARGS Fri Sep 25 20:59:14 UTC 2026
 0.0  0.0 grep --color=auto ./cli       1  2180
64.5  4.8 ./cli kernel images/4096x40   0 394608
  PID User     Command                         Swap      USS      PSS      RSS 
31865 codespace /usr/bin/python3 /usr/bin/s        0    12036    12276    14544 
28207 codespace ./cli kernel images/4096x40        0   393336   393393   394608 
%CPU %MEM ARGS Fri Sep 25 20:59:14 UTC 2026
 0.0  0.0 grep --color=auto ./cli       0  2248
64.5  4.8 ./cli kernel images/4096x40   1 394608
  PID User     Command                         Swap      USS      PSS      RSS 
31870 codespace /usr/bin/python3 /usr/bin/s        0    12040    12267    14452 
28207 codespace ./cli kernel images/4096x40        0   393336   393393   394608 
%CPU %MEM ARGS Fri Sep 25 20:59:15 UTC 2026
 0.0  0.0 grep --color=auto ./cli       0  2248
64.4  4.8 ./cli kernel images/4096x40   0 394608
  PID User     Command                         Swap      USS      PSS      RSS 
31882 codespace /usr/bin/python3 /usr/bin/s        0    12036    12263    14492 
28207 codespace ./cli kernel images/4096x40        0   393336   393390   394608 
%CPU %MEM ARGS Fri Sep 25 20:59:15 UTC 2026
 0.0  0.0 grep --color=auto ./cli       1  2252
64.4  4.8 ./cli kernel images/4096x40   1 394608
  PID User     Command                         Swap      USS      PSS      RSS 
31905 codespace /usr/bin/python3 /usr/bin/s        0    12040    12277    14548 
28207 codespace ./cli kernel images/4096x40        0   393336   393393   394608 
%CPU %MEM ARGS Fri Sep 25 20:59:16 UTC 2026
 0.0  0.0 grep --color=auto ./cli       0  2344
64.4  4.8 ./cli kernel images/4096x40   1 394608
  PID User     Command                         Swap      USS      PSS      RSS 
31911 codespace /usr/bin/python3 /usr/bin/s        0    12036    12268    14492 
28207 codespace ./cli kernel images/4096x40        0   393336   393393   394608 
%CPU %MEM ARGS Fri Sep 25 20:59:16 UTC 2026
 0.0  0.0 grep --color=auto ./cli       1  2248
64.4  4.8 ./cli kernel images/4096x40   1 394608
  PID User     Command                         Swap      USS      PSS      RSS 
31916 codespace /usr/bin/python3 /usr/bin/s        0    12040    12281    14596 
28207 codespace ./cli kernel images/4096x40        0   393336   393393   394608 
%CPU %MEM ARGS Fri Sep 25 20:59:16 UTC 2026
 0.0  0.0 grep --color=auto ./cli       0  2304
64.4  4.8 ./cli kernel images/4096x40   0 394608
  PID User     Command                         Swap      USS      PSS      RSS 
31921 codespace /usr/bin/python3 /usr/bin/s        0    12036    12263    14452 
28207 codespace ./cli kernel images/4096x40        0   393336   393393   394608 
%CPU %MEM ARGS Fri Sep 25 20:59:17 UTC 2026
 0.0  0.0 grep --color=auto ./cli       1  2128
64.4  4.8 ./cli kernel images/4096x40   0 394608
  PID User     Command                         Swap      USS      PSS      RSS 
31927 codespace /usr/bin/python3 /usr/bin/s        0    12044    12288    14568 
28207 codespace ./cli kernel images/4096x40        0   393336   393393   394608 
%CPU %MEM ARGS Fri Sep 25 20:59:17 UTC 2026
 0.0  0.0 grep --color=auto ./cli       0  2212
64.3  4.8 ./cli kernel images/4096x40   0 394608
  PID User     Command                         Swap      USS      PSS      RSS 
31936 codespace /usr/bin/python3 /usr/bin/s        0    12036    12280    14544 
28207 codespace ./cli kernel images/4096x40        0   393336   393393   394608 
%CPU %MEM ARGS Fri Sep 25 20:59:18 UTC 2026
 0.0  0.0 grep --color=auto ./cli       1  2192
64.3  4.8 ./cli kernel images/4096x40   1 394608
  PID User     Command                         Swap      USS      PSS      RSS 
31950 codespace /usr/bin/python3 /usr/bin/s        0    12032    12248    14596 
28207 codespace ./cli kernel images/4096x40        0   393336   393391   394608 
%CPU %MEM ARGS Fri Sep 25 20:59:18 UTC 2026
 0.0  0.0 grep --color=auto ./cli       0  2156
64.3  4.8 ./cli kernel images/4096x40   1 394608
  PID User     Command                         Swap      USS      PSS      RSS 
31955 codespace /usr/bin/python3 /usr/bin/s        0    12044    12270    14452 
28207 codespace ./cli kernel images/4096x40        0   393336   393393   394608 
%CPU %MEM ARGS Fri Sep 25 20:59:19 UTC 2026
 0.0  0.0 grep --color=auto ./cli       1  2180
64.3  4.8 ./cli kernel images/4096x40   0 394608
  PID User     Command                         Swap      USS      PSS      RSS 
31961 codespace /usr/bin/python3 /usr/bin/s        0    12040    12267    14492 
28207 codespace ./cli kernel images/4096x40        0   393336   393393   394608 
%CPU %MEM ARGS Fri Sep 25 20:59:19 UTC 2026
 0.0  0.0 grep --color=auto ./cli       0  2344
64.3  4.8 ./cli kernel images/4096x40   1 394608
  PID User     Command                         Swap      USS      PSS      RSS 
31966 codespace /usr/bin/python3 /usr/bin/s        0    12048    12278    14464 
28207 codespace ./cli kernel images/4096x40        0   393336   393393   394608 
%CPU %MEM ARGS Fri Sep 25 20:59:19 UTC 2026
 0.0  0.0 grep --color=auto ./cli       1  2340
64.3  4.8 ./cli kernel images/4096x40   1 394608
  PID User     Command                         Swap      USS      PSS      RSS 
31974 codespace /usr/bin/python3 /usr/bin/s        0    12036    12263    14452 
28207 codespace ./cli kernel images/4096x40        0   393336   393393   394608 
%CPU %MEM ARGS Fri Sep 25 20:59:20 UTC 2026
 0.0  0.0 grep --color=auto ./cli       1  2340
64.3  4.8 ./cli kernel images/4096x40   1 394608
  PID User     Command                         Swap      USS      PSS      RSS 
31983 codespace /usr/bin/python3 /usr/bin/s        0    12040    12266    14452 
28207 codespace ./cli kernel images/4096x40        0   393336   393393   394608 
%CPU %MEM ARGS Fri Sep 25 20:59:20 UTC 2026
 0.0  0.0 grep --color=auto ./cli       1  2340
64.3  4.8 ./cli kernel images/4096x40   0 394608
  PID User     Command                         Swap      USS      PSS      RSS 
31988 codespace /usr/bin/python3 /usr/bin/s        0    12036    12265    14488 
28207 codespace ./cli kernel images/4096x40        0   393336   393393   394608 
%CPU %MEM ARGS Fri Sep 25 20:59:21 UTC 2026
 0.0  0.0 grep --color=auto ./cli       1  2304
64.3  4.8 ./cli kernel images/4096x40   0 394608
  PID User     Command                         Swap      USS      PSS      RSS 
31994 codespace /usr/bin/python3 /usr/bin/s        0    12032    12259    14452 
28207 codespace ./cli kernel images/4096x40        0   393336   393393   394608 
%CPU %MEM ARGS Fri Sep 25 20:59:21 UTC 2026
 0.0  0.0 grep --color=auto ./cli       0  2168
64.3  4.8 ./cli kernel images/4096x40   1 394608
  PID User     Command                         Swap      USS      PSS      RSS 
31999 codespace /usr/bin/python3 /usr/bin/s        0    12036    12263    14508 
28207 codespace ./cli kernel images/4096x40        0   393336   393393   394608 
%CPU %MEM ARGS Fri Sep 25 20:59:21 UTC 2026
 0.0  0.0 grep --color=auto ./cli       1  2248
64.3  4.8 ./cli kernel images/4096x40   1 394608
  PID User     Command                         Swap      USS      PSS      RSS 
32004 codespace /usr/bin/python3 /usr/bin/s        0    12036    12275    14544 
28207 codespace ./cli kernel images/4096x40        0   393336   393392   394608 
%CPU %MEM ARGS Fri Sep 25 20:59:22 UTC 2026
 0.0  0.0 grep --color=auto ./cli       1  2212
64.2  4.8 ./cli kernel images/4096x40   1 394608
  PID User     Command                         Swap      USS      PSS      RSS 
32016 codespace /usr/bin/python3 /usr/bin/s        0    12036    12266    14500 
28207 codespace ./cli kernel images/4096x40        0   393336   393393   394608 
%CPU %MEM ARGS Fri Sep 25 20:59:22 UTC 2026
 0.0  0.0 grep --color=auto ./cli       1  2304
64.2  4.8 ./cli kernel images/4096x40   0 394608
  PID User     Command                         Swap      USS      PSS      RSS 
32021 codespace /usr/bin/python3 /usr/bin/s        0    12044    12274    14528 
28207 codespace ./cli kernel images/4096x40        0   393336   393393   394608 
%CPU %MEM ARGS Fri Sep 25 20:59:23 UTC 2026
 0.0  0.0 grep --color=auto ./cli       0  2192
64.2  4.8 ./cli kernel images/4096x40   1 394608
  PID User     Command                         Swap      USS      PSS      RSS 
32027 codespace /usr/bin/python3 /usr/bin/s        0    12040    12266    14456 
28207 codespace ./cli kernel images/4096x40        0   393336   393393   394608 
%CPU %MEM ARGS Fri Sep 25 20:59:23 UTC 2026
 0.0  0.0 grep --color=auto ./cli       0  2340
64.2  4.8 ./cli kernel images/4096x40   1 394608
  PID User     Command                         Swap      USS      PSS      RSS 
32032 codespace /usr/bin/python3 /usr/bin/s        0    12044    12282    14568 
28207 codespace ./cli kernel images/4096x40        0   393336   393393   394608 
%CPU %MEM ARGS Fri Sep 25 20:59:23 UTC 2026
 0.0  0.0 grep --color=auto ./cli       0  2160
64.2  4.8 ./cli kernel images/4096x40   1 394608
  PID User     Command                         Swap      USS      PSS      RSS 
32043 codespace /usr/bin/python3 /usr/bin/s        0    12036    12233    14432 
28207 codespace ./cli kernel images/4096x40        0   393336   393391   394608 
%CPU %MEM ARGS Fri Sep 25 20:59:24 UTC 2026
 0.0  0.0 grep --color=auto ./cli       1  2252
64.2  4.8 ./cli kernel images/4096x40   1 394608
  PID User     Command                         Swap      USS      PSS      RSS 
32049 codespace /usr/bin/python3 /usr/bin/s        0    12036    12263    14452 
28207 codespace ./cli kernel images/4096x40        0   393336   393393   394608 
%CPU %MEM ARGS Fri Sep 25 20:59:24 UTC 2026
 0.0  0.0 grep --color=auto ./cli       1  2288
64.2  4.8 ./cli kernel images/4096x40   0 394608
  PID User     Command                         Swap      USS      PSS      RSS 
32060 codespace /usr/bin/python3 /usr/bin/s        0    12036    12257    14460 
28207 codespace ./cli kernel images/4096x40        0   393336   393393   394608 
%CPU %MEM ARGS Fri Sep 25 20:59:25 UTC 2026
 0.0  0.0 grep --color=auto ./cli       1  2296
64.1  4.8 ./cli kernel images/4096x40   0 394608
  PID User     Command                         Swap      USS      PSS      RSS 
32066 codespace /usr/bin/python3 /usr/bin/s        0    12036    12266    14488 
28207 codespace ./cli kernel images/4096x40        0   393336   393393   394608 
%CPU %MEM ARGS Fri Sep 25 20:59:25 UTC 2026
 0.0  0.0 grep --color=auto ./cli       0  2152
64.1  4.8 ./cli kernel images/4096x40   1 394608
  PID User     Command                         Swap      USS      PSS      RSS 
32071 codespace /usr/bin/python3 /usr/bin/s        0    12044    12285    14568 
28207 codespace ./cli kernel images/4096x40        0   393336   393393   394608 
%CPU %MEM ARGS Fri Sep 25 20:59:25 UTC 2026
 0.0  0.0 grep --color=auto ./cli       0  2192
64.1  4.8 ./cli kernel images/4096x40   1 394608
  PID User     Command                         Swap      USS      PSS      RSS 
32082 codespace /usr/bin/python3 /usr/bin/s        0    12036    12263    14512 
28207 codespace ./cli kernel images/4096x40        0   393336   393393   394608 
%CPU %MEM ARGS Fri Sep 25 20:59:26 UTC 2026
 0.0  0.0 grep --color=auto ./cli       1  2180
64.1  4.8 ./cli kernel images/4096x40   1 394608
  PID User     Command                         Swap      USS      PSS      RSS 
32100 codespace /usr/bin/python3 /usr/bin/s        0    12044    12287    14568 
28207 codespace ./cli kernel images/4096x40        0   393336   393393   394608 
%CPU %MEM ARGS Fri Sep 25 20:59:26 UTC 2026
 0.0  0.0 grep --color=auto ./cli       0  2288
64.0  4.8 ./cli kernel images/4096x40   0 394608
  PID User     Command                         Swap      USS      PSS      RSS 
32111 codespace /usr/bin/python3 /usr/bin/s        0    12036    12263    14488 
28207 codespace ./cli kernel images/4096x40        0   393336   393393   394608 
%CPU %MEM ARGS Fri Sep 25 20:59:26 UTC 2026
 0.0  0.0 grep --color=auto ./cli       0  2160
64.0  4.8 ./cli kernel images/4096x40   0 394608
  PID User     Command                         Swap      USS      PSS      RSS 
32116 codespace /usr/bin/python3 /usr/bin/s        0    12044    12293    14560 
28207 codespace ./cli kernel images/4096x40        0   393336   393393   394608 
%CPU %MEM ARGS Fri Sep 25 20:59:27 UTC 2026
 0.0  0.0 grep --color=auto ./cli       1  2204
64.0  4.8 ./cli kernel images/4096x40   0 394608
  PID User     Command                         Swap      USS      PSS      RSS 
32122 codespace /usr/bin/python3 /usr/bin/s        0    12032    12262    14500 
28207 codespace ./cli kernel images/4096x40        0   393336   393393   394608 
%CPU %MEM ARGS Fri Sep 25 20:59:27 UTC 2026
 0.0  0.0 grep --color=auto ./cli       0  2208
64.0  4.8 ./cli kernel images/4096x40   0 394608
  PID User     Command                         Swap      USS      PSS      RSS 
32127 codespace /usr/bin/python3 /usr/bin/s        0    12044    12293    14560 
28207 codespace ./cli kernel images/4096x40        0   393336   393393   394608 
%CPU %MEM ARGS Fri Sep 25 20:59:28 UTC 2026
 0.0  0.0 grep --color=auto ./cli       0  2300
64.0  4.8 ./cli kernel images/4096x40   1 394608
  PID User     Command                         Swap      USS      PSS      RSS 
32133 codespace /usr/bin/python3 /usr/bin/s        0    12044    12288    14600 
28207 codespace ./cli kernel images/4096x40        0   393336   393393   394608 
%CPU %MEM ARGS Fri Sep 25 20:59:28 UTC 2026
 0.0  0.0 grep --color=auto ./cli       1  2248
63.9  4.8 ./cli kernel images/4096x40   0 394608
  PID User     Command                         Swap      USS      PSS      RSS 
32138 codespace /usr/bin/python3 /usr/bin/s        0    12040    12269    14508 
28207 codespace ./cli kernel images/4096x40        0   393336   393393   394608 
%CPU %MEM ARGS Fri Sep 25 20:59:29 UTC 2026
 0.0  0.0 grep --color=auto ./cli       0  2200
63.9  4.8 ./cli kernel images/4096x40   1 394608
  PID User     Command                         Swap      USS      PSS      RSS 
32149 codespace /usr/bin/python3 /usr/bin/s        0    12048    12297    14564 
28207 codespace ./cli kernel images/4096x40        0   393336   393393   394608 
%CPU %MEM ARGS Fri Sep 25 20:59:29 UTC 2026
 0.0  0.0 grep --color=auto ./cli       1  2296
63.9  4.8 ./cli kernel images/4096x40   0 394608
  PID User     Command                         Swap      USS      PSS      RSS 
32155 codespace /usr/bin/python3 /usr/bin/s        0    12032    12217    14456 
28207 codespace ./cli kernel images/4096x40        0   393336   393391   394608 
%CPU %MEM ARGS Fri Sep 25 20:59:29 UTC 2026
 0.0  0.0 grep --color=auto ./cli       1  2192
63.9  4.8 ./cli kernel images/4096x40   1 394608
  PID User     Command                         Swap      USS      PSS      RSS 
32166 codespace /usr/bin/python3 /usr/bin/s        0    12036    12254    14424 
28207 codespace ./cli kernel images/4096x40        0   393336   393393   394608 
%CPU %MEM ARGS Fri Sep 25 20:59:30 UTC 2026
 0.0  0.0 grep --color=auto ./cli       1  2296
63.9  4.8 ./cli kernel images/4096x40   0 394608
  PID User     Command                         Swap      USS      PSS      RSS 
32172 codespace /usr/bin/python3 /usr/bin/s        0    12036    12264    14504 
28207 codespace ./cli kernel images/4096x40        0   393336   393393   394608 
%CPU %MEM ARGS Fri Sep 25 20:59:30 UTC 2026
 0.0  0.0 grep --color=auto ./cli       0  2172
63.9  4.8 ./cli kernel images/4096x40   1 394608
  PID User     Command                         Swap      USS      PSS      RSS 
32177 codespace /usr/bin/python3 /usr/bin/s        0    12036    12275    14544 
28207 codespace ./cli kernel images/4096x40        0   393336   393393   394608 
%CPU %MEM ARGS Fri Sep 25 20:59:30 UTC 2026
 0.0  0.0 grep --color=auto ./cli       0  2192
63.9  4.8 ./cli kernel images/4096x40   0 394608
  PID User     Command                         Swap      USS      PSS      RSS 
32188 codespace /usr/bin/python3 /usr/bin/s        0    12044    12271    14452 
28207 codespace ./cli kernel images/4096x40        0   393336   393393   394608 
%CPU %MEM ARGS Fri Sep 25 20:59:31 UTC 2026
 0.0  0.0 grep --color=auto ./cli       1  2212
63.9  4.8 ./cli kernel images/4096x40   1 394608
  PID User     Command                         Swap      USS      PSS      RSS 
32194 codespace /usr/bin/python3 /usr/bin/s        0    12032    12263    14488 
28207 codespace ./cli kernel images/4096x40        0   393336   393393   394608 
%CPU %MEM ARGS Fri Sep 25 20:59:31 UTC 2026
 0.0  0.0 grep --color=auto ./cli       1  2292
63.9  4.8 ./cli kernel images/4096x40   1 394608
  PID User     Command                         Swap      USS      PSS      RSS 
32199 codespace /usr/bin/python3 /usr/bin/s        0    12040    12267    14448 
28207 codespace ./cli kernel images/4096x40        0   393336   393393   394608 
%CPU %MEM ARGS Fri Sep 25 20:59:32 UTC 2026
 0.0  0.0 grep --color=auto ./cli       1  2300
63.9  4.8 ./cli kernel images/4096x40   1 394608
  PID User     Command                         Swap      USS      PSS      RSS 
32205 codespace /usr/bin/python3 /usr/bin/s        0    12036    12261    14456 
28207 codespace ./cli kernel images/4096x40        0   393336   393393   394608 
%CPU %MEM ARGS Fri Sep 25 20:59:32 UTC 2026
 0.0  0.0 grep --color=auto ./cli       0  2252
63.8  4.8 ./cli kernel images/4096x40   1 394608
  PID User     Command                         Swap      USS      PSS      RSS 
32210 codespace /usr/bin/python3 /usr/bin/s        0    12036    12262    14452 
28207 codespace ./cli kernel images/4096x40        0   393336   393393   394608 
%CPU %MEM ARGS Fri Sep 25 20:59:32 UTC 2026
 0.0  0.0 grep --color=auto ./cli       1  2176
63.8  4.8 ./cli kernel images/4096x40   0 394608
  PID User     Command                         Swap      USS      PSS      RSS 
32215 codespace /usr/bin/python3 /usr/bin/s        0    12032    12214    14480 
28207 codespace ./cli kernel images/4096x40        0   393336   393386   394608 
%CPU %MEM ARGS Fri Sep 25 20:59:33 UTC 2026
 0.0  0.0 grep --color=auto ./cli       1  2300
63.8  4.8 ./cli kernel images/4096x40   0 394608
  PID User     Command                         Swap      USS      PSS      RSS 
32227 codespace /usr/bin/python3 /usr/bin/s        0    12048    12274    14456 
28207 codespace ./cli kernel images/4096x40        0   393336   393393   394608 
%CPU %MEM ARGS Fri Sep 25 20:59:33 UTC 2026
 0.0  0.0 grep --color=auto ./cli       1  2156
63.8  4.8 ./cli kernel images/4096x40   0 394608
  PID User     Command                         Swap      USS      PSS      RSS 
32232 codespace /usr/bin/python3 /usr/bin/s        0    12032    12262    14488 
28207 codespace ./cli kernel images/4096x40        0   393336   393393   394608 
%CPU %MEM ARGS Fri Sep 25 20:59:34 UTC 2026
 0.0  0.0 grep --color=auto ./cli       1  2212
63.8  4.8 ./cli kernel images/4096x40   0 394608
  PID User     Command                         Swap      USS      PSS      RSS 
32238 codespace /usr/bin/python3 /usr/bin/s        0    12052    12300    14568 
28207 codespace ./cli kernel images/4096x40        0   393336   393393   394608 
%CPU %MEM ARGS Fri Sep 25 20:59:34 UTC 2026
 0.0  0.0 grep --color=auto ./cli       0  2132
63.8  4.8 ./cli kernel images/4096x40   1 394608
  PID User     Command                         Swap      USS      PSS      RSS 
32243 codespace /usr/bin/python3 /usr/bin/s        0    12036    12264    14520 
28207 codespace ./cli kernel images/4096x40        0   393336   393393   394608 
%CPU %MEM ARGS Fri Sep 25 20:59:34 UTC 2026
 0.0  0.0 grep --color=auto ./cli       1  2200
63.8  4.8 ./cli kernel images/4096x40   0 394608
  PID User     Command                         Swap      USS      PSS      RSS 
32248 codespace /usr/bin/python3 /usr/bin/s        0    12048    12289    14572 
28207 codespace ./cli kernel images/4096x40        0   393336   393393   394608 
%CPU %MEM ARGS Fri Sep 25 20:59:35 UTC 2026
 0.0  0.0 grep --color=auto ./cli       0  2204
63.7  4.8 ./cli kernel images/4096x40   1 394608
  PID User     Command                         Swap      USS      PSS      RSS 
32260 codespace /usr/bin/python3 /usr/bin/s        0    12032    12236    14492 
28207 codespace ./cli kernel images/4096x40        0   393336   393390   394608 
%CPU %MEM ARGS Fri Sep 25 20:59:35 UTC 2026
 0.0  0.0 grep --color=auto ./cli       0  2172
63.7  4.8 ./cli kernel images/4096x40   0 394608
  PID User     Command                         Swap      USS      PSS      RSS 
32271 codespace /usr/bin/python3 /usr/bin/s        0    12036    12280    14544 
28207 codespace ./cli kernel images/4096x40        0   393336   393393   394608 
%CPU %MEM ARGS Fri Sep 25 20:59:36 UTC 2026
 0.0  0.0 grep --color=auto ./cli       1  2192
63.7  4.8 ./cli kernel images/4096x40   0 394608
  PID User     Command                         Swap      USS      PSS      RSS 
32276 codespace /usr/bin/python3 /usr/bin/s        0    12044    12286    14568 
28207 codespace ./cli kernel images/4096x40        0   393336   393393   394608 
%CPU %MEM ARGS Fri Sep 25 20:59:36 UTC 2026
 0.0  0.0 grep --color=auto ./cli       1  2180
63.6  4.8 ./cli kernel images/4096x40   1 394608
  PID User     Command                         Swap      USS      PSS      RSS 
32293 codespace /usr/bin/python3 /usr/bin/s        0    12036    12263    14484 
28207 codespace ./cli kernel images/4096x40        0   393336   393393   394608 
%CPU %MEM ARGS Fri Sep 25 20:59:36 UTC 2026
 0.0  0.0 grep --color=auto ./cli       1  2200
63.6  4.8 ./cli kernel images/4096x40   1 394608
  PID User     Command                         Swap      USS      PSS      RSS 
32304 codespace /usr/bin/python3 /usr/bin/s        0    12040    12264    14456 
28207 codespace ./cli kernel images/4096x40        0   393336   393393   394608 
%CPU %MEM ARGS Fri Sep 25 20:59:37 UTC 2026
 0.0  0.0 grep --color=auto ./cli       1  2240
63.6  4.8 ./cli kernel images/4096x40   1 394608
  PID User     Command                         Swap      USS      PSS      RSS 
32310 codespace /usr/bin/python3 /usr/bin/s        0    12044    12286    14568 
28207 codespace ./cli kernel images/4096x40        0   393336   393393   394608 
%CPU %MEM ARGS Fri Sep 25 20:59:37 UTC 2026
 0.0  0.0 grep --color=auto ./cli       1  2152
63.6  4.8 ./cli kernel images/4096x40   0 394608
  PID User     Command                         Swap      USS      PSS      RSS 
32321 codespace /usr/bin/python3 /usr/bin/s        0    12036    12265    14512 
28207 codespace ./cli kernel images/4096x40        0   393336   393393   394608 
%CPU %MEM ARGS Fri Sep 25 20:59:38 UTC 2026
 0.0  0.0 grep --color=auto ./cli       1  2200
63.6  4.8 ./cli kernel images/4096x40   1 394608
  PID User     Command                         Swap      USS      PSS      RSS 
32327 codespace /usr/bin/python3 /usr/bin/s        0    12036    12269    14512 
28207 codespace ./cli kernel images/4096x40        0   393336   393393   394608 
%CPU %MEM ARGS Fri Sep 25 20:59:38 UTC 2026
 0.0  0.0 grep --color=auto ./cli       1  2340
63.6  4.8 ./cli kernel images/4096x40   0 394608
  PID User     Command                         Swap      USS      PSS      RSS 
32332 codespace /usr/bin/python3 /usr/bin/s        0    12044    12289    14568 
28207 codespace ./cli kernel images/4096x40        0   393336   393393   394608 
%CPU %MEM ARGS Fri Sep 25 20:59:38 UTC 2026
 0.0  0.0 grep --color=auto ./cli       0  2176
63.6  4.8 ./cli kernel images/4096x40   0 394608
  PID User     Command                         Swap      USS      PSS      RSS 
32337 codespace /usr/bin/python3 /usr/bin/s        0    12036    12280    14544 
28207 codespace ./cli kernel images/4096x40        0   393336   393393   394608 
%CPU %MEM ARGS Fri Sep 25 20:59:39 UTC 2026
 0.0  0.0 grep --color=auto ./cli       1  2176
63.6  4.8 ./cli kernel images/4096x40   0 394608
  PID User     Command                         Swap      USS      PSS      RSS 
32343 codespace /usr/bin/python3 /usr/bin/s        0    12036    12263    14452 
28207 codespace ./cli kernel images/4096x40        0   393336   393393   394608 
%CPU %MEM ARGS Fri Sep 25 20:59:39 UTC 2026
 0.0  0.0 grep --color=auto ./cli       1  2160
63.5  4.8 ./cli kernel images/4096x40   0 394608
  PID User     Command                         Swap      USS      PSS      RSS 
32352 codespace /usr/bin/python3 /usr/bin/s        0    12036    12268    14504 
28207 codespace ./cli kernel images/4096x40        0   393336   393393   394608 
%CPU %MEM ARGS Fri Sep 25 20:59:40 UTC 2026
 0.0  0.0 grep --color=auto ./cli       1  2164
63.5  4.8 ./cli kernel images/4096x40   0 394608
  PID User     Command                         Swap      USS      PSS      RSS 
32360 codespace /usr/bin/python3 /usr/bin/s        0    12036    12264    14488 
28207 codespace ./cli kernel images/4096x40        0   393336   393393   394608 
%CPU %MEM ARGS Fri Sep 25 20:59:40 UTC 2026
 0.0  0.0 grep --color=auto ./cli       0  2308
63.5  4.8 ./cli kernel images/4096x40   1 394608
  PID User     Command                         Swap      USS      PSS      RSS 
32365 codespace /usr/bin/python3 /usr/bin/s        0    12048    12299    14564 
28207 codespace ./cli kernel images/4096x40        0   393336   393393   394608 
%CPU %MEM ARGS Fri Sep 25 20:59:41 UTC 2026
 0.0  0.0 grep --color=auto ./cli       1  2248
63.5  4.8 ./cli kernel images/4096x40   1 394608
  PID User     Command                         Swap      USS      PSS      RSS 
32376 codespace /usr/bin/python3 /usr/bin/s        0    12036    12264    14488 
28207 codespace ./cli kernel images/4096x40        0   393336   393393   394608 
%CPU %MEM ARGS Fri Sep 25 20:59:41 UTC 2026
 0.0  0.0 grep --color=auto ./cli       1  2172
63.5  4.8 ./cli kernel images/4096x40   0 394608
  PID User     Command                         Swap      USS      PSS      RSS 
32382 codespace /usr/bin/python3 /usr/bin/s        0    12032    12257    14452 
28207 codespace ./cli kernel images/4096x40        0   393336   393393   394608 
%CPU %MEM ARGS Fri Sep 25 20:59:41 UTC 2026
 0.0  0.0 grep --color=auto ./cli       1  2300
63.5  4.8 ./cli kernel images/4096x40   0 394608
  PID User     Command                         Swap      USS      PSS      RSS 
32387 codespace /usr/bin/python3 /usr/bin/s        0    12040    12284    14564 
28207 codespace ./cli kernel images/4096x40        0   393336   393393   394608 
%CPU %MEM ARGS Fri Sep 25 20:59:42 UTC 2026
 0.0  0.0 grep --color=auto ./cli       1  2132
63.5  4.8 ./cli kernel images/4096x40   0 394608
  PID User     Command                         Swap      USS      PSS      RSS 
32399 codespace /usr/bin/python3 /usr/bin/s        0    12036    12264    14488 
28207 codespace ./cli kernel images/4096x40        0   393336   393393   394608 
%CPU %MEM ARGS Fri Sep 25 20:59:42 UTC 2026
 0.0  0.0 grep --color=auto ./cli       0  2160
63.5  4.8 ./cli kernel images/4096x40   1 394608
  PID User     Command                         Swap      USS      PSS      RSS 
32404 codespace /usr/bin/python3 /usr/bin/s        0    12036    12266    14484 
28207 codespace ./cli kernel images/4096x40        0   393336   393393   394608 
%CPU %MEM ARGS Fri Sep 25 20:59:42 UTC 2026
 0.0  0.0 grep --color=auto ./cli       1  2192
63.5  4.8 ./cli kernel images/4096x40   1 394608
  PID User     Command                         Swap      USS      PSS      RSS 
32409 codespace /usr/bin/python3 /usr/bin/s        0    12048    12292    14572 
28207 codespace ./cli kernel images/4096x40        0   393336   393393   394608 
%CPU %MEM ARGS Fri Sep 25 20:59:43 UTC 2026
 0.0  0.0 grep --color=auto ./cli       0  2180
63.4  4.8 ./cli kernel images/4096x40   0 394608
  PID User     Command                         Swap      USS      PSS      RSS 
32415 codespace /usr/bin/python3 /usr/bin/s        0    12036    12261    14448 
28207 codespace ./cli kernel images/4096x40        0   393336   393393   394608 
%CPU %MEM ARGS Fri Sep 25 20:59:43 UTC 2026
 0.0  0.0 grep --color=auto ./cli       0  2260
63.4  4.8 ./cli kernel images/4096x40   1 394608
  PID User     Command                         Swap      USS      PSS      RSS 
32420 codespace /usr/bin/python3 /usr/bin/s        0    12040    12284    14548 
28207 codespace ./cli kernel images/4096x40        0   393336   393393   394608 
%CPU %MEM ARGS Fri Sep 25 20:59:44 UTC 2026
 0.0  0.0 grep --color=auto ./cli       1  2180
63.4  4.8 ./cli kernel images/4096x40   1 394608
  PID User     Command                         Swap      USS      PSS      RSS 
32432 codespace /usr/bin/python3 /usr/bin/s        0    12044    12287    14568 
28207 codespace ./cli kernel images/4096x40        0   393336   393393   394608 
%CPU %MEM ARGS Fri Sep 25 20:59:44 UTC 2026
 0.0  0.0 grep --color=auto ./cli       1  2148
63.4  4.8 ./cli kernel images/4096x40   1 394608
  PID User     Command                         Swap      USS      PSS      RSS 
32437 codespace /usr/bin/python3 /usr/bin/s        0    12044    12287    14568 
28207 codespace ./cli kernel images/4096x40        0   393336   393393   394608 
%CPU %MEM ARGS Fri Sep 25 20:59:45 UTC 2026
 0.0  0.0 grep --color=auto ./cli       0  2192
63.4  4.8 ./cli kernel images/4096x40   1 394608
  PID User     Command                         Swap      USS      PSS      RSS 
32442 codespace /usr/bin/python3 /usr/bin/s        0    12036    12264    14512 
28207 codespace ./cli kernel images/4096x40        0   393336   393393   394608 
%CPU %MEM ARGS Fri Sep 25 20:59:45 UTC 2026
 0.0  0.0 grep --color=auto ./cli       0  2156
63.4  4.8 ./cli kernel images/4096x40   0 394608
  PID User     Command                         Swap      USS      PSS      RSS 
32448 codespace /usr/bin/python3 /usr/bin/s        0    12040    12284    14596 
28207 codespace ./cli kernel images/4096x40        0   393336   393393   394608 
%CPU %MEM ARGS Fri Sep 25 20:59:45 UTC 2026
 0.0  0.0 grep --color=auto ./cli       0  2200
63.4  4.8 ./cli kernel images/4096x40   1 394608
  PID User     Command                         Swap      USS      PSS      RSS 
32453 codespace /usr/bin/python3 /usr/bin/s        0    12040    12284    14596 
28207 codespace ./cli kernel images/4096x40        0   393336   393393   394608 
%CPU %MEM ARGS Fri Sep 25 20:59:46 UTC 2026
 0.0  0.0 grep --color=auto ./cli       0  2296
63.4  4.8 ./cli kernel images/4096x40   1 394608
  PID User     Command                         Swap      USS      PSS      RSS 
32459 codespace /usr/bin/python3 /usr/bin/s        0    12036    12267    14488 
28207 codespace ./cli kernel images/4096x40        0   393336   393393   394608 
%CPU %MEM ARGS Fri Sep 25 20:59:46 UTC 2026
 0.0  0.0 grep --color=auto ./cli       1  2308
63.4  4.8 ./cli kernel images/4096x40   0 394608
  PID User     Command                         Swap      USS      PSS      RSS 
32476 codespace /usr/bin/python3 /usr/bin/s        0    12040    12265    14456 
28207 codespace ./cli kernel images/4096x40        0   393336   393393   394608 
%CPU %MEM ARGS Fri Sep 25 20:59:47 UTC 2026
 0.0  0.0 grep --color=auto ./cli       0  2248
63.3  4.8 ./cli kernel images/4096x40   0 394608
  PID User     Command                         Swap      USS      PSS      RSS 
32499 codespace /usr/bin/python3 /usr/bin/s        0    12036    12265    14520 
28207 codespace ./cli kernel images/4096x40        0   393336   393393   394608 
%CPU %MEM ARGS Fri Sep 25 20:59:47 UTC 2026
 0.0  0.0 grep --color=auto ./cli       0  2176
63.3  4.8 ./cli kernel images/4096x40   1 394608
  PID User     Command                         Swap      USS      PSS      RSS 
32505 codespace /usr/bin/python3 /usr/bin/s        0    12036    12255    14484 
28207 codespace ./cli kernel images/4096x40        0   393336   393393   394608 
%CPU %MEM ARGS Fri Sep 25 20:59:47 UTC 2026
 0.0  0.0 grep --color=auto ./cli       0  2212
63.3  4.8 ./cli kernel images/4096x40   1 394608
  PID User     Command                         Swap      USS      PSS      RSS 
32510 codespace /usr/bin/python3 /usr/bin/s        0    12036    12260    14452 
28207 codespace ./cli kernel images/4096x40        0   393336   393393   394608 
%CPU %MEM ARGS Fri Sep 25 20:59:48 UTC 2026
 0.0  0.0 grep --color=auto ./cli       0  2252
63.3  4.8 ./cli kernel images/4096x40   1 394608
  PID User     Command                         Swap      USS      PSS      RSS 
32516 codespace /usr/bin/python3 /usr/bin/s        0    12032    12263    14508 
28207 codespace ./cli kernel images/4096x40        0   393336   393393   394608 
%CPU %MEM ARGS Fri Sep 25 20:59:48 UTC 2026
 0.0  0.0 grep --color=auto ./cli       0  2164
63.3  4.8 ./cli kernel images/4096x40   0 394608
  PID User     Command                         Swap      USS      PSS      RSS 
32521 codespace /usr/bin/python3 /usr/bin/s        0    12036    12264    14492 
28207 codespace ./cli kernel images/4096x40        0   393336   393393   394608 
%CPU %MEM ARGS Fri Sep 25 20:59:49 UTC 2026
 0.0  0.0 grep --color=auto ./cli       1  2340
63.3  4.8 ./cli kernel images/4096x40   1 394608
  PID User     Command                         Swap      USS      PSS      RSS 
32532 codespace /usr/bin/python3 /usr/bin/s        0    12044    12286    14568 
28207 codespace ./cli kernel images/4096x40        0   393336   393393   394608 
%CPU %MEM ARGS Fri Sep 25 20:59:49 UTC 2026
 0.0  0.0 grep --color=auto ./cli       1  2152
63.3  4.8 ./cli kernel images/4096x40   0 394608
  PID User     Command                         Swap      USS      PSS      RSS 
32538 codespace /usr/bin/python3 /usr/bin/s        0    12048    12290    14572 
28207 codespace ./cli kernel images/4096x40        0   393336   393393   394608 
%CPU %MEM ARGS Fri Sep 25 20:59:49 UTC 2026
 0.0  0.0 grep --color=auto ./cli       0  2248
63.3  4.8 ./cli kernel images/4096x40   0 394608
  PID User     Command                         Swap      USS      PSS      RSS 
32543 codespace /usr/bin/python3 /usr/bin/s        0    12040    12266    14452 
28207 codespace ./cli kernel images/4096x40        0   393336   393393   394608 
%CPU %MEM ARGS Fri Sep 25 20:59:50 UTC 2026
 0.0  0.0 grep --color=auto ./cli       0  2248
63.3  4.8 ./cli kernel images/4096x40   0 394608
  PID User     Command                         Swap      USS      PSS      RSS 
32548 codespace /usr/bin/python3 /usr/bin/s        0    12036    12271    14488 
28207 codespace ./cli kernel images/4096x40        0   393336   393393   394608 
%CPU %MEM ARGS Fri Sep 25 20:59:50 UTC 2026
 0.0  0.0 grep --color=auto ./cli       1  2288
63.3  4.8 ./cli kernel images/4096x40   0 394608
  PID User     Command                         Swap      USS      PSS      RSS 
32554 codespace /usr/bin/python3 /usr/bin/s        0    12032    12266    14500 
28207 codespace ./cli kernel images/4096x40        0   393336   393393   394608 
%CPU %MEM ARGS Fri Sep 25 20:59:50 UTC 2026
 0.0  0.0 grep --color=auto ./cli       0  2168
63.2  4.8 ./cli kernel images/4096x40   0 394608
  PID User     Command                         Swap      USS      PSS      RSS 
32563 codespace /usr/bin/python3 /usr/bin/s        0    12036    12281    14544 
28207 codespace ./cli kernel images/4096x40        0   393336   393393   394608 
%CPU %MEM ARGS Fri Sep 25 20:59:51 UTC 2026
 0.0  0.0 grep --color=auto ./cli       0  2176
63.2  4.8 ./cli kernel images/4096x40   0 394608
  PID User     Command                         Swap      USS      PSS      RSS 
32571 codespace /usr/bin/python3 /usr/bin/s        0    12036    12264    14492 
28207 codespace ./cli kernel images/4096x40        0   393336   393393   394608 
%CPU %MEM ARGS Fri Sep 25 20:59:51 UTC 2026
 0.0  0.0 grep --color=auto ./cli       1  2340
63.2  4.8 ./cli kernel images/4096x40   1 394608
  PID User     Command                         Swap      USS      PSS      RSS 
32576 codespace /usr/bin/python3 /usr/bin/s        0    12036    12263    14448 
28207 codespace ./cli kernel images/4096x40        0   393336   393393   394608 
%CPU %MEM ARGS Fri Sep 25 20:59:52 UTC 2026
 0.0  0.0 grep --color=auto ./cli       0  2192
63.2  4.8 ./cli kernel images/4096x40   1 394608
  PID User     Command                         Swap      USS      PSS      RSS 
32581 codespace /usr/bin/python3 /usr/bin/s        0    12032    12249    14596 
28207 codespace ./cli kernel images/4096x40        0   393336   393391   394608 
%CPU %MEM ARGS Fri Sep 25 20:59:52 UTC 2026
 0.0  0.0 grep --color=auto ./cli       0  2176
63.2  4.8 ./cli kernel images/4096x40   0 394608
  PID User     Command                         Swap      USS      PSS      RSS 
32593 codespace /usr/bin/python3 /usr/bin/s        0    12036    12261    14456 
28207 codespace ./cli kernel images/4096x40        0   393336   393393   394608 
%CPU %MEM ARGS Fri Sep 25 20:59:53 UTC 2026
 0.0  0.0 grep --color=auto ./cli       1  2208
63.2  4.8 ./cli kernel images/4096x40   0 394608
  PID User     Command                         Swap      USS      PSS      RSS 
32598 codespace /usr/bin/python3 /usr/bin/s        0    12040    12265    14452 
28207 codespace ./cli kernel images/4096x40        0   393336   393393   394608 
%CPU %MEM ARGS Fri Sep 25 20:59:53 UTC 2026
 0.0  0.0 grep --color=auto ./cli       1  2192
63.2  4.8 ./cli kernel images/4096x40   0 394608
  PID User     Command                         Swap      USS      PSS      RSS 
32610 codespace /usr/bin/python3 /usr/bin/s        0    12040    12265    14452 
28207 codespace ./cli kernel images/4096x40        0   393336   393393   394608 
%CPU %MEM ARGS Fri Sep 25 20:59:53 UTC 2026
 0.0  0.0 grep --color=auto ./cli       0  2288
63.2  4.8 ./cli kernel images/4096x40   1 394608
  PID User     Command                         Swap      USS      PSS      RSS 
32615 codespace /usr/bin/python3 /usr/bin/s        0    12036    12267    14512 
28207 codespace ./cli kernel images/4096x40        0   393336   393393   394608 
%CPU %MEM ARGS Fri Sep 25 20:59:54 UTC 2026
 0.0  0.0 grep --color=auto ./cli       1  2204
63.1  4.8 ./cli kernel images/4096x40   1 394608
  PID User     Command                         Swap      USS      PSS      RSS 
32621 codespace /usr/bin/python3 /usr/bin/s        0    12032    12263    14484 
28207 codespace ./cli kernel images/4096x40        0   393336   393393   394608 
%CPU %MEM ARGS Fri Sep 25 20:59:54 UTC 2026
 0.0  0.0 grep --color=auto ./cli       0  2344
63.2  4.8 ./cli kernel images/4096x40   0 394608
  PID User     Command                         Swap      USS      PSS      RSS 
32626 codespace /usr/bin/python3 /usr/bin/s        0    12036    12265    14512 
28207 codespace ./cli kernel images/4096x40        0   393336   393393   394608 
%CPU %MEM ARGS Fri Sep 25 20:59:55 UTC 2026
 0.0  0.0 grep --color=auto ./cli       0  2304
63.2  4.8 ./cli kernel images/4096x40   0 394608
  PID User     Command                         Swap      USS      PSS      RSS 
32631 codespace /usr/bin/python3 /usr/bin/s        0    12044    12260    14432 
28207 codespace ./cli kernel images/4096x40        0   393336   393393   394608 
%CPU %MEM ARGS Fri Sep 25 20:59:55 UTC 2026
 0.0  0.0 grep --color=auto ./cli       0  2172
63.1  4.8 ./cli kernel images/4096x40   1 394608
  PID User     Command                         Swap      USS      PSS      RSS 
32643 codespace /usr/bin/python3 /usr/bin/s        0    12036    12261    14456 
28207 codespace ./cli kernel images/4096x40        0   393336   393393   394608 
%CPU %MEM ARGS Fri Sep 25 20:59:55 UTC 2026
 0.0  0.0 grep --color=auto ./cli       0  2300
63.1  4.8 ./cli kernel images/4096x40   1 394608
  PID User     Command                         Swap      USS      PSS      RSS 
32648 codespace /usr/bin/python3 /usr/bin/s        0    12040    12286    14596 
28207 codespace ./cli kernel images/4096x40        0   393336   393393   394608 
%CPU %MEM ARGS Fri Sep 25 20:59:56 UTC 2026
 0.0  0.0 grep --color=auto ./cli       0  2180
63.1  4.8 ./cli kernel images/4096x40   0 394608
  PID User     Command                         Swap      USS      PSS      RSS 
32654 codespace /usr/bin/python3 /usr/bin/s        0    12048    12295    14604 
28207 codespace ./cli kernel images/4096x40        0   393336   393393   394608 
%CPU %MEM ARGS Fri Sep 25 20:59:56 UTC 2026
 0.0  0.0 grep --color=auto ./cli       1  2180
63.1  4.8 ./cli kernel images/4096x40   0 394608
  PID User     Command                         Swap      USS      PSS      RSS 
32659 codespace /usr/bin/python3 /usr/bin/s        0    12036    12268    14512 
28207 codespace ./cli kernel images/4096x40        0   393336   393393   394608 
%CPU %MEM ARGS Fri Sep 25 20:59:57 UTC 2026
 0.0  0.0 grep --color=auto ./cli       0  2200
63.1  4.8 ./cli kernel images/4096x40   1 394608
  PID User     Command                         Swap      USS      PSS      RSS 
32664 codespace /usr/bin/python3 /usr/bin/s        0    12036    12263    14452 
28207 codespace ./cli kernel images/4096x40        0   393336   393393   394608 
%CPU %MEM ARGS Fri Sep 25 20:59:57 UTC 2026
 0.0  0.0 grep --color=auto ./cli       1  2168
63.1  4.8 ./cli kernel images/4096x40   1 394608
  PID User     Command                         Swap      USS      PSS      RSS 
32688 codespace /usr/bin/python3 /usr/bin/s        0    12032    12220    14456 
28207 codespace ./cli kernel images/4096x40        0   393336   393387   394608 
%CPU %MEM ARGS Fri Sep 25 20:59:58 UTC 2026
 0.0  0.0 grep --color=auto ./cli       1  2300
63.0  4.8 ./cli kernel images/4096x40   0 394608
  PID User     Command                         Swap      USS      PSS      RSS 
32704 codespace /usr/bin/python3 /usr/bin/s        0    12052    12278    14460 
28207 codespace ./cli kernel images/4096x40        0   393336   393393   394608 
%CPU %MEM ARGS Fri Sep 25 20:59:58 UTC 2026
 0.0  0.0 grep --color=auto ./cli       1  2176
63.0  4.8 ./cli kernel images/4096x40   1 394608
  PID User     Command                         Swap      USS      PSS      RSS 
32710 codespace /usr/bin/python3 /usr/bin/s        0    12036    12266    14504 
28207 codespace ./cli kernel images/4096x40        0   393336   393393   394608 
%CPU %MEM ARGS Fri Sep 25 20:59:58 UTC 2026
 0.0  0.0 grep --color=auto ./cli       0  2172
63.0  4.8 ./cli kernel images/4096x40   1 394608
  PID User     Command                         Swap      USS      PSS      RSS 
32715 codespace /usr/bin/python3 /usr/bin/s        0    12036    12278    14544 
28207 codespace ./cli kernel images/4096x40        0   393336   393393   394608 
%CPU %MEM ARGS Fri Sep 25 20:59:59 UTC 2026
 0.0  0.0 grep --color=auto ./cli       0  2252
63.0  4.8 ./cli kernel images/4096x40   0 394608
  PID User     Command                         Swap      USS      PSS      RSS 
32720 codespace /usr/bin/python3 /usr/bin/s        0    12036    12280    14596 
28207 codespace ./cli kernel images/4096x40        0   393336   393393   394608 
%CPU %MEM ARGS Fri Sep 25 20:59:59 UTC 2026
 0.0  0.0 grep --color=auto ./cli       0  2180
63.0  4.8 ./cli kernel images/4096x40   1 394608
  PID User     Command                         Swap      USS      PSS      RSS 
32726 codespace /usr/bin/python3 /usr/bin/s        0    12040    12273    14496 
28207 codespace ./cli kernel images/4096x40        0   393336   393393   394608 
%CPU %MEM ARGS Fri Sep 25 21:00:00 UTC 2026
 0.0  0.0 grep --color=auto ./cli       1  2300
63.0  4.8 ./cli kernel images/4096x40   0 394608
  PID User     Command                         Swap      USS      PSS      RSS 
32737 codespace /usr/bin/python3 /usr/bin/s        0    12036    12265    14452 
28207 codespace ./cli kernel images/4096x40        0   393336   393393   394608 
%CPU %MEM ARGS Fri Sep 25 21:00:00 UTC 2026
 0.0  0.0 grep --color=auto ./cli       0  2252
63.0  4.8 ./cli kernel images/4096x40   0 394608
  PID User     Command                         Swap      USS      PSS      RSS 
32743 codespace /usr/bin/python3 /usr/bin/s        0    12044    12270    14452 
28207 codespace ./cli kernel images/4096x40        0   393336   393393   394608 
%CPU %MEM ARGS Fri Sep 25 21:00:00 UTC 2026
 0.0  0.0 grep --color=auto ./cli       0  2340
63.0  4.8 ./cli kernel images/4096x40   1 394608
  PID User     Command                         Swap      USS      PSS      RSS 
32748 codespace /usr/bin/python3 /usr/bin/s        0    12056    12281    14468 
28207 codespace ./cli kernel images/4096x40        0   393336   393393   394608 
%CPU %MEM ARGS Fri Sep 25 21:00:01 UTC 2026
 0.0  0.0 grep --color=auto ./cli       1  2304
63.0  4.8 ./cli kernel images/4096x40   1 394608
  PID User     Command                         Swap      USS      PSS      RSS 
32753 codespace /usr/bin/python3 /usr/bin/s        0    12036    12280    14596 
28207 codespace ./cli kernel images/4096x40        0   393336   393393   394608 
%CPU %MEM ARGS Fri Sep 25 21:00:01 UTC 2026
 0.0  0.0 grep --color=auto ./cli       1  2192
62.9  4.8 ./cli kernel images/4096x40   0 394608
  PID User     Command                         Swap      USS      PSS      RSS 
32759 codespace /usr/bin/python3 /usr/bin/s        0    11996    12240    14556 
28207 codespace ./cli kernel images/4096x40        0   393336   393393   394608 
%CPU %MEM ARGS Fri Sep 25 21:00:02 UTC 2026
 0.0  0.0 grep --color=auto ./cli       1  2160
62.9  4.8 ./cli kernel images/4096x40   1 394608
  PID User     Command                         Swap      USS      PSS      RSS 
32764 codespace /usr/bin/python3 /usr/bin/s        0    12036    12265    14504 
28207 codespace ./cli kernel images/4096x40        0   393336   393393   394608 
%CPU %MEM ARGS Fri Sep 25 21:00:02 UTC 2026
 0.0  0.0 grep --color=auto ./cli       1  2252
62.9  4.8 ./cli kernel images/4096x40   1 394608
  PID User     Command                         Swap      USS      PSS      RSS 
32776 codespace /usr/bin/python3 /usr/bin/s        0    12032    12261    14508 
28207 codespace ./cli kernel images/4096x40        0   393336   393393   394608 
%CPU %MEM ARGS Fri Sep 25 21:00:02 UTC 2026
 0.0  0.0 grep --color=auto ./cli       0  2292
62.9  4.8 ./cli kernel images/4096x40   1 394608
  PID User     Command                         Swap      USS      PSS      RSS 
32781 codespace /usr/bin/python3 /usr/bin/s        0    12036    12264    14516 
28207 codespace ./cli kernel images/4096x40        0   393336   393393   394608 
%CPU %MEM ARGS Fri Sep 25 21:00:03 UTC 2026
 0.0  0.0 grep --color=auto ./cli       1  2144
62.9  4.8 ./cli kernel images/4096x40   0 394608
  PID User     Command                         Swap      USS      PSS      RSS 
32787 codespace /usr/bin/python3 /usr/bin/s        0    12036    12265    14452 
28207 codespace ./cli kernel images/4096x40        0   393336   393393   394608 
%CPU %MEM ARGS Fri Sep 25 21:00:03 UTC 2026
 0.0  0.0 grep --color=auto ./cli       1  2180
62.9  4.8 ./cli kernel images/4096x40   1 394608
  PID User     Command                         Swap      USS      PSS      RSS 
32798 codespace /usr/bin/python3 /usr/bin/s        0    12036    12268    14520 
28207 codespace ./cli kernel images/4096x40        0   393336   393393   394608 
%CPU %MEM ARGS Fri Sep 25 21:00:04 UTC 2026
 0.0  0.0 grep --color=auto ./cli       1  2300
62.9  4.8 ./cli kernel images/4096x40   1 394608
  PID User     Command                         Swap      USS      PSS      RSS 
32803 codespace /usr/bin/python3 /usr/bin/s        0    12044    12271    14460 
28207 codespace ./cli kernel images/4096x40        0   393336   393393   394608 
%CPU %MEM ARGS Fri Sep 25 21:00:04 UTC 2026
 0.0  0.0 grep --color=auto ./cli       0  2176
62.8  4.8 ./cli kernel images/4096x40   0 394608
  PID User     Command                         Swap      USS      PSS      RSS 
32815 codespace /usr/bin/python3 /usr/bin/s        0    12040    12287    14596 
28207 codespace ./cli kernel images/4096x40        0   393336   393393   394608 
%CPU %MEM ARGS Fri Sep 25 21:00:05 UTC 2026
 0.0  0.0 grep --color=auto ./cli       0  2340
62.8  4.8 ./cli kernel images/4096x40   0 394608
  PID User     Command                         Swap      USS      PSS      RSS 
32820 codespace /usr/bin/python3 /usr/bin/s        0    12044    12288    14568 
28207 codespace ./cli kernel images/4096x40        0   393336   393393   394608 
%CPU %MEM ARGS Fri Sep 25 21:00:05 UTC 2026
 0.0  0.0 grep --color=auto ./cli       1  2160
62.8  4.8 ./cli kernel images/4096x40   1 394608
  PID User     Command                         Swap      USS      PSS      RSS 
32826 codespace /usr/bin/python3 /usr/bin/s        0    12036    12262    14512 
28207 codespace ./cli kernel images/4096x40        0   393336   393393   394608 
%CPU %MEM ARGS Fri Sep 25 21:00:05 UTC 2026
 0.0  0.0 grep --color=auto ./cli       0  2200
62.8  4.8 ./cli kernel images/4096x40   1 394608
  PID User     Command                         Swap      USS      PSS      RSS 
32831 codespace /usr/bin/python3 /usr/bin/s        0    12040    12269    14492 
28207 codespace ./cli kernel images/4096x40        0   393336   393393   394608 
